split,horizon,step,origin,date,territory_id,model,actual,prediction
validation,1,1,2024-03-01,2024-04-01,188,last,22226.0,21659.0
validation,1,1,2024-03-01,2024-04-01,235,last,24228.0,23685.0
validation,1,1,2024-03-01,2024-04-01,269,last,29328.0,30068.0
validation,1,1,2024-03-01,2024-04-01,305,last,20117.0,20522.0
validation,1,1,2024-03-01,2024-04-01,312,last,43646.0,44090.0
validation,1,1,2024-03-01,2024-04-01,322,last,40234.0,43962.0
validation,1,1,2024-03-01,2024-04-01,324,last,32085.0,32907.0
validation,1,1,2024-03-01,2024-04-01,397,last,25967.0,26481.0
validation,1,1,2024-03-01,2024-04-01,486,last,20096.0,20449.0
validation,1,1,2024-03-01,2024-04-01,506,last,31774.0,32493.0
validation,1,1,2024-03-01,2024-04-01,541,last,20694.0,20343.0
validation,1,1,2024-03-01,2024-04-01,571,last,20861.0,21089.0
validation,1,1,2024-03-01,2024-04-01,581,last,33225.0,34078.0
validation,1,1,2024-03-01,2024-04-01,694,last,29723.0,32213.0
validation,1,1,2024-03-01,2024-04-01,811,last,26418.0,27488.0
validation,1,1,2024-03-01,2024-04-01,1053,last,25638.0,25033.0
validation,1,1,2024-03-01,2024-04-01,1110,last,29895.0,31301.0
validation,1,1,2024-03-01,2024-04-01,1112,last,27051.0,27511.0
validation,1,1,2024-03-01,2024-04-01,1120,last,23367.0,25244.0
validation,1,1,2024-03-01,2024-04-01,1184,last,29511.0,29627.0
validation,1,1,2024-03-01,2024-04-01,1238,last,31838.0,32919.0
validation,1,1,2024-03-01,2024-04-01,1254,last,24684.0,25029.0
validation,1,1,2024-03-01,2024-04-01,1276,last,19550.0,19598.0
validation,1,1,2024-03-01,2024-04-01,1286,last,22405.0,21892.0
validation,1,1,2024-03-01,2024-04-01,1289,last,19838.0,20329.0
validation,1,1,2024-03-01,2024-04-01,1292,last,21121.0,22045.0
validation,1,1,2024-03-01,2024-04-01,1338,last,21885.0,23125.0
validation,1,1,2024-03-01,2024-04-01,1426,last,25037.0,25884.0
validation,1,1,2024-03-01,2024-04-01,1443,last,45445.0,46100.0
validation,1,1,2024-03-01,2024-04-01,1461,last,45793.0,46578.0
validation,1,1,2024-03-01,2024-04-01,1494,last,28334.0,29448.0
validation,1,1,2024-03-01,2024-04-01,1555,last,25312.0,26110.0
validation,1,1,2024-03-01,2024-04-01,1573,last,23522.0,23478.0
validation,1,1,2024-03-01,2024-04-01,1577,last,30660.0,31231.0
validation,1,1,2024-03-01,2024-04-01,1746,last,19401.0,19065.0
validation,1,1,2024-03-01,2024-04-01,1763,last,17598.0,19404.0
validation,1,1,2024-03-01,2024-04-01,1770,last,25709.0,27440.0
validation,1,1,2024-03-01,2024-04-01,1909,last,21938.0,21738.0
validation,1,1,2024-03-01,2024-04-01,1923,last,18177.0,17757.0
validation,1,1,2024-03-01,2024-04-01,1930,last,22478.0,22668.0
validation,1,1,2024-03-01,2024-04-01,1956,last,31386.0,31955.0
validation,1,1,2024-03-01,2024-04-01,1970,last,53669.0,53205.0
validation,1,1,2024-03-01,2024-04-01,2006,last,34605.0,35552.0
validation,1,1,2024-03-01,2024-04-01,2061,last,21990.0,22893.0
validation,1,1,2024-03-01,2024-04-01,2062,last,27753.0,28197.0
validation,1,1,2024-03-01,2024-04-01,2066,last,23884.0,23595.0
validation,1,1,2024-03-01,2024-04-01,2078,last,17606.0,17825.0
validation,1,1,2024-03-01,2024-04-01,2079,last,20555.0,22291.0
validation,1,1,2024-03-01,2024-04-01,2093,last,21147.0,22770.0
validation,1,1,2024-03-01,2024-04-01,2125,last,23133.0,22985.0
validation,1,1,2024-03-01,2024-04-01,2127,last,23895.0,22036.0
validation,1,1,2024-03-01,2024-04-01,2139,last,22789.0,23555.0
validation,1,1,2024-03-01,2024-04-01,2217,last,43686.0,44858.0
validation,1,1,2024-03-01,2024-04-01,2235,last,35755.0,36091.0
validation,1,1,2024-03-01,2024-04-01,2245,last,43638.0,43343.0
validation,1,1,2024-03-01,2024-04-01,2278,last,25459.0,26616.0
validation,1,1,2024-03-01,2024-04-01,2310,last,25754.0,26986.0
validation,1,1,2024-03-01,2024-04-01,2373,last,52013.0,53866.0
validation,1,1,2024-03-01,2024-04-01,2395,last,37720.0,38794.0
validation,1,1,2024-03-01,2024-04-01,2453,last,44097.0,45231.0
validation,1,1,2024-03-01,2024-04-01,2478,last,46123.0,46771.0
validation,1,1,2024-03-01,2024-04-01,2538,last,53264.0,54151.0
validation,1,1,2024-03-01,2024-04-01,2562,last,50320.0,51278.0
validation,1,1,2024-03-01,2024-04-01,2573,last,55599.0,56480.0
validation,1,1,2024-03-01,2024-04-01,188,seasonal,22226.0,17689.0
validation,1,1,2024-03-01,2024-04-01,235,seasonal,24228.0,21662.0
validation,1,1,2024-03-01,2024-04-01,269,seasonal,29328.0,24194.0
validation,1,1,2024-03-01,2024-04-01,305,seasonal,20117.0,16888.0
validation,1,1,2024-03-01,2024-04-01,312,seasonal,43646.0,35654.0
validation,1,1,2024-03-01,2024-04-01,322,seasonal,40234.0,33822.0
validation,1,1,2024-03-01,2024-04-01,324,seasonal,32085.0,25809.0
validation,1,1,2024-03-01,2024-04-01,397,seasonal,25967.0,20864.0
validation,1,1,2024-03-01,2024-04-01,486,seasonal,20096.0,17144.0
validation,1,1,2024-03-01,2024-04-01,506,seasonal,31774.0,25551.0
validation,1,1,2024-03-01,2024-04-01,541,seasonal,20694.0,16466.0
validation,1,1,2024-03-01,2024-04-01,571,seasonal,20861.0,18329.0
validation,1,1,2024-03-01,2024-04-01,581,seasonal,33225.0,28335.0
validation,1,1,2024-03-01,2024-04-01,694,seasonal,29723.0,24868.0
validation,1,1,2024-03-01,2024-04-01,811,seasonal,26418.0,20873.0
validation,1,1,2024-03-01,2024-04-01,1053,seasonal,25638.0,22175.0
validation,1,1,2024-03-01,2024-04-01,1110,seasonal,29895.0,25051.0
validation,1,1,2024-03-01,2024-04-01,1112,seasonal,27051.0,22233.0
validation,1,1,2024-03-01,2024-04-01,1120,seasonal,23367.0,20065.0
validation,1,1,2024-03-01,2024-04-01,1184,seasonal,29511.0,24750.0
validation,1,1,2024-03-01,2024-04-01,1238,seasonal,31838.0,26125.0
validation,1,1,2024-03-01,2024-04-01,1254,seasonal,24684.0,21105.0
validation,1,1,2024-03-01,2024-04-01,1276,seasonal,19550.0,18473.0
validation,1,1,2024-03-01,2024-04-01,1286,seasonal,22405.0,18902.0
validation,1,1,2024-03-01,2024-04-01,1289,seasonal,19838.0,18166.0
validation,1,1,2024-03-01,2024-04-01,1292,seasonal,21121.0,18641.0
validation,1,1,2024-03-01,2024-04-01,1338,seasonal,21885.0,19486.0
validation,1,1,2024-03-01,2024-04-01,1426,seasonal,25037.0,20909.0
validation,1,1,2024-03-01,2024-04-01,1443,seasonal,45445.0,38052.0
validation,1,1,2024-03-01,2024-04-01,1461,seasonal,45793.0,38527.0
validation,1,1,2024-03-01,2024-04-01,1494,seasonal,28334.0,25670.0
validation,1,1,2024-03-01,2024-04-01,1555,seasonal,25312.0,21583.0
validation,1,1,2024-03-01,2024-04-01,1573,seasonal,23522.0,20382.0
validation,1,1,2024-03-01,2024-04-01,1577,seasonal,30660.0,26277.0
validation,1,1,2024-03-01,2024-04-01,1746,seasonal,19401.0,16843.0
validation,1,1,2024-03-01,2024-04-01,1763,seasonal,17598.0,14768.0
validation,1,1,2024-03-01,2024-04-01,1770,seasonal,25709.0,22160.0
validation,1,1,2024-03-01,2024-04-01,1909,seasonal,21938.0,18199.0
validation,1,1,2024-03-01,2024-04-01,1923,seasonal,18177.0,17458.0
validation,1,1,2024-03-01,2024-04-01,1930,seasonal,22478.0,18931.0
validation,1,1,2024-03-01,2024-04-01,1956,seasonal,31386.0,33053.0
validation,1,1,2024-03-01,2024-04-01,1970,seasonal,53669.0,44933.0
validation,1,1,2024-03-01,2024-04-01,2006,seasonal,34605.0,27873.0
validation,1,1,2024-03-01,2024-04-01,2061,seasonal,21990.0,18850.0
validation,1,1,2024-03-01,2024-04-01,2062,seasonal,27753.0,23005.0
validation,1,1,2024-03-01,2024-04-01,2066,seasonal,23884.0,20082.0
validation,1,1,2024-03-01,2024-04-01,2078,seasonal,17606.0,15176.0
validation,1,1,2024-03-01,2024-04-01,2079,seasonal,20555.0,17419.0
validation,1,1,2024-03-01,2024-04-01,2093,seasonal,21147.0,17250.0
validation,1,1,2024-03-01,2024-04-01,2125,seasonal,23133.0,18218.0
validation,1,1,2024-03-01,2024-04-01,2127,seasonal,23895.0,19253.0
validation,1,1,2024-03-01,2024-04-01,2139,seasonal,22789.0,19161.0
validation,1,1,2024-03-01,2024-04-01,2217,seasonal,43686.0,36949.0
validation,1,1,2024-03-01,2024-04-01,2235,seasonal,35755.0,30911.0
validation,1,1,2024-03-01,2024-04-01,2245,seasonal,43638.0,37912.0
validation,1,1,2024-03-01,2024-04-01,2278,seasonal,25459.0,21960.0
validation,1,1,2024-03-01,2024-04-01,2310,seasonal,25754.0,22740.0
validation,1,1,2024-03-01,2024-04-01,2373,seasonal,52013.0,42899.0
validation,1,1,2024-03-01,2024-04-01,2395,seasonal,37720.0,32138.0
validation,1,1,2024-03-01,2024-04-01,2453,seasonal,44097.0,37545.0
validation,1,1,2024-03-01,2024-04-01,2478,seasonal,46123.0,40066.0
validation,1,1,2024-03-01,2024-04-01,2538,seasonal,53264.0,44246.0
validation,1,1,2024-03-01,2024-04-01,2562,seasonal,50320.0,41975.0
validation,1,1,2024-03-01,2024-04-01,2573,seasonal,55599.0,46086.0
validation,1,1,2024-03-01,2024-04-01,188,seasonal_scaled,22226.0,20508.861998822333
validation,1,1,2024-03-01,2024-04-01,235,seasonal_scaled,24228.0,19977.58348119233
validation,1,1,2024-03-01,2024-04-01,269,seasonal_scaled,29328.0,27980.50663487057
validation,1,1,2024-03-01,2024-04-01,305,seasonal_scaled,20117.0,18112.95468953944
validation,1,1,2024-03-01,2024-04-01,312,seasonal_scaled,43646.0,41395.49691002099
validation,1,1,2024-03-01,2024-04-01,322,seasonal_scaled,40234.0,37429.21433839799
validation,1,1,2024-03-01,2024-04-01,324,seasonal_scaled,32085.0,29095.02652519894
validation,1,1,2024-03-01,2024-04-01,397,seasonal_scaled,25967.0,24736.941302887844
validation,1,1,2024-03-01,2024-04-01,486,seasonal_scaled,20096.0,17360.55175497429
validation,1,1,2024-03-01,2024-04-01,506,seasonal_scaled,31774.0,29234.432303954363
validation,1,1,2024-03-01,2024-04-01,541,seasonal_scaled,20694.0,18240.34030735049
validation,1,1,2024-03-01,2024-04-01,571,seasonal_scaled,20861.0,18867.6497858266
validation,1,1,2024-03-01,2024-04-01,581,seasonal_scaled,33225.0,30558.900246851063
validation,1,1,2024-03-01,2024-04-01,694,seasonal_scaled,29723.0,26446.668420656995
validation,1,1,2024-03-01,2024-04-01,811,seasonal_scaled,26418.0,25501.445575358903
validation,1,1,2024-03-01,2024-04-01,1053,seasonal_scaled,25638.0,22092.92266974449
validation,1,1,2024-03-01,2024-04-01,1110,seasonal_scaled,29895.0,28924.119537552306
validation,1,1,2024-03-01,2024-04-01,1112,seasonal_scaled,27051.0,26035.40554191843
validation,1,1,2024-03-01,2024-04-01,1120,seasonal_scaled,23367.0,21307.20038781688
validation,1,1,2024-03-01,2024-04-01,1184,seasonal_scaled,29511.0,26745.39358600583
validation,1,1,2024-03-01,2024-04-01,1238,seasonal_scaled,31838.0,31196.69239364344
validation,1,1,2024-03-01,2024-04-01,1254,seasonal_scaled,24684.0,22664.147647517548
validation,1,1,2024-03-01,2024-04-01,1276,seasonal_scaled,19550.0,18504.535662843424
validation,1,1,2024-03-01,2024-04-01,1286,seasonal_scaled,22405.0,19933.64728551472
validation,1,1,2024-03-01,2024-04-01,1289,seasonal_scaled,19838.0,19173.283526296666
validation,1,1,2024-03-01,2024-04-01,1292,seasonal_scaled,21121.0,20256.36343471189
validation,1,1,2024-03-01,2024-04-01,1338,seasonal_scaled,21885.0,20921.609037328097
validation,1,1,2024-03-01,2024-04-01,1426,seasonal_scaled,25037.0,23447.21237327788
validation,1,1,2024-03-01,2024-04-01,1443,seasonal_scaled,45445.0,45254.42303227304
validation,1,1,2024-03-01,2024-04-01,1461,seasonal_scaled,45793.0,45985.97252902134
validation,1,1,2024-03-01,2024-04-01,1494,seasonal_scaled,28334.0,27161.767546934643
validation,1,1,2024-03-01,2024-04-01,1555,seasonal_scaled,25312.0,23730.85629507897
validation,1,1,2024-03-01,2024-04-01,1573,seasonal_scaled,23522.0,23052.73128432412
validation,1,1,2024-03-01,2024-04-01,1577,seasonal_scaled,30660.0,30062.569522099337
validation,1,1,2024-03-01,2024-04-01,1746,seasonal_scaled,19401.0,17518.373977086743
validation,1,1,2024-03-01,2024-04-01,1763,seasonal_scaled,17598.0,14194.585663446873
validation,1,1,2024-03-01,2024-04-01,1770,seasonal_scaled,25709.0,24609.99264164827
validation,1,1,2024-03-01,2024-04-01,1909,seasonal_scaled,21938.0,20083.75784343588
validation,1,1,2024-03-01,2024-04-01,1923,seasonal_scaled,18177.0,16668.072956857242
validation,1,1,2024-03-01,2024-04-01,1930,seasonal_scaled,22478.0,20144.012955921706
validation,1,1,2024-03-01,2024-04-01,1956,seasonal_scaled,31386.0,28957.055928718302
validation,1,1,2024-03-01,2024-04-01,1970,seasonal_scaled,53669.0,52398.37326785764
validation,1,1,2024-03-01,2024-04-01,2006,seasonal_scaled,34605.0,33592.35553747584
validation,1,1,2024-03-01,2024-04-01,2061,seasonal_scaled,21990.0,20007.168118237005
validation,1,1,2024-03-01,2024-04-01,2062,seasonal_scaled,27753.0,26151.07972603966
validation,1,1,2024-03-01,2024-04-01,2066,seasonal_scaled,23884.0,21512.99166187464
validation,1,1,2024-03-01,2024-04-01,2078,seasonal_scaled,17606.0,15443.720027403517
validation,1,1,2024-03-01,2024-04-01,2079,seasonal_scaled,20555.0,20524.73459139444
validation,1,1,2024-03-01,2024-04-01,2093,seasonal_scaled,21147.0,19821.73402649673
validation,1,1,2024-03-01,2024-04-01,2125,seasonal_scaled,23133.0,20343.41720235881
validation,1,1,2024-03-01,2024-04-01,2127,seasonal_scaled,23895.0,20619.800761860788
validation,1,1,2024-03-01,2024-04-01,2139,seasonal_scaled,22789.0,20837.53546600044
validation,1,1,2024-03-01,2024-04-01,2217,seasonal_scaled,43686.0,43986.06910472572
validation,1,1,2024-03-01,2024-04-01,2235,seasonal_scaled,35755.0,34379.75237835442
validation,1,1,2024-03-01,2024-04-01,2245,seasonal_scaled,43638.0,41447.8397167505
validation,1,1,2024-03-01,2024-04-01,2278,seasonal_scaled,25459.0,23564.23802612481
validation,1,1,2024-03-01,2024-04-01,2310,seasonal_scaled,25754.0,24659.214547404164
validation,1,1,2024-03-01,2024-04-01,2373,seasonal_scaled,52013.0,51381.40779240392
validation,1,1,2024-03-01,2024-04-01,2395,seasonal_scaled,37720.0,39024.71428571428
validation,1,1,2024-03-01,2024-04-01,2453,seasonal_scaled,44097.0,45025.92785555202
validation,1,1,2024-03-01,2024-04-01,2478,seasonal_scaled,46123.0,44443.82645480809
validation,1,1,2024-03-01,2024-04-01,2538,seasonal_scaled,53264.0,53062.44944485567
validation,1,1,2024-03-01,2024-04-01,2562,seasonal_scaled,50320.0,48977.42594809363
validation,1,1,2024-03-01,2024-04-01,2573,seasonal_scaled,55599.0,55971.12740565531
validation,1,1,2024-03-01,2024-04-01,188,ridge,22226.0,22780.32051671555
validation,1,1,2024-03-01,2024-04-01,235,ridge,24228.0,24866.22763077453
validation,1,1,2024-03-01,2024-04-01,269,ridge,29328.0,31670.12258777721
validation,1,1,2024-03-01,2024-04-01,305,ridge,20117.0,21755.928974895483
validation,1,1,2024-03-01,2024-04-01,312,ridge,43646.0,45741.941816969615
validation,1,1,2024-03-01,2024-04-01,322,ridge,40234.0,41855.95382256389
validation,1,1,2024-03-01,2024-04-01,324,ridge,32085.0,33679.1646762772
validation,1,1,2024-03-01,2024-04-01,397,ridge,25967.0,27930.421913077524
validation,1,1,2024-03-01,2024-04-01,486,ridge,20096.0,21195.139135040245
validation,1,1,2024-03-01,2024-04-01,506,ridge,31774.0,34107.50958918312
validation,1,1,2024-03-01,2024-04-01,541,ridge,20694.0,20632.0895455048
validation,1,1,2024-03-01,2024-04-01,571,ridge,20861.0,21791.78332651342
validation,1,1,2024-03-01,2024-04-01,581,ridge,33225.0,35720.48359703342
validation,1,1,2024-03-01,2024-04-01,694,ridge,29723.0,32723.37486446701
validation,1,1,2024-03-01,2024-04-01,811,ridge,26418.0,28619.462260683864
validation,1,1,2024-03-01,2024-04-01,1053,ridge,25638.0,27228.13341884261
validation,1,1,2024-03-01,2024-04-01,1110,ridge,29895.0,31712.39148575799
validation,1,1,2024-03-01,2024-04-01,1112,ridge,27051.0,28559.89618954298
validation,1,1,2024-03-01,2024-04-01,1120,ridge,23367.0,25594.332398596205
validation,1,1,2024-03-01,2024-04-01,1184,ridge,29511.0,32440.165663601896
validation,1,1,2024-03-01,2024-04-01,1238,ridge,31838.0,34105.561472905254
validation,1,1,2024-03-01,2024-04-01,1254,ridge,24684.0,25308.27942157704
validation,1,1,2024-03-01,2024-04-01,1276,ridge,19550.0,21400.780235103644
validation,1,1,2024-03-01,2024-04-01,1286,ridge,22405.0,23537.89121155885
validation,1,1,2024-03-01,2024-04-01,1289,ridge,19838.0,21493.97086909236
validation,1,1,2024-03-01,2024-04-01,1292,ridge,21121.0,22771.40992394542
validation,1,1,2024-03-01,2024-04-01,1338,ridge,21885.0,24051.681689044075
validation,1,1,2024-03-01,2024-04-01,1426,ridge,25037.0,27354.057233600382
validation,1,1,2024-03-01,2024-04-01,1443,ridge,45445.0,48868.43245777383
validation,1,1,2024-03-01,2024-04-01,1461,ridge,45793.0,49204.04872662064
validation,1,1,2024-03-01,2024-04-01,1494,ridge,28334.0,31269.98026059662
validation,1,1,2024-03-01,2024-04-01,1555,ridge,25312.0,27700.047329804853
validation,1,1,2024-03-01,2024-04-01,1573,ridge,23522.0,24553.28983747463
validation,1,1,2024-03-01,2024-04-01,1577,ridge,30660.0,32872.04248200211
validation,1,1,2024-03-01,2024-04-01,1746,ridge,19401.0,20394.43358594523
validation,1,1,2024-03-01,2024-04-01,1763,ridge,17598.0,19413.425039966416
validation,1,1,2024-03-01,2024-04-01,1770,ridge,25709.0,28508.96309494269
validation,1,1,2024-03-01,2024-04-01,1909,ridge,21938.0,23078.159486204622
validation,1,1,2024-03-01,2024-04-01,1923,ridge,18177.0,19024.62686453553
validation,1,1,2024-03-01,2024-04-01,1930,ridge,22478.0,23825.726059055018
validation,1,1,2024-03-01,2024-04-01,1956,ridge,31386.0,34859.837473797
validation,1,1,2024-03-01,2024-04-01,1970,ridge,53669.0,54974.41846016085
validation,1,1,2024-03-01,2024-04-01,2006,ridge,34605.0,37614.2431052398
validation,1,1,2024-03-01,2024-04-01,2061,ridge,21990.0,23593.521361806528
validation,1,1,2024-03-01,2024-04-01,2062,ridge,27753.0,29380.512056548585
validation,1,1,2024-03-01,2024-04-01,2066,ridge,23884.0,25032.79878908932
validation,1,1,2024-03-01,2024-04-01,2078,ridge,17606.0,19024.570887013146
validation,1,1,2024-03-01,2024-04-01,2079,ridge,20555.0,23399.294735006755
validation,1,1,2024-03-01,2024-04-01,2093,ridge,21147.0,23301.737136701533
validation,1,1,2024-03-01,2024-04-01,2125,ridge,23133.0,23866.40186035331
validation,1,1,2024-03-01,2024-04-01,2127,ridge,23895.0,23477.7711649144
validation,1,1,2024-03-01,2024-04-01,2139,ridge,22789.0,24962.915178159747
validation,1,1,2024-03-01,2024-04-01,2217,ridge,43686.0,47795.05582604504
validation,1,1,2024-03-01,2024-04-01,2235,ridge,35755.0,38058.140800010486
validation,1,1,2024-03-01,2024-04-01,2245,ridge,43638.0,45922.38746154111
validation,1,1,2024-03-01,2024-04-01,2278,ridge,25459.0,27941.09574491835
validation,1,1,2024-03-01,2024-04-01,2310,ridge,25754.0,28402.034143270183
validation,1,1,2024-03-01,2024-04-01,2373,ridge,52013.0,56471.30410969715
validation,1,1,2024-03-01,2024-04-01,2395,ridge,37720.0,40918.52240541619
validation,1,1,2024-03-01,2024-04-01,2453,ridge,44097.0,48231.70676268194
validation,1,1,2024-03-01,2024-04-01,2478,ridge,46123.0,50259.87762598416
validation,1,1,2024-03-01,2024-04-01,2538,ridge,53264.0,57314.138823771085
validation,1,1,2024-03-01,2024-04-01,2562,ridge,50320.0,54066.61501839185
validation,1,1,2024-03-01,2024-04-01,2573,ridge,55599.0,60202.075697141794
validation,1,1,2024-03-01,2024-04-01,188,boosting,22226.0,21410.595566509
validation,1,1,2024-03-01,2024-04-01,235,boosting,24228.0,23151.08701759757
validation,1,1,2024-03-01,2024-04-01,269,boosting,29328.0,29457.36370392132
validation,1,1,2024-03-01,2024-04-01,305,boosting,20117.0,20113.81079797389
validation,1,1,2024-03-01,2024-04-01,312,boosting,43646.0,42131.08107271166
validation,1,1,2024-03-01,2024-04-01,322,boosting,40234.0,38153.075725615374
validation,1,1,2024-03-01,2024-04-01,324,boosting,32085.0,31542.264790895733
validation,1,1,2024-03-01,2024-04-01,397,boosting,25967.0,25915.13270907952
validation,1,1,2024-03-01,2024-04-01,486,boosting,20096.0,19652.45353141944
validation,1,1,2024-03-01,2024-04-01,506,boosting,31774.0,31718.958450070728
validation,1,1,2024-03-01,2024-04-01,541,boosting,20694.0,19329.43562512018
validation,1,1,2024-03-01,2024-04-01,571,boosting,20861.0,20036.77230195828
validation,1,1,2024-03-01,2024-04-01,581,boosting,33225.0,33022.62663494614
validation,1,1,2024-03-01,2024-04-01,694,boosting,29723.0,29944.44976315422
validation,1,1,2024-03-01,2024-04-01,811,boosting,26418.0,26700.881307848424
validation,1,1,2024-03-01,2024-04-01,1053,boosting,25638.0,24860.306362511245
validation,1,1,2024-03-01,2024-04-01,1110,boosting,29895.0,28912.844986411623
validation,1,1,2024-03-01,2024-04-01,1112,boosting,27051.0,26076.112356828467
validation,1,1,2024-03-01,2024-04-01,1120,boosting,23367.0,23410.39163141777
validation,1,1,2024-03-01,2024-04-01,1184,boosting,29511.0,30296.653151015445
validation,1,1,2024-03-01,2024-04-01,1238,boosting,31838.0,31773.518704916925
validation,1,1,2024-03-01,2024-04-01,1254,boosting,24684.0,23523.857878665585
validation,1,1,2024-03-01,2024-04-01,1276,boosting,19550.0,19956.919820670068
validation,1,1,2024-03-01,2024-04-01,1286,boosting,22405.0,21480.95569716993
validation,1,1,2024-03-01,2024-04-01,1289,boosting,19838.0,19643.09066641498
validation,1,1,2024-03-01,2024-04-01,1292,boosting,21121.0,20662.28903396372
validation,1,1,2024-03-01,2024-04-01,1338,boosting,21885.0,21820.225112758453
validation,1,1,2024-03-01,2024-04-01,1426,boosting,25037.0,25340.92675809783
validation,1,1,2024-03-01,2024-04-01,1443,boosting,45445.0,45182.004089069385
validation,1,1,2024-03-01,2024-04-01,1461,boosting,45793.0,45470.0783331859
validation,1,1,2024-03-01,2024-04-01,1494,boosting,28334.0,28691.813254119166
validation,1,1,2024-03-01,2024-04-01,1555,boosting,25312.0,25594.19282812733
validation,1,1,2024-03-01,2024-04-01,1573,boosting,23522.0,22523.977094912712
validation,1,1,2024-03-01,2024-04-01,1577,boosting,30660.0,30377.03273953916
validation,1,1,2024-03-01,2024-04-01,1746,boosting,19401.0,18994.81730026708
validation,1,1,2024-03-01,2024-04-01,1763,boosting,17598.0,18226.84744590396
validation,1,1,2024-03-01,2024-04-01,1770,boosting,25709.0,26107.68712829916
validation,1,1,2024-03-01,2024-04-01,1909,boosting,21938.0,21278.546296194545
validation,1,1,2024-03-01,2024-04-01,1923,boosting,18177.0,17789.6864324353
validation,1,1,2024-03-01,2024-04-01,1930,boosting,22478.0,21998.6531648876
validation,1,1,2024-03-01,2024-04-01,1956,boosting,31386.0,32362.696032501128
validation,1,1,2024-03-01,2024-04-01,1970,boosting,53669.0,50673.2456860052
validation,1,1,2024-03-01,2024-04-01,2006,boosting,34605.0,34995.089288719355
validation,1,1,2024-03-01,2024-04-01,2061,boosting,21990.0,21601.091518137066
validation,1,1,2024-03-01,2024-04-01,2062,boosting,27753.0,26819.643165652265
validation,1,1,2024-03-01,2024-04-01,2066,boosting,23884.0,23106.150274723343
validation,1,1,2024-03-01,2024-04-01,2078,boosting,17606.0,17488.020219704827
validation,1,1,2024-03-01,2024-04-01,2079,boosting,20555.0,21769.91970746426
validation,1,1,2024-03-01,2024-04-01,2093,boosting,21147.0,21532.18218085189
validation,1,1,2024-03-01,2024-04-01,2125,boosting,23133.0,21829.78722083899
validation,1,1,2024-03-01,2024-04-01,2127,boosting,23895.0,21635.74046540267
validation,1,1,2024-03-01,2024-04-01,2139,boosting,22789.0,22921.96237891757
validation,1,1,2024-03-01,2024-04-01,2217,boosting,43686.0,44382.54791059922
validation,1,1,2024-03-01,2024-04-01,2235,boosting,35755.0,34735.351045403426
validation,1,1,2024-03-01,2024-04-01,2245,boosting,43638.0,41668.99159628178
validation,1,1,2024-03-01,2024-04-01,2278,boosting,25459.0,25482.750322440035
validation,1,1,2024-03-01,2024-04-01,2310,boosting,25754.0,26037.188648820487
validation,1,1,2024-03-01,2024-04-01,2373,boosting,52013.0,51858.69857968632
validation,1,1,2024-03-01,2024-04-01,2395,boosting,37720.0,37592.07371930916
validation,1,1,2024-03-01,2024-04-01,2453,boosting,44097.0,44689.01896084735
validation,1,1,2024-03-01,2024-04-01,2478,boosting,46123.0,46218.309084969296
validation,1,1,2024-03-01,2024-04-01,2538,boosting,53264.0,52881.963026786645
validation,1,1,2024-03-01,2024-04-01,2562,boosting,50320.0,49538.922541207015
validation,1,1,2024-03-01,2024-04-01,2573,boosting,55599.0,55756.69021398682
validation,1,1,2024-03-01,2024-04-01,188,boosting_news,22226.0,21410.595566509
validation,1,1,2024-03-01,2024-04-01,235,boosting_news,24228.0,23151.08701759757
validation,1,1,2024-03-01,2024-04-01,269,boosting_news,29328.0,29457.36370392132
validation,1,1,2024-03-01,2024-04-01,305,boosting_news,20117.0,20113.81079797389
validation,1,1,2024-03-01,2024-04-01,312,boosting_news,43646.0,42131.08107271166
validation,1,1,2024-03-01,2024-04-01,322,boosting_news,40234.0,38153.075725615374
validation,1,1,2024-03-01,2024-04-01,324,boosting_news,32085.0,31542.264790895733
validation,1,1,2024-03-01,2024-04-01,397,boosting_news,25967.0,25915.13270907952
validation,1,1,2024-03-01,2024-04-01,486,boosting_news,20096.0,19652.45353141944
validation,1,1,2024-03-01,2024-04-01,506,boosting_news,31774.0,31718.958450070728
validation,1,1,2024-03-01,2024-04-01,541,boosting_news,20694.0,19329.43562512018
validation,1,1,2024-03-01,2024-04-01,571,boosting_news,20861.0,20036.77230195828
validation,1,1,2024-03-01,2024-04-01,581,boosting_news,33225.0,33022.62663494614
validation,1,1,2024-03-01,2024-04-01,694,boosting_news,29723.0,29944.44976315422
validation,1,1,2024-03-01,2024-04-01,811,boosting_news,26418.0,26700.881307848424
validation,1,1,2024-03-01,2024-04-01,1053,boosting_news,25638.0,24860.306362511245
validation,1,1,2024-03-01,2024-04-01,1110,boosting_news,29895.0,28912.844986411623
validation,1,1,2024-03-01,2024-04-01,1112,boosting_news,27051.0,26076.112356828467
validation,1,1,2024-03-01,2024-04-01,1120,boosting_news,23367.0,23410.39163141777
validation,1,1,2024-03-01,2024-04-01,1184,boosting_news,29511.0,30296.653151015445
validation,1,1,2024-03-01,2024-04-01,1238,boosting_news,31838.0,31773.518704916925
validation,1,1,2024-03-01,2024-04-01,1254,boosting_news,24684.0,23523.857878665585
validation,1,1,2024-03-01,2024-04-01,1276,boosting_news,19550.0,19956.919820670068
validation,1,1,2024-03-01,2024-04-01,1286,boosting_news,22405.0,21480.95569716993
validation,1,1,2024-03-01,2024-04-01,1289,boosting_news,19838.0,19643.09066641498
validation,1,1,2024-03-01,2024-04-01,1292,boosting_news,21121.0,20662.28903396372
validation,1,1,2024-03-01,2024-04-01,1338,boosting_news,21885.0,21820.225112758453
validation,1,1,2024-03-01,2024-04-01,1426,boosting_news,25037.0,25340.92675809783
validation,1,1,2024-03-01,2024-04-01,1443,boosting_news,45445.0,45182.004089069385
validation,1,1,2024-03-01,2024-04-01,1461,boosting_news,45793.0,45470.0783331859
validation,1,1,2024-03-01,2024-04-01,1494,boosting_news,28334.0,28691.813254119166
validation,1,1,2024-03-01,2024-04-01,1555,boosting_news,25312.0,25594.19282812733
validation,1,1,2024-03-01,2024-04-01,1573,boosting_news,23522.0,22523.977094912712
validation,1,1,2024-03-01,2024-04-01,1577,boosting_news,30660.0,30377.03273953916
validation,1,1,2024-03-01,2024-04-01,1746,boosting_news,19401.0,18994.81730026708
validation,1,1,2024-03-01,2024-04-01,1763,boosting_news,17598.0,18226.84744590396
validation,1,1,2024-03-01,2024-04-01,1770,boosting_news,25709.0,26107.68712829916
validation,1,1,2024-03-01,2024-04-01,1909,boosting_news,21938.0,21278.546296194545
validation,1,1,2024-03-01,2024-04-01,1923,boosting_news,18177.0,17789.6864324353
validation,1,1,2024-03-01,2024-04-01,1930,boosting_news,22478.0,21998.6531648876
validation,1,1,2024-03-01,2024-04-01,1956,boosting_news,31386.0,32362.696032501128
validation,1,1,2024-03-01,2024-04-01,1970,boosting_news,53669.0,50673.2456860052
validation,1,1,2024-03-01,2024-04-01,2006,boosting_news,34605.0,34995.089288719355
validation,1,1,2024-03-01,2024-04-01,2061,boosting_news,21990.0,21601.091518137066
validation,1,1,2024-03-01,2024-04-01,2062,boosting_news,27753.0,26819.643165652265
validation,1,1,2024-03-01,2024-04-01,2066,boosting_news,23884.0,23106.150274723343
validation,1,1,2024-03-01,2024-04-01,2078,boosting_news,17606.0,17488.020219704827
validation,1,1,2024-03-01,2024-04-01,2079,boosting_news,20555.0,21769.91970746426
validation,1,1,2024-03-01,2024-04-01,2093,boosting_news,21147.0,21532.18218085189
validation,1,1,2024-03-01,2024-04-01,2125,boosting_news,23133.0,21829.78722083899
validation,1,1,2024-03-01,2024-04-01,2127,boosting_news,23895.0,21635.74046540267
validation,1,1,2024-03-01,2024-04-01,2139,boosting_news,22789.0,22921.96237891757
validation,1,1,2024-03-01,2024-04-01,2217,boosting_news,43686.0,44382.54791059922
validation,1,1,2024-03-01,2024-04-01,2235,boosting_news,35755.0,34735.351045403426
validation,1,1,2024-03-01,2024-04-01,2245,boosting_news,43638.0,41668.99159628178
validation,1,1,2024-03-01,2024-04-01,2278,boosting_news,25459.0,25482.750322440035
validation,1,1,2024-03-01,2024-04-01,2310,boosting_news,25754.0,26037.188648820487
validation,1,1,2024-03-01,2024-04-01,2373,boosting_news,52013.0,51858.69857968632
validation,1,1,2024-03-01,2024-04-01,2395,boosting_news,37720.0,37592.07371930916
validation,1,1,2024-03-01,2024-04-01,2453,boosting_news,44097.0,44689.01896084735
validation,1,1,2024-03-01,2024-04-01,2478,boosting_news,46123.0,46218.309084969296
validation,1,1,2024-03-01,2024-04-01,2538,boosting_news,53264.0,52881.963026786645
validation,1,1,2024-03-01,2024-04-01,2562,boosting_news,50320.0,49538.922541207015
validation,1,1,2024-03-01,2024-04-01,2573,boosting_news,55599.0,55756.69021398682
validation,1,1,2024-03-01,2024-04-01,188,prophet,22226.0,22297.634553348707
validation,1,1,2024-03-01,2024-04-01,235,prophet,24228.0,22072.40974753615
validation,1,1,2024-03-01,2024-04-01,269,prophet,29328.0,29845.98067314886
validation,1,1,2024-03-01,2024-04-01,305,prophet,20117.0,20118.43572129561
validation,1,1,2024-03-01,2024-04-01,312,prophet,43646.0,44734.83876132279
validation,1,1,2024-03-01,2024-04-01,322,prophet,40234.0,43005.84852292539
validation,1,1,2024-03-01,2024-04-01,324,prophet,32085.0,32538.16547102481
validation,1,1,2024-03-01,2024-04-01,397,prophet,25967.0,26329.960378930376
validation,1,1,2024-03-01,2024-04-01,486,prophet,20096.0,19303.537927405967
validation,1,1,2024-03-01,2024-04-01,506,prophet,31774.0,32208.0586172881
validation,1,1,2024-03-01,2024-04-01,541,prophet,20694.0,20709.78942008761
validation,1,1,2024-03-01,2024-04-01,571,prophet,20861.0,21120.43503613258
validation,1,1,2024-03-01,2024-04-01,581,prophet,33225.0,33120.44487214071
validation,1,1,2024-03-01,2024-04-01,694,prophet,29723.0,29268.84613559732
validation,1,1,2024-03-01,2024-04-01,811,prophet,26418.0,27858.54473445116
validation,1,1,2024-03-01,2024-04-01,1053,prophet,25638.0,24275.724451004506
validation,1,1,2024-03-01,2024-04-01,1110,prophet,29895.0,31312.02716001273
validation,1,1,2024-03-01,2024-04-01,1112,prophet,27051.0,27663.408793195274
validation,1,1,2024-03-01,2024-04-01,1120,prophet,23367.0,23959.26718863591
validation,1,1,2024-03-01,2024-04-01,1184,prophet,29511.0,29195.696982979385
validation,1,1,2024-03-01,2024-04-01,1238,prophet,31838.0,33458.7430845445
validation,1,1,2024-03-01,2024-04-01,1254,prophet,24684.0,25002.66466387481
validation,1,1,2024-03-01,2024-04-01,1276,prophet,19550.0,19245.6020273294
validation,1,1,2024-03-01,2024-04-01,1286,prophet,22405.0,21361.53667866949
validation,1,1,2024-03-01,2024-04-01,1289,prophet,19838.0,20616.317340519778
validation,1,1,2024-03-01,2024-04-01,1292,prophet,21121.0,21663.036962893417
validation,1,1,2024-03-01,2024-04-01,1338,prophet,21885.0,22588.65020058462
validation,1,1,2024-03-01,2024-04-01,1426,prophet,25037.0,25424.1658232268
validation,1,1,2024-03-01,2024-04-01,1443,prophet,45445.0,47659.33283160782
validation,1,1,2024-03-01,2024-04-01,1461,prophet,45793.0,48178.355983304966
validation,1,1,2024-03-01,2024-04-01,1494,prophet,28334.0,28875.21353067745
validation,1,1,2024-03-01,2024-04-01,1555,prophet,25312.0,25590.29581546814
validation,1,1,2024-03-01,2024-04-01,1573,prophet,23522.0,24098.70761486955
validation,1,1,2024-03-01,2024-04-01,1577,prophet,30660.0,31566.58299821753
validation,1,1,2024-03-01,2024-04-01,1746,prophet,19401.0,19143.716614442747
validation,1,1,2024-03-01,2024-04-01,1763,prophet,17598.0,16907.702318457876
validation,1,1,2024-03-01,2024-04-01,1770,prophet,25709.0,26721.91590596125
validation,1,1,2024-03-01,2024-04-01,1909,prophet,21938.0,21878.445288366383
validation,1,1,2024-03-01,2024-04-01,1923,prophet,18177.0,17858.983035213594
validation,1,1,2024-03-01,2024-04-01,1930,prophet,22478.0,22041.260821499563
validation,1,1,2024-03-01,2024-04-01,1956,prophet,31386.0,32016.821306973263
validation,1,1,2024-03-01,2024-04-01,1970,prophet,53669.0,55703.43051169175
validation,1,1,2024-03-01,2024-04-01,2006,prophet,34605.0,35629.403797320185
validation,1,1,2024-03-01,2024-04-01,2061,prophet,21990.0,22532.41539602388
validation,1,1,2024-03-01,2024-04-01,2062,prophet,27753.0,27702.53677841959
validation,1,1,2024-03-01,2024-04-01,2066,prophet,23884.0,23242.630706342898
validation,1,1,2024-03-01,2024-04-01,2078,prophet,17606.0,16699.18983903104
validation,1,1,2024-03-01,2024-04-01,2079,prophet,20555.0,21829.2323437548
validation,1,1,2024-03-01,2024-04-01,2093,prophet,21147.0,21660.91094991429
validation,1,1,2024-03-01,2024-04-01,2125,prophet,23133.0,22692.99646153395
validation,1,1,2024-03-01,2024-04-01,2127,prophet,23895.0,22928.89496870587
validation,1,1,2024-03-01,2024-04-01,2139,prophet,22789.0,23590.592974769548
validation,1,1,2024-03-01,2024-04-01,2217,prophet,43686.0,46093.69944794294
validation,1,1,2024-03-01,2024-04-01,2235,prophet,35755.0,36347.78947099204
validation,1,1,2024-03-01,2024-04-01,2245,prophet,43638.0,44013.59960488204
validation,1,1,2024-03-01,2024-04-01,2278,prophet,25459.0,25767.022361232484
validation,1,1,2024-03-01,2024-04-01,2310,prophet,25754.0,26510.5631168242
validation,1,1,2024-03-01,2024-04-01,2373,prophet,52013.0,54169.9476710629
validation,1,1,2024-03-01,2024-04-01,2395,prophet,37720.0,40707.56433979668
validation,1,1,2024-03-01,2024-04-01,2453,prophet,44097.0,46350.26407794881
validation,1,1,2024-03-01,2024-04-01,2478,prophet,46123.0,47085.09916280841
validation,1,1,2024-03-01,2024-04-01,2538,prophet,53264.0,55387.19240491619
validation,1,1,2024-03-01,2024-04-01,2562,prophet,50320.0,51653.2469627793
validation,1,1,2024-03-01,2024-04-01,2573,prophet,55599.0,57936.13406874013
validation,1,1,2024-04-01,2024-05-01,188,last,21125.0,22226.0
validation,1,1,2024-04-01,2024-05-01,235,last,24589.0,24228.0
validation,1,1,2024-04-01,2024-05-01,269,last,29526.0,29328.0
validation,1,1,2024-04-01,2024-05-01,305,last,20441.0,20117.0
validation,1,1,2024-04-01,2024-05-01,312,last,44534.0,43646.0
validation,1,1,2024-04-01,2024-05-01,322,last,40374.0,40234.0
validation,1,1,2024-04-01,2024-05-01,324,last,31090.0,32085.0
validation,1,1,2024-04-01,2024-05-01,397,last,26285.0,25967.0
validation,1,1,2024-04-01,2024-05-01,486,last,19826.0,20096.0
validation,1,1,2024-04-01,2024-05-01,506,last,32683.0,31774.0
validation,1,1,2024-04-01,2024-05-01,541,last,20915.0,20694.0
validation,1,1,2024-04-01,2024-05-01,571,last,21819.0,20861.0
validation,1,1,2024-04-01,2024-05-01,581,last,34500.0,33225.0
validation,1,1,2024-04-01,2024-05-01,694,last,30206.0,29723.0
validation,1,1,2024-04-01,2024-05-01,811,last,26172.0,26418.0
validation,1,1,2024-04-01,2024-05-01,1053,last,25996.0,25638.0
validation,1,1,2024-04-01,2024-05-01,1110,last,31120.0,29895.0
validation,1,1,2024-04-01,2024-05-01,1112,last,27374.0,27051.0
validation,1,1,2024-04-01,2024-05-01,1120,last,24138.0,23367.0
validation,1,1,2024-04-01,2024-05-01,1184,last,28443.0,29511.0
validation,1,1,2024-04-01,2024-05-01,1238,last,32641.0,31838.0
validation,1,1,2024-04-01,2024-05-01,1254,last,25462.0,24684.0
validation,1,1,2024-04-01,2024-05-01,1276,last,20337.0,19550.0
validation,1,1,2024-04-01,2024-05-01,1286,last,22892.0,22405.0
validation,1,1,2024-04-01,2024-05-01,1289,last,20317.0,19838.0
validation,1,1,2024-04-01,2024-05-01,1292,last,21509.0,21121.0
validation,1,1,2024-04-01,2024-05-01,1338,last,22431.0,21885.0
validation,1,1,2024-04-01,2024-05-01,1426,last,25114.0,25037.0
validation,1,1,2024-04-01,2024-05-01,1443,last,45673.0,45445.0
validation,1,1,2024-04-01,2024-05-01,1461,last,46143.0,45793.0
validation,1,1,2024-04-01,2024-05-01,1494,last,29557.0,28334.0
validation,1,1,2024-04-01,2024-05-01,1555,last,25692.0,25312.0
validation,1,1,2024-04-01,2024-05-01,1573,last,23278.0,23522.0
validation,1,1,2024-04-01,2024-05-01,1577,last,31530.0,30660.0
validation,1,1,2024-04-01,2024-05-01,1746,last,18612.0,19401.0
validation,1,1,2024-04-01,2024-05-01,1763,last,17798.0,17598.0
validation,1,1,2024-04-01,2024-05-01,1770,last,27639.0,25709.0
validation,1,1,2024-04-01,2024-05-01,1909,last,21292.0,21938.0
validation,1,1,2024-04-01,2024-05-01,1923,last,18606.0,18177.0
validation,1,1,2024-04-01,2024-05-01,1930,last,22825.0,22478.0
validation,1,1,2024-04-01,2024-05-01,1956,last,31625.0,31386.0
validation,1,1,2024-04-01,2024-05-01,1970,last,55061.0,53669.0
validation,1,1,2024-04-01,2024-05-01,2006,last,34140.0,34605.0
validation,1,1,2024-04-01,2024-05-01,2061,last,23782.0,21990.0
validation,1,1,2024-04-01,2024-05-01,2062,last,28145.0,27753.0
validation,1,1,2024-04-01,2024-05-01,2066,last,25122.0,23884.0
validation,1,1,2024-04-01,2024-05-01,2078,last,17520.0,17606.0
validation,1,1,2024-04-01,2024-05-01,2079,last,21273.0,20555.0
validation,1,1,2024-04-01,2024-05-01,2093,last,21899.0,21147.0
validation,1,1,2024-04-01,2024-05-01,2125,last,23180.0,23133.0
validation,1,1,2024-04-01,2024-05-01,2127,last,24397.0,23895.0
validation,1,1,2024-04-01,2024-05-01,2139,last,23798.0,22789.0
validation,1,1,2024-04-01,2024-05-01,2217,last,45880.0,43686.0
validation,1,1,2024-04-01,2024-05-01,2235,last,36563.0,35755.0
validation,1,1,2024-04-01,2024-05-01,2245,last,46647.0,43638.0
validation,1,1,2024-04-01,2024-05-01,2278,last,26664.0,25459.0
validation,1,1,2024-04-01,2024-05-01,2310,last,26232.0,25754.0
validation,1,1,2024-04-01,2024-05-01,2373,last,53297.0,52013.0
validation,1,1,2024-04-01,2024-05-01,2395,last,39317.0,37720.0
validation,1,1,2024-04-01,2024-05-01,2453,last,45293.0,44097.0
validation,1,1,2024-04-01,2024-05-01,2478,last,46479.0,46123.0
validation,1,1,2024-04-01,2024-05-01,2538,last,53871.0,53264.0
validation,1,1,2024-04-01,2024-05-01,2562,last,50154.0,50320.0
validation,1,1,2024-04-01,2024-05-01,2573,last,55204.0,55599.0
validation,1,1,2024-04-01,2024-05-01,188,seasonal,21125.0,17792.0
validation,1,1,2024-04-01,2024-05-01,235,seasonal,24589.0,21528.0
validation,1,1,2024-04-01,2024-05-01,269,seasonal,29526.0,24840.0
validation,1,1,2024-04-01,2024-05-01,305,seasonal,20441.0,17773.0
validation,1,1,2024-04-01,2024-05-01,312,seasonal,44534.0,36813.0
validation,1,1,2024-04-01,2024-05-01,322,seasonal,40374.0,34490.0
validation,1,1,2024-04-01,2024-05-01,324,seasonal,31090.0,26440.0
validation,1,1,2024-04-01,2024-05-01,397,seasonal,26285.0,21766.0
validation,1,1,2024-04-01,2024-05-01,486,seasonal,19826.0,17903.0
validation,1,1,2024-04-01,2024-05-01,506,seasonal,32683.0,27578.0
validation,1,1,2024-04-01,2024-05-01,541,seasonal,20915.0,18078.0
validation,1,1,2024-04-01,2024-05-01,571,seasonal,21819.0,19184.0
validation,1,1,2024-04-01,2024-05-01,581,seasonal,34500.0,29546.0
validation,1,1,2024-04-01,2024-05-01,694,seasonal,30206.0,24927.0
validation,1,1,2024-04-01,2024-05-01,811,seasonal,26172.0,22217.0
validation,1,1,2024-04-01,2024-05-01,1053,seasonal,25996.0,22892.0
validation,1,1,2024-04-01,2024-05-01,1110,seasonal,31120.0,25913.0
validation,1,1,2024-04-01,2024-05-01,1112,seasonal,27374.0,22904.0
validation,1,1,2024-04-01,2024-05-01,1120,seasonal,24138.0,21440.0
validation,1,1,2024-04-01,2024-05-01,1184,seasonal,28443.0,25483.0
validation,1,1,2024-04-01,2024-05-01,1238,seasonal,32641.0,26959.0
validation,1,1,2024-04-01,2024-05-01,1254,seasonal,25462.0,21784.0
validation,1,1,2024-04-01,2024-05-01,1276,seasonal,20337.0,18240.0
validation,1,1,2024-04-01,2024-05-01,1286,seasonal,22892.0,19115.0
validation,1,1,2024-04-01,2024-05-01,1289,seasonal,20317.0,18405.0
validation,1,1,2024-04-01,2024-05-01,1292,seasonal,21509.0,18943.0
validation,1,1,2024-04-01,2024-05-01,1338,seasonal,22431.0,19790.0
validation,1,1,2024-04-01,2024-05-01,1426,seasonal,25114.0,21283.0
validation,1,1,2024-04-01,2024-05-01,1443,seasonal,45673.0,38870.0
validation,1,1,2024-04-01,2024-05-01,1461,seasonal,46143.0,39610.0
validation,1,1,2024-04-01,2024-05-01,1494,seasonal,29557.0,26347.0
validation,1,1,2024-04-01,2024-05-01,1555,seasonal,25692.0,22403.0
validation,1,1,2024-04-01,2024-05-01,1573,seasonal,23278.0,20452.0
validation,1,1,2024-04-01,2024-05-01,1577,seasonal,31530.0,26885.0
validation,1,1,2024-04-01,2024-05-01,1746,seasonal,18612.0,17214.0
validation,1,1,2024-04-01,2024-05-01,1763,seasonal,17798.0,15345.0
validation,1,1,2024-04-01,2024-05-01,1770,seasonal,27639.0,23056.0
validation,1,1,2024-04-01,2024-05-01,1909,seasonal,21292.0,19146.0
validation,1,1,2024-04-01,2024-05-01,1923,seasonal,18606.0,16764.0
validation,1,1,2024-04-01,2024-05-01,1930,seasonal,22825.0,19359.0
validation,1,1,2024-04-01,2024-05-01,1956,seasonal,31625.0,34602.0
validation,1,1,2024-04-01,2024-05-01,1970,seasonal,55061.0,49052.0
validation,1,1,2024-04-01,2024-05-01,2006,seasonal,34140.0,29052.0
validation,1,1,2024-04-01,2024-05-01,2061,seasonal,23782.0,19515.0
validation,1,1,2024-04-01,2024-05-01,2062,seasonal,28145.0,23456.0
validation,1,1,2024-04-01,2024-05-01,2066,seasonal,25122.0,20505.0
validation,1,1,2024-04-01,2024-05-01,2078,seasonal,17520.0,14838.0
validation,1,1,2024-04-01,2024-05-01,2079,seasonal,21273.0,18362.0
validation,1,1,2024-04-01,2024-05-01,2093,seasonal,21899.0,17014.0
validation,1,1,2024-04-01,2024-05-01,2125,seasonal,23180.0,19787.0
validation,1,1,2024-04-01,2024-05-01,2127,seasonal,24397.0,19817.0
validation,1,1,2024-04-01,2024-05-01,2139,seasonal,23798.0,20059.0
validation,1,1,2024-04-01,2024-05-01,2217,seasonal,45880.0,39746.0
validation,1,1,2024-04-01,2024-05-01,2235,seasonal,36563.0,32204.0
validation,1,1,2024-04-01,2024-05-01,2245,seasonal,46647.0,40757.0
validation,1,1,2024-04-01,2024-05-01,2278,seasonal,26664.0,22668.0
validation,1,1,2024-04-01,2024-05-01,2310,seasonal,26232.0,23197.0
validation,1,1,2024-04-01,2024-05-01,2373,seasonal,53297.0,44202.0
validation,1,1,2024-04-01,2024-05-01,2395,seasonal,39317.0,33477.0
validation,1,1,2024-04-01,2024-05-01,2453,seasonal,45293.0,38530.0
validation,1,1,2024-04-01,2024-05-01,2478,seasonal,46479.0,40797.0
validation,1,1,2024-04-01,2024-05-01,2538,seasonal,53871.0,45422.0
validation,1,1,2024-04-01,2024-05-01,2562,seasonal,50154.0,42542.0
validation,1,1,2024-04-01,2024-05-01,2573,seasonal,55204.0,46412.0
validation,1,1,2024-04-01,2024-05-01,188,seasonal_scaled,21125.0,20628.281569509127
validation,1,1,2024-04-01,2024-05-01,235,seasonal_scaled,24589.0,20891.165649199
validation,1,1,2024-04-01,2024-05-01,269,seasonal_scaled,29526.0,28839.53571428572
validation,1,1,2024-04-01,2024-05-01,305,seasonal_scaled,20441.0,19431.97323436797
validation,1,1,2024-04-01,2024-05-01,312,seasonal_scaled,44534.0,43041.24025457438
validation,1,1,2024-04-01,2024-05-01,322,seasonal_scaled,40374.0,40450.57571230392
validation,1,1,2024-04-01,2024-05-01,324,seasonal_scaled,31090.0,29806.36604774536
validation,1,1,2024-04-01,2024-05-01,397,seasonal_scaled,26285.0,26216.137944625087
validation,1,1,2024-04-01,2024-05-01,486,seasonal_scaled,19826.0,19333.46255809041
validation,1,1,2024-04-01,2024-05-01,506,seasonal_scaled,32683.0,32083.87569865386
validation,1,1,2024-04-01,2024-05-01,541,seasonal_scaled,20915.0,20373.42828652152
validation,1,1,2024-04-01,2024-05-01,571,seasonal_scaled,21819.0,20527.24014409661
validation,1,1,2024-04-01,2024-05-01,581,seasonal_scaled,34500.0,32024.64435881836
validation,1,1,2024-04-01,2024-05-01,694,seasonal_scaled,30206.0,28501.52454477692
validation,1,1,2024-04-01,2024-05-01,811,seasonal_scaled,26172.0,27462.695711970136
validation,1,1,2024-04-01,2024-05-01,1053,seasonal_scaled,25996.0,23175.67272109998
validation,1,1,2024-04-01,2024-05-01,1110,seasonal_scaled,31120.0,30923.681090575228
validation,1,1,2024-04-01,2024-05-01,1112,seasonal_scaled,27374.0,26868.153846153848
validation,1,1,2024-04-01,2024-05-01,1120,seasonal_scaled,24138.0,22924.789698843662
validation,1,1,2024-04-01,2024-05-01,1184,seasonal_scaled,28443.0,27818.6678578007
validation,1,1,2024-04-01,2024-05-01,1238,seasonal_scaled,32641.0,32192.598286707496
validation,1,1,2024-04-01,2024-05-01,1254,seasonal_scaled,25462.0,25297.25495290679
validation,1,1,2024-04-01,2024-05-01,1276,seasonal_scaled,20337.0,18803.193940350324
validation,1,1,2024-04-01,2024-05-01,1286,seasonal_scaled,22892.0,20158.272556481526
validation,1,1,2024-04-01,2024-05-01,1289,seasonal_scaled,20317.0,20098.99757789277
validation,1,1,2024-04-01,2024-05-01,1292,seasonal_scaled,21509.0,20684.824789636845
validation,1,1,2024-04-01,2024-05-01,1338,seasonal_scaled,22431.0,21393.21942782349
validation,1,1,2024-04-01,2024-05-01,1426,seasonal_scaled,25114.0,24387.04682786689
validation,1,1,2024-04-01,2024-05-01,1443,seasonal_scaled,45673.0,46421.92657416168
validation,1,1,2024-04-01,2024-05-01,1461,seasonal_scaled,46143.0,47278.64541424288
validation,1,1,2024-04-01,2024-05-01,1494,seasonal_scaled,29557.0,28081.597451952657
validation,1,1,2024-04-01,2024-05-01,1555,seasonal_scaled,25692.0,24928.290219475814
validation,1,1,2024-04-01,2024-05-01,1573,seasonal_scaled,23278.0,23170.237218393173
validation,1,1,2024-04-01,2024-05-01,1577,seasonal_scaled,31530.0,30890.89566241124
validation,1,1,2024-04-01,2024-05-01,1746,seasonal_scaled,18612.0,18599.839445335776
validation,1,1,2024-04-01,2024-05-01,1763,seasonal_scaled,17798.0,16560.310344827587
validation,1,1,2024-04-01,2024-05-01,1770,seasonal_scaled,27639.0,26139.59591786142
validation,1,1,2024-04-01,2024-05-01,1909,seasonal_scaled,21292.0,22095.37814554523
validation,1,1,2024-04-01,2024-05-01,1923,seasonal_scaled,18606.0,16086.373844906782
validation,1,1,2024-04-01,2024-05-01,1930,seasonal_scaled,22825.0,20737.501549106684
validation,1,1,2024-04-01,2024-05-01,1956,seasonal_scaled,31625.0,31544.11038437416
validation,1,1,2024-04-01,2024-05-01,1970,seasonal_scaled,55061.0,57624.366131070594
validation,1,1,2024-04-01,2024-05-01,2006,seasonal_scaled,34140.0,35058.35349357183
validation,1,1,2024-04-01,2024-05-01,2061,seasonal_scaled,23782.0,21681.965299684543
validation,1,1,2024-04-01,2024-05-01,2062,seasonal_scaled,28145.0,27338.024717893604
validation,1,1,2024-04-01,2024-05-01,2066,seasonal_scaled,25122.0,22517.708042446244
validation,1,1,2024-04-01,2024-05-01,2078,seasonal_scaled,17520.0,15520.88990203931
validation,1,1,2024-04-01,2024-05-01,2079,seasonal_scaled,21273.0,21667.77139904701
validation,1,1,2024-04-01,2024-05-01,2093,seasonal_scaled,21899.0,20258.78680123412
validation,1,1,2024-04-01,2024-05-01,2125,seasonal_scaled,23180.0,22799.48841989172
validation,1,1,2024-04-01,2024-05-01,2127,seasonal_scaled,24397.0,21661.686350435622
validation,1,1,2024-04-01,2024-05-01,2139,seasonal_scaled,23798.0,23681.74874690023
validation,1,1,2024-04-01,2024-05-01,2217,seasonal_scaled,45880.0,47315.767751128
validation,1,1,2024-04-01,2024-05-01,2235,seasonal_scaled,36563.0,35918.12367502086
validation,1,1,2024-04-01,2024-05-01,2245,seasonal_scaled,46647.0,45663.30587292561
validation,1,1,2024-04-01,2024-05-01,2278,seasonal_scaled,26664.0,24430.64548494984
validation,1,1,2024-04-01,2024-05-01,2310,seasonal_scaled,26232.0,25256.979705467016
validation,1,1,2024-04-01,2024-05-01,2373,seasonal_scaled,53297.0,53592.82561365067
validation,1,1,2024-04-01,2024-05-01,2395,seasonal_scaled,39317.0,40650.642857142855
validation,1,1,2024-04-01,2024-05-01,2453,seasonal_scaled,45293.0,46207.19137766465
validation,1,1,2024-04-01,2024-05-01,2478,seasonal_scaled,46479.0,45549.55687379151
validation,1,1,2024-04-01,2024-05-01,2538,seasonal_scaled,53871.0,54679.6864801338
validation,1,1,2024-04-01,2024-05-01,2562,seasonal_scaled,50154.0,50999.724597974986
validation,1,1,2024-04-01,2024-05-01,2573,seasonal_scaled,55204.0,56367.052144930654
validation,1,1,2024-04-01,2024-05-01,188,ridge,21125.0,20118.942563844063
validation,1,1,2024-04-01,2024-05-01,235,ridge,24589.0,22255.43716636508
validation,1,1,2024-04-01,2024-05-01,269,ridge,29526.0,27613.107174223675
validation,1,1,2024-04-01,2024-05-01,305,ridge,20441.0,19132.100707836416
validation,1,1,2024-04-01,2024-05-01,312,ridge,44534.0,40436.8763493286
validation,1,1,2024-04-01,2024-05-01,322,ridge,40374.0,37228.30905077377
validation,1,1,2024-04-01,2024-05-01,324,ridge,31090.0,29650.34582369095
validation,1,1,2024-04-01,2024-05-01,397,ridge,26285.0,24414.00810791133
validation,1,1,2024-04-01,2024-05-01,486,ridge,19826.0,18838.791869179164
validation,1,1,2024-04-01,2024-05-01,506,ridge,32683.0,29975.33600140096
validation,1,1,2024-04-01,2024-05-01,541,ridge,20915.0,18886.362558863613
validation,1,1,2024-04-01,2024-05-01,571,ridge,21819.0,19530.823246004045
validation,1,1,2024-04-01,2024-05-01,581,ridge,34500.0,31579.67674737429
validation,1,1,2024-04-01,2024-05-01,694,ridge,30206.0,28284.934952261072
validation,1,1,2024-04-01,2024-05-01,811,ridge,26172.0,24940.047039181685
validation,1,1,2024-04-01,2024-05-01,1053,ridge,25996.0,24105.76737678889
validation,1,1,2024-04-01,2024-05-01,1110,ridge,31120.0,28013.79122576837
validation,1,1,2024-04-01,2024-05-01,1112,ridge,27374.0,25218.38517317101
validation,1,1,2024-04-01,2024-05-01,1120,ridge,24138.0,22548.05993326837
validation,1,1,2024-04-01,2024-05-01,1184,ridge,28443.0,27967.668447602584
validation,1,1,2024-04-01,2024-05-01,1238,ridge,32641.0,29767.45357111272
validation,1,1,2024-04-01,2024-05-01,1254,ridge,25462.0,22646.385646528943
validation,1,1,2024-04-01,2024-05-01,1276,ridge,20337.0,18678.114349396667
validation,1,1,2024-04-01,2024-05-01,1286,ridge,22892.0,20814.54324985513
validation,1,1,2024-04-01,2024-05-01,1289,ridge,20317.0,19005.28682064876
validation,1,1,2024-04-01,2024-05-01,1292,ridge,21509.0,20056.340477964488
validation,1,1,2024-04-01,2024-05-01,1338,ridge,22431.0,20957.237405154632
validation,1,1,2024-04-01,2024-05-01,1426,ridge,25114.0,23742.95136451957
validation,1,1,2024-04-01,2024-05-01,1443,ridge,45673.0,42676.47328504225
validation,1,1,2024-04-01,2024-05-01,1461,ridge,46143.0,43031.02402630255
validation,1,1,2024-04-01,2024-05-01,1494,ridge,29557.0,27298.6995000614
validation,1,1,2024-04-01,2024-05-01,1555,ridge,25692.0,24113.151206330705
validation,1,1,2024-04-01,2024-05-01,1573,ridge,23278.0,21872.808604183832
validation,1,1,2024-04-01,2024-05-01,1577,ridge,31530.0,28833.906869181803
validation,1,1,2024-04-01,2024-05-01,1746,ridge,18612.0,18241.93426251541
validation,1,1,2024-04-01,2024-05-01,1763,ridge,17798.0,16850.584367021653
validation,1,1,2024-04-01,2024-05-01,1770,ridge,27639.0,24699.63444364818
validation,1,1,2024-04-01,2024-05-01,1909,ridge,21292.0,20522.243707874484
validation,1,1,2024-04-01,2024-05-01,1923,ridge,18606.0,16807.08723791895
validation,1,1,2024-04-01,2024-05-01,1930,ridge,22825.0,20986.116081826964
validation,1,1,2024-04-01,2024-05-01,1956,ridge,31625.0,30995.03910710818
validation,1,1,2024-04-01,2024-05-01,1970,ridge,55061.0,49755.60930042984
validation,1,1,2024-04-01,2024-05-01,2006,ridge,34140.0,32650.627630062663
validation,1,1,2024-04-01,2024-05-01,2061,ridge,23782.0,20747.57344556104
validation,1,1,2024-04-01,2024-05-01,2062,ridge,28145.0,25885.201803933105
validation,1,1,2024-04-01,2024-05-01,2066,ridge,25122.0,22232.883212504406
validation,1,1,2024-04-01,2024-05-01,2078,ridge,17520.0,16593.155926972304
validation,1,1,2024-04-01,2024-05-01,2079,ridge,21273.0,20170.97202474828
validation,1,1,2024-04-01,2024-05-01,2093,ridge,21899.0,20033.702655195124
validation,1,1,2024-04-01,2024-05-01,2125,ridge,23180.0,21469.756074649576
validation,1,1,2024-04-01,2024-05-01,2127,ridge,24397.0,21466.12672210242
validation,1,1,2024-04-01,2024-05-01,2139,ridge,23798.0,21809.948558143133
validation,1,1,2024-04-01,2024-05-01,2217,ridge,45880.0,41685.18456693085
validation,1,1,2024-04-01,2024-05-01,2235,ridge,36563.0,33678.440292340594
validation,1,1,2024-04-01,2024-05-01,2245,ridge,46647.0,41087.68943416148
validation,1,1,2024-04-01,2024-05-01,2278,ridge,26664.0,24410.021883975955
validation,1,1,2024-04-01,2024-05-01,2310,ridge,26232.0,24644.970848243225
validation,1,1,2024-04-01,2024-05-01,2373,ridge,53297.0,49025.75059443487
validation,1,1,2024-04-01,2024-05-01,2395,ridge,39317.0,35717.892591513075
validation,1,1,2024-04-01,2024-05-01,2453,ridge,45293.0,41816.18396690216
validation,1,1,2024-04-01,2024-05-01,2478,ridge,46479.0,43683.51070931806
validation,1,1,2024-04-01,2024-05-01,2538,ridge,53871.0,49951.970441737474
validation,1,1,2024-04-01,2024-05-01,2562,ridge,50154.0,47098.63287678083
validation,1,1,2024-04-01,2024-05-01,2573,ridge,55204.0,52147.291683185686
validation,1,1,2024-04-01,2024-05-01,188,boosting,21125.0,19563.71667387251
validation,1,1,2024-04-01,2024-05-01,235,boosting,24589.0,21407.54837959871
validation,1,1,2024-04-01,2024-05-01,269,boosting,29526.0,26755.574401239603
validation,1,1,2024-04-01,2024-05-01,305,boosting,20441.0,18221.547390150503
validation,1,1,2024-04-01,2024-05-01,312,boosting,44534.0,39364.40640751834
validation,1,1,2024-04-01,2024-05-01,322,boosting,40374.0,36595.34819036257
validation,1,1,2024-04-01,2024-05-01,324,boosting,31090.0,29084.47510102747
validation,1,1,2024-04-01,2024-05-01,397,boosting,26285.0,23508.430968488203
validation,1,1,2024-04-01,2024-05-01,486,boosting,19826.0,17977.018724011185
validation,1,1,2024-04-01,2024-05-01,506,boosting,32683.0,29041.4712340924
validation,1,1,2024-04-01,2024-05-01,541,boosting,20915.0,18346.832491724763
validation,1,1,2024-04-01,2024-05-01,571,boosting,21819.0,18722.06880869152
validation,1,1,2024-04-01,2024-05-01,581,boosting,34500.0,30499.63178409025
validation,1,1,2024-04-01,2024-05-01,694,boosting,30206.0,27188.1700616987
validation,1,1,2024-04-01,2024-05-01,811,boosting,26172.0,23878.34183459642
validation,1,1,2024-04-01,2024-05-01,1053,boosting,25996.0,23072.43671507516
validation,1,1,2024-04-01,2024-05-01,1110,boosting,31120.0,27072.08832034957
validation,1,1,2024-04-01,2024-05-01,1112,boosting,27374.0,24188.17646642516
validation,1,1,2024-04-01,2024-05-01,1120,boosting,24138.0,21279.17426816888
validation,1,1,2024-04-01,2024-05-01,1184,boosting,28443.0,30802.839816051623
validation,1,1,2024-04-01,2024-05-01,1238,boosting,32641.0,28805.918459050525
validation,1,1,2024-04-01,2024-05-01,1254,boosting,25462.0,21880.48304257636
validation,1,1,2024-04-01,2024-05-01,1276,boosting,20337.0,17727.990340087897
validation,1,1,2024-04-01,2024-05-01,1286,boosting,22892.0,20032.245136890346
validation,1,1,2024-04-01,2024-05-01,1289,boosting,20317.0,17998.93397531194
validation,1,1,2024-04-01,2024-05-01,1292,boosting,21509.0,19076.50380126484
validation,1,1,2024-04-01,2024-05-01,1338,boosting,22431.0,19787.69843591585
validation,1,1,2024-04-01,2024-05-01,1426,boosting,25114.0,22609.0908163329
validation,1,1,2024-04-01,2024-05-01,1443,boosting,45673.0,41550.20353832926
validation,1,1,2024-04-01,2024-05-01,1461,boosting,46143.0,41925.15708639195
validation,1,1,2024-04-01,2024-05-01,1494,boosting,29557.0,25695.40900558695
validation,1,1,2024-04-01,2024-05-01,1555,boosting,25692.0,22931.02745219354
validation,1,1,2024-04-01,2024-05-01,1573,boosting,23278.0,21210.06441768166
validation,1,1,2024-04-01,2024-05-01,1577,boosting,31530.0,27793.538474391466
validation,1,1,2024-04-01,2024-05-01,1746,boosting,18612.0,17455.795675407866
validation,1,1,2024-04-01,2024-05-01,1763,boosting,17798.0,15929.629956474482
validation,1,1,2024-04-01,2024-05-01,1770,boosting,27639.0,23293.17576535189
validation,1,1,2024-04-01,2024-05-01,1909,boosting,21292.0,19810.29283873375
validation,1,1,2024-04-01,2024-05-01,1923,boosting,18606.0,16188.95960260221
validation,1,1,2024-04-01,2024-05-01,1930,boosting,22825.0,20304.235740339154
validation,1,1,2024-04-01,2024-05-01,1956,boosting,31625.0,29056.60356646457
validation,1,1,2024-04-01,2024-05-01,1970,boosting,55061.0,48323.16633806328
validation,1,1,2024-04-01,2024-05-01,2006,boosting,34140.0,31881.03903189458
validation,1,1,2024-04-01,2024-05-01,2061,boosting,23782.0,19665.84505165062
validation,1,1,2024-04-01,2024-05-01,2062,boosting,28145.0,24782.76334322584
validation,1,1,2024-04-01,2024-05-01,2066,boosting,25122.0,21535.744834365687
validation,1,1,2024-04-01,2024-05-01,2078,boosting,17520.0,15850.708283692573
validation,1,1,2024-04-01,2024-05-01,2079,boosting,21273.0,21360.44899183288
validation,1,1,2024-04-01,2024-05-01,2093,boosting,21899.0,19031.652420903272
validation,1,1,2024-04-01,2024-05-01,2125,boosting,23180.0,20527.59303715892
validation,1,1,2024-04-01,2024-05-01,2127,boosting,24397.0,20332.39579475533
validation,1,1,2024-04-01,2024-05-01,2139,boosting,23798.0,23461.67648709625
validation,1,1,2024-04-01,2024-05-01,2217,boosting,45880.0,39880.132911285225
validation,1,1,2024-04-01,2024-05-01,2235,boosting,36563.0,32326.67998393702
validation,1,1,2024-04-01,2024-05-01,2245,boosting,46647.0,39473.06849876647
validation,1,1,2024-04-01,2024-05-01,2278,boosting,26664.0,23062.33799530602
validation,1,1,2024-04-01,2024-05-01,2310,boosting,26232.0,23329.5672544527
validation,1,1,2024-04-01,2024-05-01,2373,boosting,53297.0,47275.67196376548
validation,1,1,2024-04-01,2024-05-01,2395,boosting,39317.0,34190.37416117978
validation,1,1,2024-04-01,2024-05-01,2453,boosting,45293.0,40420.90107141251
validation,1,1,2024-04-01,2024-05-01,2478,boosting,46479.0,42198.38103805984
validation,1,1,2024-04-01,2024-05-01,2538,boosting,53871.0,48385.4416812868
validation,1,1,2024-04-01,2024-05-01,2562,boosting,50154.0,45674.5832879983
validation,1,1,2024-04-01,2024-05-01,2573,boosting,55204.0,51107.44900914496
validation,1,1,2024-04-01,2024-05-01,188,boosting_news,21125.0,19563.71667387251
validation,1,1,2024-04-01,2024-05-01,235,boosting_news,24589.0,21407.54837959871
validation,1,1,2024-04-01,2024-05-01,269,boosting_news,29526.0,26755.574401239603
validation,1,1,2024-04-01,2024-05-01,305,boosting_news,20441.0,18221.547390150503
validation,1,1,2024-04-01,2024-05-01,312,boosting_news,44534.0,39364.40640751834
validation,1,1,2024-04-01,2024-05-01,322,boosting_news,40374.0,36595.34819036257
validation,1,1,2024-04-01,2024-05-01,324,boosting_news,31090.0,29084.47510102747
validation,1,1,2024-04-01,2024-05-01,397,boosting_news,26285.0,23508.430968488203
validation,1,1,2024-04-01,2024-05-01,486,boosting_news,19826.0,17977.018724011185
validation,1,1,2024-04-01,2024-05-01,506,boosting_news,32683.0,29041.4712340924
validation,1,1,2024-04-01,2024-05-01,541,boosting_news,20915.0,18346.832491724763
validation,1,1,2024-04-01,2024-05-01,571,boosting_news,21819.0,18722.06880869152
validation,1,1,2024-04-01,2024-05-01,581,boosting_news,34500.0,30499.63178409025
validation,1,1,2024-04-01,2024-05-01,694,boosting_news,30206.0,27188.1700616987
validation,1,1,2024-04-01,2024-05-01,811,boosting_news,26172.0,23878.34183459642
validation,1,1,2024-04-01,2024-05-01,1053,boosting_news,25996.0,23072.43671507516
validation,1,1,2024-04-01,2024-05-01,1110,boosting_news,31120.0,27072.08832034957
validation,1,1,2024-04-01,2024-05-01,1112,boosting_news,27374.0,24188.17646642516
validation,1,1,2024-04-01,2024-05-01,1120,boosting_news,24138.0,21279.17426816888
validation,1,1,2024-04-01,2024-05-01,1184,boosting_news,28443.0,30802.839816051623
validation,1,1,2024-04-01,2024-05-01,1238,boosting_news,32641.0,28805.918459050525
validation,1,1,2024-04-01,2024-05-01,1254,boosting_news,25462.0,21880.48304257636
validation,1,1,2024-04-01,2024-05-01,1276,boosting_news,20337.0,17727.990340087897
validation,1,1,2024-04-01,2024-05-01,1286,boosting_news,22892.0,20032.245136890346
validation,1,1,2024-04-01,2024-05-01,1289,boosting_news,20317.0,17998.93397531194
validation,1,1,2024-04-01,2024-05-01,1292,boosting_news,21509.0,19076.50380126484
validation,1,1,2024-04-01,2024-05-01,1338,boosting_news,22431.0,19787.69843591585
validation,1,1,2024-04-01,2024-05-01,1426,boosting_news,25114.0,22609.0908163329
validation,1,1,2024-04-01,2024-05-01,1443,boosting_news,45673.0,41550.20353832926
validation,1,1,2024-04-01,2024-05-01,1461,boosting_news,46143.0,41925.15708639195
validation,1,1,2024-04-01,2024-05-01,1494,boosting_news,29557.0,25695.40900558695
validation,1,1,2024-04-01,2024-05-01,1555,boosting_news,25692.0,22931.02745219354
validation,1,1,2024-04-01,2024-05-01,1573,boosting_news,23278.0,21210.06441768166
validation,1,1,2024-04-01,2024-05-01,1577,boosting_news,31530.0,27793.538474391466
validation,1,1,2024-04-01,2024-05-01,1746,boosting_news,18612.0,17455.795675407866
validation,1,1,2024-04-01,2024-05-01,1763,boosting_news,17798.0,15929.629956474482
validation,1,1,2024-04-01,2024-05-01,1770,boosting_news,27639.0,23293.17576535189
validation,1,1,2024-04-01,2024-05-01,1909,boosting_news,21292.0,19810.29283873375
validation,1,1,2024-04-01,2024-05-01,1923,boosting_news,18606.0,16188.95960260221
validation,1,1,2024-04-01,2024-05-01,1930,boosting_news,22825.0,20304.235740339154
validation,1,1,2024-04-01,2024-05-01,1956,boosting_news,31625.0,29056.60356646457
validation,1,1,2024-04-01,2024-05-01,1970,boosting_news,55061.0,48323.16633806328
validation,1,1,2024-04-01,2024-05-01,2006,boosting_news,34140.0,31881.03903189458
validation,1,1,2024-04-01,2024-05-01,2061,boosting_news,23782.0,19665.84505165062
validation,1,1,2024-04-01,2024-05-01,2062,boosting_news,28145.0,24782.76334322584
validation,1,1,2024-04-01,2024-05-01,2066,boosting_news,25122.0,21535.744834365687
validation,1,1,2024-04-01,2024-05-01,2078,boosting_news,17520.0,15850.708283692573
validation,1,1,2024-04-01,2024-05-01,2079,boosting_news,21273.0,21360.44899183288
validation,1,1,2024-04-01,2024-05-01,2093,boosting_news,21899.0,19031.652420903272
validation,1,1,2024-04-01,2024-05-01,2125,boosting_news,23180.0,20527.59303715892
validation,1,1,2024-04-01,2024-05-01,2127,boosting_news,24397.0,20332.39579475533
validation,1,1,2024-04-01,2024-05-01,2139,boosting_news,23798.0,23461.67648709625
validation,1,1,2024-04-01,2024-05-01,2217,boosting_news,45880.0,39880.132911285225
validation,1,1,2024-04-01,2024-05-01,2235,boosting_news,36563.0,32326.67998393702
validation,1,1,2024-04-01,2024-05-01,2245,boosting_news,46647.0,39473.06849876647
validation,1,1,2024-04-01,2024-05-01,2278,boosting_news,26664.0,23062.33799530602
validation,1,1,2024-04-01,2024-05-01,2310,boosting_news,26232.0,23329.5672544527
validation,1,1,2024-04-01,2024-05-01,2373,boosting_news,53297.0,47275.67196376548
validation,1,1,2024-04-01,2024-05-01,2395,boosting_news,39317.0,34190.37416117978
validation,1,1,2024-04-01,2024-05-01,2453,boosting_news,45293.0,40420.90107141251
validation,1,1,2024-04-01,2024-05-01,2478,boosting_news,46479.0,42198.38103805984
validation,1,1,2024-04-01,2024-05-01,2538,boosting_news,53871.0,48385.4416812868
validation,1,1,2024-04-01,2024-05-01,2562,boosting_news,50154.0,45674.5832879983
validation,1,1,2024-04-01,2024-05-01,2573,boosting_news,55204.0,51107.44900914496
validation,1,1,2024-04-01,2024-05-01,188,prophet,21125.0,20761.17159219939
validation,1,1,2024-04-01,2024-05-01,235,prophet,24589.0,21159.874274976548
validation,1,1,2024-04-01,2024-05-01,269,prophet,29526.0,27910.551673150338
validation,1,1,2024-04-01,2024-05-01,305,prophet,20441.0,18798.241994412325
validation,1,1,2024-04-01,2024-05-01,312,prophet,44534.0,42645.136156482105
validation,1,1,2024-04-01,2024-05-01,322,prophet,40374.0,37540.07327706725
validation,1,1,2024-04-01,2024-05-01,324,prophet,31090.0,30979.718784608493
validation,1,1,2024-04-01,2024-05-01,397,prophet,26285.0,25048.52471339496
validation,1,1,2024-04-01,2024-05-01,486,prophet,19826.0,18472.30288615935
validation,1,1,2024-04-01,2024-05-01,506,prophet,32683.0,31350.38143114452
validation,1,1,2024-04-01,2024-05-01,541,prophet,20915.0,20135.088771576466
validation,1,1,2024-04-01,2024-05-01,571,prophet,21819.0,19982.48559337818
validation,1,1,2024-04-01,2024-05-01,581,prophet,34500.0,31465.750138690382
validation,1,1,2024-04-01,2024-05-01,694,prophet,30206.0,27249.578733359176
validation,1,1,2024-04-01,2024-05-01,811,prophet,26172.0,26015.861202442364
validation,1,1,2024-04-01,2024-05-01,1053,prophet,25996.0,23013.026095211346
validation,1,1,2024-04-01,2024-05-01,1110,prophet,31120.0,29465.11029102385
validation,1,1,2024-04-01,2024-05-01,1112,prophet,27374.0,26118.70436052201
validation,1,1,2024-04-01,2024-05-01,1120,prophet,24138.0,21311.62211440385
validation,1,1,2024-04-01,2024-05-01,1184,prophet,28443.0,27543.23685280728
validation,1,1,2024-04-01,2024-05-01,1238,prophet,32641.0,31500.319021950032
validation,1,1,2024-04-01,2024-05-01,1254,prophet,25462.0,23851.2389749532
validation,1,1,2024-04-01,2024-05-01,1276,prophet,20337.0,18569.36313686288
validation,1,1,2024-04-01,2024-05-01,1286,prophet,22892.0,20432.5150423486
validation,1,1,2024-04-01,2024-05-01,1289,prophet,20317.0,19115.96871365339
validation,1,1,2024-04-01,2024-05-01,1292,prophet,21509.0,20013.48085701427
validation,1,1,2024-04-01,2024-05-01,1338,prophet,22431.0,20600.14126061668
validation,1,1,2024-04-01,2024-05-01,1426,prophet,25114.0,23468.446806335847
validation,1,1,2024-04-01,2024-05-01,1443,prophet,45673.0,44795.35880043869
validation,1,1,2024-04-01,2024-05-01,1461,prophet,46143.0,45535.37225072245
validation,1,1,2024-04-01,2024-05-01,1494,prophet,29557.0,27380.751983091723
validation,1,1,2024-04-01,2024-05-01,1555,prophet,25692.0,24115.137651780427
validation,1,1,2024-04-01,2024-05-01,1573,prophet,23278.0,22979.53260212444
validation,1,1,2024-04-01,2024-05-01,1577,prophet,31530.0,29616.26798036833
validation,1,1,2024-04-01,2024-05-01,1746,prophet,18612.0,17754.33274472622
validation,1,1,2024-04-01,2024-05-01,1763,prophet,17798.0,15364.340162355858
validation,1,1,2024-04-01,2024-05-01,1770,prophet,27639.0,24879.860238925176
validation,1,1,2024-04-01,2024-05-01,1909,prophet,21292.0,20935.53514246661
validation,1,1,2024-04-01,2024-05-01,1923,prophet,18606.0,16590.476856720692
validation,1,1,2024-04-01,2024-05-01,1930,prophet,22825.0,20728.900407429726
validation,1,1,2024-04-01,2024-05-01,1956,prophet,31625.0,29703.78900919588
validation,1,1,2024-04-01,2024-05-01,1970,prophet,55061.0,53789.13312001445
validation,1,1,2024-04-01,2024-05-01,2006,prophet,34140.0,33908.895419116845
validation,1,1,2024-04-01,2024-05-01,2061,prophet,23782.0,20864.28021403371
validation,1,1,2024-04-01,2024-05-01,2062,prophet,28145.0,26588.69404277345
validation,1,1,2024-04-01,2024-05-01,2066,prophet,25122.0,22148.62832592934
validation,1,1,2024-04-01,2024-05-01,2078,prophet,17520.0,15757.27473476254
validation,1,1,2024-04-01,2024-05-01,2079,prophet,21273.0,20435.59410275518
validation,1,1,2024-04-01,2024-05-01,2093,prophet,21899.0,19772.546900865964
validation,1,1,2024-04-01,2024-05-01,2125,prophet,23180.0,21548.21708981201
validation,1,1,2024-04-01,2024-05-01,2127,prophet,24397.0,21585.66946871481
validation,1,1,2024-04-01,2024-05-01,2139,prophet,23798.0,21882.214451630123
validation,1,1,2024-04-01,2024-05-01,2217,prophet,45880.0,44850.19152840802
validation,1,1,2024-04-01,2024-05-01,2235,prophet,36563.0,34754.56148812227
validation,1,1,2024-04-01,2024-05-01,2245,prophet,46647.0,43449.44086177526
validation,1,1,2024-04-01,2024-05-01,2278,prophet,26664.0,23555.93765477061
validation,1,1,2024-04-01,2024-05-01,2310,prophet,26232.0,24422.716448802494
validation,1,1,2024-04-01,2024-05-01,2373,prophet,53297.0,51375.09635418311
validation,1,1,2024-04-01,2024-05-01,2395,prophet,39317.0,38463.451663881526
validation,1,1,2024-04-01,2024-05-01,2453,prophet,45293.0,43957.574166287486
validation,1,1,2024-04-01,2024-05-01,2478,prophet,46479.0,44632.50807217501
validation,1,1,2024-04-01,2024-05-01,2538,prophet,53871.0,52669.735332174685
validation,1,1,2024-04-01,2024-05-01,2562,prophet,50154.0,48920.16481391046
validation,1,1,2024-04-01,2024-05-01,2573,prophet,55204.0,54855.66413133116
validation,1,1,2024-05-01,2024-06-01,188,last,21647.0,21125.0
validation,1,1,2024-05-01,2024-06-01,235,last,23926.0,24589.0
validation,1,1,2024-05-01,2024-06-01,269,last,29697.0,29526.0
validation,1,1,2024-05-01,2024-06-01,305,last,20687.0,20441.0
validation,1,1,2024-05-01,2024-06-01,312,last,48627.0,44534.0
validation,1,1,2024-05-01,2024-06-01,322,last,51459.0,40374.0
validation,1,1,2024-05-01,2024-06-01,324,last,37055.0,31090.0
validation,1,1,2024-05-01,2024-06-01,397,last,27061.0,26285.0
validation,1,1,2024-05-01,2024-06-01,486,last,20063.0,19826.0
validation,1,1,2024-05-01,2024-06-01,506,last,32755.0,32683.0
validation,1,1,2024-05-01,2024-06-01,541,last,22627.0,20915.0
validation,1,1,2024-05-01,2024-06-01,571,last,23012.0,21819.0
validation,1,1,2024-05-01,2024-06-01,581,last,35125.0,34500.0
validation,1,1,2024-05-01,2024-06-01,694,last,31174.0,30206.0
validation,1,1,2024-05-01,2024-06-01,811,last,27240.0,26172.0
validation,1,1,2024-05-01,2024-06-01,1053,last,25088.0,25996.0
validation,1,1,2024-05-01,2024-06-01,1110,last,31312.0,31120.0
validation,1,1,2024-05-01,2024-06-01,1112,last,27563.0,27374.0
validation,1,1,2024-05-01,2024-06-01,1120,last,24413.0,24138.0
validation,1,1,2024-05-01,2024-06-01,1184,last,29693.0,28443.0
validation,1,1,2024-05-01,2024-06-01,1238,last,34167.0,32641.0
validation,1,1,2024-05-01,2024-06-01,1254,last,26901.0,25462.0
validation,1,1,2024-05-01,2024-06-01,1276,last,19648.0,20337.0
validation,1,1,2024-05-01,2024-06-01,1286,last,22300.0,22892.0
validation,1,1,2024-05-01,2024-06-01,1289,last,20800.0,20317.0
validation,1,1,2024-05-01,2024-06-01,1292,last,21132.0,21509.0
validation,1,1,2024-05-01,2024-06-01,1338,last,22926.0,22431.0
validation,1,1,2024-05-01,2024-06-01,1426,last,24919.0,25114.0
validation,1,1,2024-05-01,2024-06-01,1443,last,45920.0,45673.0
validation,1,1,2024-05-01,2024-06-01,1461,last,46682.0,46143.0
validation,1,1,2024-05-01,2024-06-01,1494,last,29749.0,29557.0
validation,1,1,2024-05-01,2024-06-01,1555,last,26266.0,25692.0
validation,1,1,2024-05-01,2024-06-01,1573,last,25010.0,23278.0
validation,1,1,2024-05-01,2024-06-01,1577,last,30905.0,31530.0
validation,1,1,2024-05-01,2024-06-01,1746,last,18994.0,18612.0
validation,1,1,2024-05-01,2024-06-01,1770,last,27165.0,27639.0
validation,1,1,2024-05-01,2024-06-01,1909,last,22169.0,21292.0
validation,1,1,2024-05-01,2024-06-01,1923,last,19628.0,18606.0
validation,1,1,2024-05-01,2024-06-01,1930,last,23584.0,22825.0
validation,1,1,2024-05-01,2024-06-01,1956,last,32622.0,31625.0
validation,1,1,2024-05-01,2024-06-01,1970,last,61009.0,55061.0
validation,1,1,2024-05-01,2024-06-01,2006,last,35610.0,34140.0
validation,1,1,2024-05-01,2024-06-01,2061,last,22001.0,23782.0
validation,1,1,2024-05-01,2024-06-01,2062,last,28080.0,28145.0
validation,1,1,2024-05-01,2024-06-01,2066,last,25364.0,25122.0
validation,1,1,2024-05-01,2024-06-01,2078,last,18134.0,17520.0
validation,1,1,2024-05-01,2024-06-01,2079,last,21503.0,21273.0
validation,1,1,2024-05-01,2024-06-01,2093,last,21026.0,21899.0
validation,1,1,2024-05-01,2024-06-01,2125,last,23270.0,23180.0
validation,1,1,2024-05-01,2024-06-01,2127,last,24707.0,24397.0
validation,1,1,2024-05-01,2024-06-01,2139,last,24417.0,23798.0
validation,1,1,2024-05-01,2024-06-01,2217,last,47893.0,45880.0
validation,1,1,2024-05-01,2024-06-01,2235,last,37627.0,36563.0
validation,1,1,2024-05-01,2024-06-01,2245,last,49992.0,46647.0
validation,1,1,2024-05-01,2024-06-01,2278,last,26523.0,26664.0
validation,1,1,2024-05-01,2024-06-01,2310,last,26529.0,26232.0
validation,1,1,2024-05-01,2024-06-01,2373,last,53195.0,53297.0
validation,1,1,2024-05-01,2024-06-01,2395,last,38695.0,39317.0
validation,1,1,2024-05-01,2024-06-01,2453,last,44292.0,45293.0
validation,1,1,2024-05-01,2024-06-01,2478,last,46919.0,46479.0
validation,1,1,2024-05-01,2024-06-01,2538,last,54677.0,53871.0
validation,1,1,2024-05-01,2024-06-01,2562,last,51437.0,50154.0
validation,1,1,2024-05-01,2024-06-01,2573,last,55950.0,55204.0
validation,1,1,2024-05-01,2024-06-01,188,seasonal,21647.0,17848.0
validation,1,1,2024-05-01,2024-06-01,235,seasonal,23926.0,22024.0
validation,1,1,2024-05-01,2024-06-01,269,seasonal,29697.0,24309.0
validation,1,1,2024-05-01,2024-06-01,305,seasonal,20687.0,17416.0
validation,1,1,2024-05-01,2024-06-01,312,seasonal,48627.0,39791.0
validation,1,1,2024-05-01,2024-06-01,322,seasonal,51459.0,39006.0
validation,1,1,2024-05-01,2024-06-01,324,seasonal,37055.0,30961.0
validation,1,1,2024-05-01,2024-06-01,397,seasonal,27061.0,21486.0
validation,1,1,2024-05-01,2024-06-01,486,seasonal,20063.0,17775.0
validation,1,1,2024-05-01,2024-06-01,506,seasonal,32755.0,29464.0
validation,1,1,2024-05-01,2024-06-01,541,seasonal,22627.0,18955.0
validation,1,1,2024-05-01,2024-06-01,571,seasonal,23012.0,20041.0
validation,1,1,2024-05-01,2024-06-01,581,seasonal,35125.0,31247.0
validation,1,1,2024-05-01,2024-06-01,694,seasonal,31174.0,26690.0
validation,1,1,2024-05-01,2024-06-01,811,seasonal,27240.0,22346.0
validation,1,1,2024-05-01,2024-06-01,1053,seasonal,25088.0,22314.0
validation,1,1,2024-05-01,2024-06-01,1110,seasonal,31312.0,26546.0
validation,1,1,2024-05-01,2024-06-01,1112,seasonal,27563.0,23000.0
validation,1,1,2024-05-01,2024-06-01,1120,seasonal,24413.0,19853.0
validation,1,1,2024-05-01,2024-06-01,1184,seasonal,29693.0,25678.0
validation,1,1,2024-05-01,2024-06-01,1238,seasonal,34167.0,27973.0
validation,1,1,2024-05-01,2024-06-01,1254,seasonal,26901.0,22750.0
validation,1,1,2024-05-01,2024-06-01,1276,seasonal,19648.0,18464.0
validation,1,1,2024-05-01,2024-06-01,1286,seasonal,22300.0,18782.0
validation,1,1,2024-05-01,2024-06-01,1289,seasonal,20800.0,18669.0
validation,1,1,2024-05-01,2024-06-01,1292,seasonal,21132.0,18932.0
validation,1,1,2024-05-01,2024-06-01,1338,seasonal,22926.0,19904.0
validation,1,1,2024-05-01,2024-06-01,1426,seasonal,24919.0,20663.0
validation,1,1,2024-05-01,2024-06-01,1443,seasonal,45920.0,38747.0
validation,1,1,2024-05-01,2024-06-01,1461,seasonal,46682.0,39692.0
validation,1,1,2024-05-01,2024-06-01,1494,seasonal,29749.0,26874.0
validation,1,1,2024-05-01,2024-06-01,1555,seasonal,26266.0,22422.0
validation,1,1,2024-05-01,2024-06-01,1573,seasonal,25010.0,21660.0
validation,1,1,2024-05-01,2024-06-01,1577,seasonal,30905.0,26520.0
validation,1,1,2024-05-01,2024-06-01,1746,seasonal,18994.0,16648.0
validation,1,1,2024-05-01,2024-06-01,1770,seasonal,27165.0,22838.0
validation,1,1,2024-05-01,2024-06-01,1909,seasonal,22169.0,18896.0
validation,1,1,2024-05-01,2024-06-01,1923,seasonal,19628.0,17795.0
validation,1,1,2024-05-01,2024-06-01,1930,seasonal,23584.0,19383.0
validation,1,1,2024-05-01,2024-06-01,1956,seasonal,32622.0,34993.0
validation,1,1,2024-05-01,2024-06-01,1970,seasonal,61009.0,51977.0
validation,1,1,2024-05-01,2024-06-01,2006,seasonal,35610.0,28862.0
validation,1,1,2024-05-01,2024-06-01,2061,seasonal,22001.0,19675.0
validation,1,1,2024-05-01,2024-06-01,2062,seasonal,28080.0,24238.0
validation,1,1,2024-05-01,2024-06-01,2066,seasonal,25364.0,20483.0
validation,1,1,2024-05-01,2024-06-01,2078,seasonal,18134.0,15545.0
validation,1,1,2024-05-01,2024-06-01,2079,seasonal,21503.0,18315.0
validation,1,1,2024-05-01,2024-06-01,2093,seasonal,21026.0,17888.0
validation,1,1,2024-05-01,2024-06-01,2125,seasonal,23270.0,18561.0
validation,1,1,2024-05-01,2024-06-01,2127,seasonal,24707.0,18975.0
validation,1,1,2024-05-01,2024-06-01,2139,seasonal,24417.0,20439.0
validation,1,1,2024-05-01,2024-06-01,2217,seasonal,47893.0,40112.0
validation,1,1,2024-05-01,2024-06-01,2235,seasonal,37627.0,32207.0
validation,1,1,2024-05-01,2024-06-01,2245,seasonal,49992.0,41895.0
validation,1,1,2024-05-01,2024-06-01,2278,seasonal,26523.0,21857.0
validation,1,1,2024-05-01,2024-06-01,2310,seasonal,26529.0,22778.0
validation,1,1,2024-05-01,2024-06-01,2373,seasonal,53195.0,44048.0
validation,1,1,2024-05-01,2024-06-01,2395,seasonal,38695.0,32877.0
validation,1,1,2024-05-01,2024-06-01,2453,seasonal,44292.0,38100.0
validation,1,1,2024-05-01,2024-06-01,2478,seasonal,46919.0,40942.0
validation,1,1,2024-05-01,2024-06-01,2538,seasonal,54677.0,45284.0
validation,1,1,2024-05-01,2024-06-01,2562,seasonal,51437.0,42367.0
validation,1,1,2024-05-01,2024-06-01,2573,seasonal,55950.0,47080.0
validation,1,1,2024-05-01,2024-06-01,188,seasonal_scaled,21647.0,21191.49055755396
validation,1,1,2024-05-01,2024-06-01,235,seasonal_scaled,23926.0,24632.8811744068
validation,1,1,2024-05-01,2024-06-01,269,seasonal_scaled,29697.0,28894.828260869566
validation,1,1,2024-05-01,2024-06-01,305,seasonal_scaled,20687.0,20030.40882237101
validation,1,1,2024-05-01,2024-06-01,312,seasonal_scaled,48627.0,48136.59288838182
validation,1,1,2024-05-01,2024-06-01,322,seasonal_scaled,51459.0,45747.03265393234
validation,1,1,2024-05-01,2024-06-01,324,seasonal_scaled,37055.0,36406.10779122541
validation,1,1,2024-05-01,2024-06-01,397,seasonal_scaled,27061.0,25946.86713222457
validation,1,1,2024-05-01,2024-06-01,486,seasonal_scaled,20063.0,19684.25124280847
validation,1,1,2024-05-01,2024-06-01,506,seasonal_scaled,32755.0,34918.11995068533
validation,1,1,2024-05-01,2024-06-01,541,seasonal_scaled,22627.0,21929.62855404359
validation,1,1,2024-05-01,2024-06-01,571,seasonal_scaled,23012.0,22793.71241659716
validation,1,1,2024-05-01,2024-06-01,581,seasonal_scaled,35125.0,36486.20794693021
validation,1,1,2024-05-01,2024-06-01,694,seasonal_scaled,31174.0,31900.710551713044
validation,1,1,2024-05-01,2024-06-01,811,seasonal_scaled,27240.0,27301.07329214632
validation,1,1,2024-05-01,2024-06-01,1053,seasonal_scaled,25088.0,25339.627118644068
validation,1,1,2024-05-01,2024-06-01,1110,seasonal_scaled,31312.0,31880.196040597384
validation,1,1,2024-05-01,2024-06-01,1112,seasonal_scaled,27563.0,27488.73559203633
validation,1,1,2024-05-01,2024-06-01,1120,seasonal_scaled,24413.0,22351.292630597018
validation,1,1,2024-05-01,2024-06-01,1184,seasonal_scaled,29693.0,28660.65039438057
validation,1,1,2024-05-01,2024-06-01,1238,seasonal_scaled,34167.0,33868.71519715123
validation,1,1,2024-05-01,2024-06-01,1254,seasonal_scaled,26901.0,26591.098971722364
validation,1,1,2024-05-01,2024-06-01,1276,seasonal_scaled,19648.0,19540.47528825853
validation,1,1,2024-05-01,2024-06-01,1286,seasonal_scaled,22300.0,22262.761083483227
validation,1,1,2024-05-01,2024-06-01,1289,seasonal_scaled,20800.0,20387.29615765716
validation,1,1,2024-05-01,2024-06-01,1292,seasonal_scaled,21132.0,21450.714661230624
validation,1,1,2024-05-01,2024-06-01,1338,seasonal_scaled,22926.0,22354.461664784976
validation,1,1,2024-05-01,2024-06-01,1426,seasonal_scaled,24919.0,24382.39825212611
validation,1,1,2024-05-01,2024-06-01,1443,seasonal_scaled,45920.0,46080.97154503006
validation,1,1,2024-05-01,2024-06-01,1461,seasonal_scaled,46682.0,47177.71318815376
validation,1,1,2024-05-01,2024-06-01,1494,seasonal_scaled,29749.0,29662.949590962213
validation,1,1,2024-05-01,2024-06-01,1555,seasonal_scaled,26266.0,25713.789403204926
validation,1,1,2024-05-01,2024-06-01,1573,seasonal_scaled,25010.0,24652.91805202425
validation,1,1,2024-05-01,2024-06-01,1577,seasonal_scaled,30905.0,30943.53236670853
validation,1,1,2024-05-01,2024-06-01,1746,seasonal_scaled,18994.0,18000.033461136285
validation,1,1,2024-05-01,2024-06-01,1770,seasonal_scaled,27165.0,26495.58402527076
validation,1,1,2024-05-01,2024-06-01,1909,seasonal_scaled,22169.0,21013.978481144888
validation,1,1,2024-05-01,2024-06-01,1923,seasonal_scaled,19628.0,18527.879195784168
validation,1,1,2024-05-01,2024-06-01,1930,seasonal_scaled,23584.0,22853.296916163024
validation,1,1,2024-05-01,2024-06-01,1956,seasonal_scaled,32622.0,31982.36012369228
validation,1,1,2024-05-01,2024-06-01,1970,seasonal_scaled,61009.0,60076.38783889468
validation,1,1,2024-05-01,2024-06-01,2006,seasonal_scaled,35610.0,34784.29180650192
validation,1,1,2024-05-01,2024-06-01,2061,seasonal_scaled,22001.0,22952.42705570292
validation,1,1,2024-05-01,2024-06-01,2062,seasonal_scaled,28080.0,29083.326654160985
validation,1,1,2024-05-01,2024-06-01,2066,seasonal_scaled,25364.0,24360.918832785577
validation,1,1,2024-05-01,2024-06-01,2078,seasonal_scaled,18134.0,18034.08473906168
validation,1,1,2024-05-01,2024-06-01,2079,seasonal_scaled,21503.0,21580.48763082778
validation,1,1,2024-05-01,2024-06-01,2093,seasonal_scaled,21026.0,21929.132521739128
validation,1,1,2024-05-01,2024-06-01,2125,seasonal_scaled,23270.0,21743.77015212008
validation,1,1,2024-05-01,2024-06-01,2127,seasonal_scaled,24707.0,23360.40142302064
validation,1,1,2024-05-01,2024-06-01,2139,seasonal_scaled,24417.0,24248.832045465875
validation,1,1,2024-05-01,2024-06-01,2217,seasonal_scaled,47893.0,47425.71739424612
validation,1,1,2024-05-01,2024-06-01,2235,seasonal_scaled,37627.0,36566.406067569245
validation,1,1,2024-05-01,2024-06-01,2245,seasonal_scaled,49992.0,47949.4581298918
validation,1,1,2024-05-01,2024-06-01,2278,seasonal_scaled,26523.0,25339.588479052825
validation,1,1,2024-05-01,2024-06-01,2310,seasonal_scaled,26529.0,25758.179764624736
validation,1,1,2024-05-01,2024-06-01,2373,seasonal_scaled,53195.0,53406.10792792373
validation,1,1,2024-05-01,2024-06-01,2395,seasonal_scaled,38695.0,38612.33112286047
validation,1,1,2024-05-01,2024-06-01,2453,seasonal_scaled,44292.0,44787.52400726706
validation,1,1,2024-05-01,2024-06-01,2478,seasonal_scaled,46919.0,46644.19486726965
validation,1,1,2024-05-01,2024-06-01,2538,seasonal_scaled,54677.0,54513.560005424224
validation,1,1,2024-05-01,2024-06-01,2562,seasonal_scaled,51437.0,50789.93305539011
validation,1,1,2024-05-01,2024-06-01,2573,seasonal_scaled,55950.0,56798.179924489
validation,1,1,2024-05-01,2024-06-01,188,ridge,21647.0,20101.59784426337
validation,1,1,2024-05-01,2024-06-01,235,ridge,23926.0,22973.38934382422
validation,1,1,2024-05-01,2024-06-01,269,ridge,29697.0,27760.43665134864
validation,1,1,2024-05-01,2024-06-01,305,ridge,20687.0,19107.087217138207
validation,1,1,2024-05-01,2024-06-01,312,ridge,48627.0,41872.68638534122
validation,1,1,2024-05-01,2024-06-01,322,ridge,51459.0,39107.806846524574
validation,1,1,2024-05-01,2024-06-01,324,ridge,37055.0,30588.04101403842
validation,1,1,2024-05-01,2024-06-01,397,ridge,27061.0,24538.301090381105
validation,1,1,2024-05-01,2024-06-01,486,ridge,20063.0,19022.975010186845
validation,1,1,2024-05-01,2024-06-01,506,ridge,32755.0,30830.461804289425
validation,1,1,2024-05-01,2024-06-01,541,ridge,22627.0,19465.861180884785
validation,1,1,2024-05-01,2024-06-01,571,ridge,23012.0,20158.0099202706
validation,1,1,2024-05-01,2024-06-01,581,ridge,35125.0,32301.601068809177
validation,1,1,2024-05-01,2024-06-01,694,ridge,31174.0,28945.14667638401
validation,1,1,2024-05-01,2024-06-01,811,ridge,27240.0,24933.402773403755
validation,1,1,2024-05-01,2024-06-01,1053,ridge,25088.0,24199.65652500589
validation,1,1,2024-05-01,2024-06-01,1110,ridge,31312.0,28926.105249015407
validation,1,1,2024-05-01,2024-06-01,1112,ridge,27563.0,25567.90226713722
validation,1,1,2024-05-01,2024-06-01,1120,ridge,24413.0,22520.56754300777
validation,1,1,2024-05-01,2024-06-01,1184,ridge,29693.0,27329.849130603507
validation,1,1,2024-05-01,2024-06-01,1238,ridge,34167.0,30579.43766433684
validation,1,1,2024-05-01,2024-06-01,1254,ridge,26901.0,23694.805166038568
validation,1,1,2024-05-01,2024-06-01,1276,ridge,19648.0,18921.743205768613
validation,1,1,2024-05-01,2024-06-01,1286,ridge,22300.0,20996.861265989184
validation,1,1,2024-05-01,2024-06-01,1289,ridge,20800.0,19178.99184037905
validation,1,1,2024-05-01,2024-06-01,1292,ridge,21132.0,20356.01780708796
validation,1,1,2024-05-01,2024-06-01,1338,ridge,22926.0,21231.2320034344
validation,1,1,2024-05-01,2024-06-01,1426,ridge,24919.0,23720.74989823592
validation,1,1,2024-05-01,2024-06-01,1443,ridge,45920.0,43033.23525550485
validation,1,1,2024-05-01,2024-06-01,1461,ridge,46682.0,43541.69243076675
validation,1,1,2024-05-01,2024-06-01,1494,ridge,29749.0,27828.61993830103
validation,1,1,2024-05-01,2024-06-01,1555,ridge,26266.0,24292.175621735056
validation,1,1,2024-05-01,2024-06-01,1573,ridge,25010.0,22170.50827032589
validation,1,1,2024-05-01,2024-06-01,1577,ridge,30905.0,29295.40055015334
validation,1,1,2024-05-01,2024-06-01,1746,ridge,18994.0,17816.53269059371
validation,1,1,2024-05-01,2024-06-01,1770,ridge,27165.0,25381.31817936988
validation,1,1,2024-05-01,2024-06-01,1909,ridge,22169.0,20422.030351465084
validation,1,1,2024-05-01,2024-06-01,1923,ridge,19628.0,17306.04997087826
validation,1,1,2024-05-01,2024-06-01,1930,ridge,23584.0,21236.50091441432
validation,1,1,2024-05-01,2024-06-01,1956,ridge,32622.0,31216.079033857928
validation,1,1,2024-05-01,2024-06-01,1970,ridge,61009.0,52065.32757313413
validation,1,1,2024-05-01,2024-06-01,2006,ridge,35610.0,32720.628018545976
validation,1,1,2024-05-01,2024-06-01,2061,ridge,22001.0,21464.4723056576
validation,1,1,2024-05-01,2024-06-01,2062,ridge,28080.0,26427.38149962456
validation,1,1,2024-05-01,2024-06-01,2066,ridge,25364.0,22590.64293653445
validation,1,1,2024-05-01,2024-06-01,2078,ridge,18134.0,16712.17191179476
validation,1,1,2024-05-01,2024-06-01,2079,ridge,21503.0,20072.815501749523
validation,1,1,2024-05-01,2024-06-01,2093,ridge,21026.0,20423.951222415184
validation,1,1,2024-05-01,2024-06-01,2125,ridge,23270.0,21456.19435811442
validation,1,1,2024-05-01,2024-06-01,2127,ridge,24707.0,21550.05221315268
validation,1,1,2024-05-01,2024-06-01,2139,ridge,24417.0,22109.924610853683
validation,1,1,2024-05-01,2024-06-01,2217,ridge,47893.0,42848.61793692524
validation,1,1,2024-05-01,2024-06-01,2235,ridge,37627.0,34351.55821436352
validation,1,1,2024-05-01,2024-06-01,2245,ridge,49992.0,42769.4289233361
validation,1,1,2024-05-01,2024-06-01,2278,ridge,26523.0,24601.64006889893
validation,1,1,2024-05-01,2024-06-01,2310,ridge,26529.0,24853.812593323248
validation,1,1,2024-05-01,2024-06-01,2373,ridge,53195.0,49953.84088360225
validation,1,1,2024-05-01,2024-06-01,2395,ridge,38695.0,36441.35029948188
validation,1,1,2024-05-01,2024-06-01,2453,ridge,44292.0,42422.91982196995
validation,1,1,2024-05-01,2024-06-01,2478,ridge,46919.0,44133.60107398312
validation,1,1,2024-05-01,2024-06-01,2538,ridge,54677.0,50685.14749777327
validation,1,1,2024-05-01,2024-06-01,2562,ridge,51437.0,47603.335854402045
validation,1,1,2024-05-01,2024-06-01,2573,ridge,55950.0,52630.74928084185
validation,1,1,2024-05-01,2024-06-01,188,boosting,21647.0,21626.681385856817
validation,1,1,2024-05-01,2024-06-01,235,boosting,23926.0,24942.27370405778
validation,1,1,2024-05-01,2024-06-01,269,boosting,29697.0,29720.83207057047
validation,1,1,2024-05-01,2024-06-01,305,boosting,20687.0,20799.608336154022
validation,1,1,2024-05-01,2024-06-01,312,boosting,48627.0,45351.54702038092
validation,1,1,2024-05-01,2024-06-01,322,boosting,51459.0,41776.36444504336
validation,1,1,2024-05-01,2024-06-01,324,boosting,37055.0,32496.056564042323
validation,1,1,2024-05-01,2024-06-01,397,boosting,27061.0,26650.65078596532
validation,1,1,2024-05-01,2024-06-01,486,boosting,20063.0,20417.2849166965
validation,1,1,2024-05-01,2024-06-01,506,boosting,32755.0,33626.03269185109
validation,1,1,2024-05-01,2024-06-01,541,boosting,22627.0,21497.83446451916
validation,1,1,2024-05-01,2024-06-01,571,boosting,23012.0,22421.27435737908
validation,1,1,2024-05-01,2024-06-01,581,boosting,35125.0,35552.84035378331
validation,1,1,2024-05-01,2024-06-01,694,boosting,31174.0,30981.27965915729
validation,1,1,2024-05-01,2024-06-01,811,boosting,27240.0,26774.564187488973
validation,1,1,2024-05-01,2024-06-01,1053,boosting,25088.0,26236.69617029017
validation,1,1,2024-05-01,2024-06-01,1110,boosting,31312.0,31494.538032688662
validation,1,1,2024-05-01,2024-06-01,1112,boosting,27563.0,27844.52821898697
validation,1,1,2024-05-01,2024-06-01,1120,boosting,24413.0,24611.14437125174
validation,1,1,2024-05-01,2024-06-01,1184,boosting,29693.0,29322.921706053115
validation,1,1,2024-05-01,2024-06-01,1238,boosting,34167.0,33086.878171911885
validation,1,1,2024-05-01,2024-06-01,1254,boosting,26901.0,26190.513384640853
validation,1,1,2024-05-01,2024-06-01,1276,boosting,19648.0,20677.582966205413
validation,1,1,2024-05-01,2024-06-01,1286,boosting,22300.0,22982.935517943595
validation,1,1,2024-05-01,2024-06-01,1289,boosting,20800.0,21120.30882699369
validation,1,1,2024-05-01,2024-06-01,1292,boosting,21132.0,21999.40413855485
validation,1,1,2024-05-01,2024-06-01,1338,boosting,22926.0,22961.732760515148
validation,1,1,2024-05-01,2024-06-01,1426,boosting,24919.0,25583.685975766497
validation,1,1,2024-05-01,2024-06-01,1443,boosting,45920.0,46047.64749273391
validation,1,1,2024-05-01,2024-06-01,1461,boosting,46682.0,46638.40198700479
validation,1,1,2024-05-01,2024-06-01,1494,boosting,29749.0,30501.015350206308
validation,1,1,2024-05-01,2024-06-01,1555,boosting,26266.0,26173.1123874066
validation,1,1,2024-05-01,2024-06-01,1573,boosting,25010.0,24332.02396450736
validation,1,1,2024-05-01,2024-06-01,1577,boosting,30905.0,31848.837355988013
validation,1,1,2024-05-01,2024-06-01,1746,boosting,18994.0,19365.70744089273
validation,1,1,2024-05-01,2024-06-01,1770,boosting,27165.0,27949.04820528463
validation,1,1,2024-05-01,2024-06-01,1909,boosting,22169.0,21892.39461755976
validation,1,1,2024-05-01,2024-06-01,1923,boosting,19628.0,19112.635296643297
validation,1,1,2024-05-01,2024-06-01,1930,boosting,23584.0,23204.708612409875
validation,1,1,2024-05-01,2024-06-01,1956,boosting,32622.0,33228.13753150934
validation,1,1,2024-05-01,2024-06-01,1970,boosting,61009.0,56170.337116662864
validation,1,1,2024-05-01,2024-06-01,2006,boosting,35610.0,34576.50176590723
validation,1,1,2024-05-01,2024-06-01,2061,boosting,22001.0,23926.902732528262
validation,1,1,2024-05-01,2024-06-01,2062,boosting,28080.0,28479.81405070645
validation,1,1,2024-05-01,2024-06-01,2066,boosting,25364.0,25228.19140113927
validation,1,1,2024-05-01,2024-06-01,2078,boosting,18134.0,17941.094546565113
validation,1,1,2024-05-01,2024-06-01,2079,boosting,21503.0,21738.524217747647
validation,1,1,2024-05-01,2024-06-01,2093,boosting,21026.0,22264.994196917967
validation,1,1,2024-05-01,2024-06-01,2125,boosting,23270.0,23471.0208555948
validation,1,1,2024-05-01,2024-06-01,2127,boosting,24707.0,24312.21165432274
validation,1,1,2024-05-01,2024-06-01,2139,boosting,24417.0,24296.941391202337
validation,1,1,2024-05-01,2024-06-01,2217,boosting,47893.0,46943.19304347553
validation,1,1,2024-05-01,2024-06-01,2235,boosting,37627.0,37353.128049409286
validation,1,1,2024-05-01,2024-06-01,2245,boosting,49992.0,46339.53829097397
validation,1,1,2024-05-01,2024-06-01,2278,boosting,26523.0,27089.41719617231
validation,1,1,2024-05-01,2024-06-01,2310,boosting,26529.0,26831.14011744352
validation,1,1,2024-05-01,2024-06-01,2373,boosting,53195.0,53786.51185837799
validation,1,1,2024-05-01,2024-06-01,2395,boosting,38695.0,39726.299980873264
validation,1,1,2024-05-01,2024-06-01,2453,boosting,44292.0,45883.99910595205
validation,1,1,2024-05-01,2024-06-01,2478,boosting,46919.0,47201.97150700502
validation,1,1,2024-05-01,2024-06-01,2538,boosting,54677.0,54171.39231925935
validation,1,1,2024-05-01,2024-06-01,2562,boosting,51437.0,50570.492709682105
validation,1,1,2024-05-01,2024-06-01,2573,boosting,55950.0,55759.4528559838
validation,1,1,2024-05-01,2024-06-01,188,boosting_news,21647.0,21626.681385856817
validation,1,1,2024-05-01,2024-06-01,235,boosting_news,23926.0,24942.27370405778
validation,1,1,2024-05-01,2024-06-01,269,boosting_news,29697.0,29720.83207057047
validation,1,1,2024-05-01,2024-06-01,305,boosting_news,20687.0,20799.608336154022
validation,1,1,2024-05-01,2024-06-01,312,boosting_news,48627.0,45351.54702038092
validation,1,1,2024-05-01,2024-06-01,322,boosting_news,51459.0,41776.36444504336
validation,1,1,2024-05-01,2024-06-01,324,boosting_news,37055.0,32496.056564042323
validation,1,1,2024-05-01,2024-06-01,397,boosting_news,27061.0,26650.65078596532
validation,1,1,2024-05-01,2024-06-01,486,boosting_news,20063.0,20417.2849166965
validation,1,1,2024-05-01,2024-06-01,506,boosting_news,32755.0,33626.03269185109
validation,1,1,2024-05-01,2024-06-01,541,boosting_news,22627.0,21497.83446451916
validation,1,1,2024-05-01,2024-06-01,571,boosting_news,23012.0,22421.27435737908
validation,1,1,2024-05-01,2024-06-01,581,boosting_news,35125.0,35552.84035378331
validation,1,1,2024-05-01,2024-06-01,694,boosting_news,31174.0,30981.27965915729
validation,1,1,2024-05-01,2024-06-01,811,boosting_news,27240.0,26774.564187488973
validation,1,1,2024-05-01,2024-06-01,1053,boosting_news,25088.0,26236.69617029017
validation,1,1,2024-05-01,2024-06-01,1110,boosting_news,31312.0,31494.538032688662
validation,1,1,2024-05-01,2024-06-01,1112,boosting_news,27563.0,27844.52821898697
validation,1,1,2024-05-01,2024-06-01,1120,boosting_news,24413.0,24611.14437125174
validation,1,1,2024-05-01,2024-06-01,1184,boosting_news,29693.0,29322.921706053115
validation,1,1,2024-05-01,2024-06-01,1238,boosting_news,34167.0,33086.878171911885
validation,1,1,2024-05-01,2024-06-01,1254,boosting_news,26901.0,26190.513384640853
validation,1,1,2024-05-01,2024-06-01,1276,boosting_news,19648.0,20677.582966205413
validation,1,1,2024-05-01,2024-06-01,1286,boosting_news,22300.0,22982.935517943595
validation,1,1,2024-05-01,2024-06-01,1289,boosting_news,20800.0,21120.30882699369
validation,1,1,2024-05-01,2024-06-01,1292,boosting_news,21132.0,21999.40413855485
validation,1,1,2024-05-01,2024-06-01,1338,boosting_news,22926.0,22961.732760515148
validation,1,1,2024-05-01,2024-06-01,1426,boosting_news,24919.0,25583.685975766497
validation,1,1,2024-05-01,2024-06-01,1443,boosting_news,45920.0,46047.64749273391
validation,1,1,2024-05-01,2024-06-01,1461,boosting_news,46682.0,46638.40198700479
validation,1,1,2024-05-01,2024-06-01,1494,boosting_news,29749.0,30501.015350206308
validation,1,1,2024-05-01,2024-06-01,1555,boosting_news,26266.0,26173.1123874066
validation,1,1,2024-05-01,2024-06-01,1573,boosting_news,25010.0,24332.02396450736
validation,1,1,2024-05-01,2024-06-01,1577,boosting_news,30905.0,31848.837355988013
validation,1,1,2024-05-01,2024-06-01,1746,boosting_news,18994.0,19365.70744089273
validation,1,1,2024-05-01,2024-06-01,1770,boosting_news,27165.0,27949.04820528463
validation,1,1,2024-05-01,2024-06-01,1909,boosting_news,22169.0,21892.39461755976
validation,1,1,2024-05-01,2024-06-01,1923,boosting_news,19628.0,19112.635296643297
validation,1,1,2024-05-01,2024-06-01,1930,boosting_news,23584.0,23204.708612409875
validation,1,1,2024-05-01,2024-06-01,1956,boosting_news,32622.0,33228.13753150934
validation,1,1,2024-05-01,2024-06-01,1970,boosting_news,61009.0,56170.337116662864
validation,1,1,2024-05-01,2024-06-01,2006,boosting_news,35610.0,34576.50176590723
validation,1,1,2024-05-01,2024-06-01,2061,boosting_news,22001.0,23926.902732528262
validation,1,1,2024-05-01,2024-06-01,2062,boosting_news,28080.0,28479.81405070645
validation,1,1,2024-05-01,2024-06-01,2066,boosting_news,25364.0,25228.19140113927
validation,1,1,2024-05-01,2024-06-01,2078,boosting_news,18134.0,17941.094546565113
validation,1,1,2024-05-01,2024-06-01,2079,boosting_news,21503.0,21738.524217747647
validation,1,1,2024-05-01,2024-06-01,2093,boosting_news,21026.0,22264.994196917967
validation,1,1,2024-05-01,2024-06-01,2125,boosting_news,23270.0,23471.0208555948
validation,1,1,2024-05-01,2024-06-01,2127,boosting_news,24707.0,24312.21165432274
validation,1,1,2024-05-01,2024-06-01,2139,boosting_news,24417.0,24296.941391202337
validation,1,1,2024-05-01,2024-06-01,2217,boosting_news,47893.0,46943.19304347553
validation,1,1,2024-05-01,2024-06-01,2235,boosting_news,37627.0,37353.128049409286
validation,1,1,2024-05-01,2024-06-01,2245,boosting_news,49992.0,46339.53829097397
validation,1,1,2024-05-01,2024-06-01,2278,boosting_news,26523.0,27089.41719617231
validation,1,1,2024-05-01,2024-06-01,2310,boosting_news,26529.0,26831.14011744352
validation,1,1,2024-05-01,2024-06-01,2373,boosting_news,53195.0,53786.51185837799
validation,1,1,2024-05-01,2024-06-01,2395,boosting_news,38695.0,39726.299980873264
validation,1,1,2024-05-01,2024-06-01,2453,boosting_news,44292.0,45883.99910595205
validation,1,1,2024-05-01,2024-06-01,2478,boosting_news,46919.0,47201.97150700502
validation,1,1,2024-05-01,2024-06-01,2538,boosting_news,54677.0,54171.39231925935
validation,1,1,2024-05-01,2024-06-01,2562,boosting_news,51437.0,50570.492709682105
validation,1,1,2024-05-01,2024-06-01,2573,boosting_news,55950.0,55759.4528559838
validation,1,1,2024-05-01,2024-06-01,188,prophet,21647.0,21033.58276129893
validation,1,1,2024-05-01,2024-06-01,235,prophet,23926.0,22614.424289548075
validation,1,1,2024-05-01,2024-06-01,269,prophet,29697.0,28754.22067368044
validation,1,1,2024-05-01,2024-06-01,305,prophet,20687.0,20188.892737780607
validation,1,1,2024-05-01,2024-06-01,312,prophet,48627.0,45881.531089479045
validation,1,1,2024-05-01,2024-06-01,322,prophet,51459.0,45529.46672614747
validation,1,1,2024-05-01,2024-06-01,324,prophet,37055.0,33797.872685123344
validation,1,1,2024-05-01,2024-06-01,397,prophet,27061.0,26128.856418867428
validation,1,1,2024-05-01,2024-06-01,486,prophet,20063.0,19137.61130970736
validation,1,1,2024-05-01,2024-06-01,506,prophet,32755.0,33912.17020663609
validation,1,1,2024-05-01,2024-06-01,541,prophet,22627.0,21498.48547254924
validation,1,1,2024-05-01,2024-06-01,571,prophet,23012.0,21714.32912088077
validation,1,1,2024-05-01,2024-06-01,581,prophet,35125.0,34318.22230840808
validation,1,1,2024-05-01,2024-06-01,694,prophet,31174.0,30249.19248865945
validation,1,1,2024-05-01,2024-06-01,811,prophet,27240.0,27134.36307622186
validation,1,1,2024-05-01,2024-06-01,1053,prophet,25088.0,24249.61218898428
validation,1,1,2024-05-01,2024-06-01,1110,prophet,31312.0,31129.80994179108
validation,1,1,2024-05-01,2024-06-01,1112,prophet,27563.0,27097.98144012826
validation,1,1,2024-05-01,2024-06-01,1120,prophet,24413.0,22101.721707847857
validation,1,1,2024-05-01,2024-06-01,1184,prophet,29693.0,29118.97233452259
validation,1,1,2024-05-01,2024-06-01,1238,prophet,34167.0,33063.658938842964
validation,1,1,2024-05-01,2024-06-01,1254,prophet,26901.0,25299.21540321086
validation,1,1,2024-05-01,2024-06-01,1276,prophet,19648.0,19727.059236090096
validation,1,1,2024-05-01,2024-06-01,1286,prophet,22300.0,21644.477420184823
validation,1,1,2024-05-01,2024-06-01,1289,prophet,20800.0,20220.67158356616
validation,1,1,2024-05-01,2024-06-01,1292,prophet,21132.0,20934.441383894977
validation,1,1,2024-05-01,2024-06-01,1338,prophet,22926.0,21928.83892601017
validation,1,1,2024-05-01,2024-06-01,1426,prophet,24919.0,24266.471341465127
validation,1,1,2024-05-01,2024-06-01,1443,prophet,45920.0,45870.32537874303
validation,1,1,2024-05-01,2024-06-01,1461,prophet,46682.0,46591.65704901045
validation,1,1,2024-05-01,2024-06-01,1494,prophet,29749.0,28952.401443608604
validation,1,1,2024-05-01,2024-06-01,1555,prophet,26266.0,25472.208358298725
validation,1,1,2024-05-01,2024-06-01,1573,prophet,25010.0,24097.61451140024
validation,1,1,2024-05-01,2024-06-01,1577,prophet,30905.0,30715.167627714563
validation,1,1,2024-05-01,2024-06-01,1746,prophet,18994.0,18221.41020647917
validation,1,1,2024-05-01,2024-06-01,1770,prophet,27165.0,26605.36957696644
validation,1,1,2024-05-01,2024-06-01,1909,prophet,22169.0,21443.185864875
validation,1,1,2024-05-01,2024-06-01,1923,prophet,19628.0,17341.15672486144
validation,1,1,2024-05-01,2024-06-01,1930,prophet,23584.0,21850.98051557436
validation,1,1,2024-05-01,2024-06-01,1956,prophet,32622.0,32074.114395236847
validation,1,1,2024-05-01,2024-06-01,1970,prophet,61009.0,59876.67766715646
validation,1,1,2024-05-01,2024-06-01,2006,prophet,35610.0,34641.848659309835
validation,1,1,2024-05-01,2024-06-01,2061,prophet,22001.0,22546.18724867603
validation,1,1,2024-05-01,2024-06-01,2062,prophet,28080.0,27906.397058145107
validation,1,1,2024-05-01,2024-06-01,2066,prophet,25364.0,24147.56810570005
validation,1,1,2024-05-01,2024-06-01,2078,prophet,18134.0,16849.52270353136
validation,1,1,2024-05-01,2024-06-01,2079,prophet,21503.0,22012.72092548479
validation,1,1,2024-05-01,2024-06-01,2093,prophet,21026.0,21277.136034370225
validation,1,1,2024-05-01,2024-06-01,2125,prophet,23270.0,22556.12482585405
validation,1,1,2024-05-01,2024-06-01,2127,prophet,24707.0,22318.20076950673
validation,1,1,2024-05-01,2024-06-01,2139,prophet,24417.0,23435.739089410374
validation,1,1,2024-05-01,2024-06-01,2217,prophet,47893.0,47485.04262875301
validation,1,1,2024-05-01,2024-06-01,2235,prophet,37627.0,36654.900406722125
validation,1,1,2024-05-01,2024-06-01,2245,prophet,49992.0,47450.446928122925
validation,1,1,2024-05-01,2024-06-01,2278,prophet,26523.0,25232.8493385322
validation,1,1,2024-05-01,2024-06-01,2310,prophet,26529.0,25516.34830694006
validation,1,1,2024-05-01,2024-06-01,2373,prophet,53195.0,52657.919673936725
validation,1,1,2024-05-01,2024-06-01,2395,prophet,38695.0,38855.46819744772
validation,1,1,2024-05-01,2024-06-01,2453,prophet,44292.0,44946.76603823314
validation,1,1,2024-05-01,2024-06-01,2478,prophet,46919.0,46078.39032865052
validation,1,1,2024-05-01,2024-06-01,2538,prophet,54677.0,53913.130010939305
validation,1,1,2024-05-01,2024-06-01,2562,prophet,51437.0,49825.34522881607
validation,1,1,2024-05-01,2024-06-01,2573,prophet,55950.0,56086.58648097599
validation,3,1,2024-03-01,2024-04-01,188,last,22226.0,21659.0
validation,3,2,2024-03-01,2024-05-01,188,last,21125.0,21659.0
validation,3,3,2024-03-01,2024-06-01,188,last,21647.0,21659.0
validation,3,1,2024-03-01,2024-04-01,235,last,24228.0,23685.0
validation,3,2,2024-03-01,2024-05-01,235,last,24589.0,23685.0
validation,3,3,2024-03-01,2024-06-01,235,last,23926.0,23685.0
validation,3,1,2024-03-01,2024-04-01,269,last,29328.0,30068.0
validation,3,2,2024-03-01,2024-05-01,269,last,29526.0,30068.0
validation,3,3,2024-03-01,2024-06-01,269,last,29697.0,30068.0
validation,3,1,2024-03-01,2024-04-01,305,last,20117.0,20522.0
validation,3,2,2024-03-01,2024-05-01,305,last,20441.0,20522.0
validation,3,3,2024-03-01,2024-06-01,305,last,20687.0,20522.0
validation,3,1,2024-03-01,2024-04-01,312,last,43646.0,44090.0
validation,3,2,2024-03-01,2024-05-01,312,last,44534.0,44090.0
validation,3,3,2024-03-01,2024-06-01,312,last,48627.0,44090.0
validation,3,1,2024-03-01,2024-04-01,322,last,40234.0,43962.0
validation,3,2,2024-03-01,2024-05-01,322,last,40374.0,43962.0
validation,3,3,2024-03-01,2024-06-01,322,last,51459.0,43962.0
validation,3,1,2024-03-01,2024-04-01,324,last,32085.0,32907.0
validation,3,2,2024-03-01,2024-05-01,324,last,31090.0,32907.0
validation,3,3,2024-03-01,2024-06-01,324,last,37055.0,32907.0
validation,3,1,2024-03-01,2024-04-01,397,last,25967.0,26481.0
validation,3,2,2024-03-01,2024-05-01,397,last,26285.0,26481.0
validation,3,3,2024-03-01,2024-06-01,397,last,27061.0,26481.0
validation,3,1,2024-03-01,2024-04-01,486,last,20096.0,20449.0
validation,3,2,2024-03-01,2024-05-01,486,last,19826.0,20449.0
validation,3,3,2024-03-01,2024-06-01,486,last,20063.0,20449.0
validation,3,1,2024-03-01,2024-04-01,506,last,31774.0,32493.0
validation,3,2,2024-03-01,2024-05-01,506,last,32683.0,32493.0
validation,3,3,2024-03-01,2024-06-01,506,last,32755.0,32493.0
validation,3,1,2024-03-01,2024-04-01,541,last,20694.0,20343.0
validation,3,2,2024-03-01,2024-05-01,541,last,20915.0,20343.0
validation,3,3,2024-03-01,2024-06-01,541,last,22627.0,20343.0
validation,3,1,2024-03-01,2024-04-01,571,last,20861.0,21089.0
validation,3,2,2024-03-01,2024-05-01,571,last,21819.0,21089.0
validation,3,3,2024-03-01,2024-06-01,571,last,23012.0,21089.0
validation,3,1,2024-03-01,2024-04-01,581,last,33225.0,34078.0
validation,3,2,2024-03-01,2024-05-01,581,last,34500.0,34078.0
validation,3,3,2024-03-01,2024-06-01,581,last,35125.0,34078.0
validation,3,1,2024-03-01,2024-04-01,694,last,29723.0,32213.0
validation,3,2,2024-03-01,2024-05-01,694,last,30206.0,32213.0
validation,3,3,2024-03-01,2024-06-01,694,last,31174.0,32213.0
validation,3,1,2024-03-01,2024-04-01,811,last,26418.0,27488.0
validation,3,2,2024-03-01,2024-05-01,811,last,26172.0,27488.0
validation,3,3,2024-03-01,2024-06-01,811,last,27240.0,27488.0
validation,3,1,2024-03-01,2024-04-01,1053,last,25638.0,25033.0
validation,3,2,2024-03-01,2024-05-01,1053,last,25996.0,25033.0
validation,3,3,2024-03-01,2024-06-01,1053,last,25088.0,25033.0
validation,3,1,2024-03-01,2024-04-01,1110,last,29895.0,31301.0
validation,3,2,2024-03-01,2024-05-01,1110,last,31120.0,31301.0
validation,3,3,2024-03-01,2024-06-01,1110,last,31312.0,31301.0
validation,3,1,2024-03-01,2024-04-01,1112,last,27051.0,27511.0
validation,3,2,2024-03-01,2024-05-01,1112,last,27374.0,27511.0
validation,3,3,2024-03-01,2024-06-01,1112,last,27563.0,27511.0
validation,3,1,2024-03-01,2024-04-01,1120,last,23367.0,25244.0
validation,3,2,2024-03-01,2024-05-01,1120,last,24138.0,25244.0
validation,3,3,2024-03-01,2024-06-01,1120,last,24413.0,25244.0
validation,3,1,2024-03-01,2024-04-01,1184,last,29511.0,29627.0
validation,3,2,2024-03-01,2024-05-01,1184,last,28443.0,29627.0
validation,3,3,2024-03-01,2024-06-01,1184,last,29693.0,29627.0
validation,3,1,2024-03-01,2024-04-01,1238,last,31838.0,32919.0
validation,3,2,2024-03-01,2024-05-01,1238,last,32641.0,32919.0
validation,3,3,2024-03-01,2024-06-01,1238,last,34167.0,32919.0
validation,3,1,2024-03-01,2024-04-01,1254,last,24684.0,25029.0
validation,3,2,2024-03-01,2024-05-01,1254,last,25462.0,25029.0
validation,3,3,2024-03-01,2024-06-01,1254,last,26901.0,25029.0
validation,3,1,2024-03-01,2024-04-01,1276,last,19550.0,19598.0
validation,3,2,2024-03-01,2024-05-01,1276,last,20337.0,19598.0
validation,3,3,2024-03-01,2024-06-01,1276,last,19648.0,19598.0
validation,3,1,2024-03-01,2024-04-01,1286,last,22405.0,21892.0
validation,3,2,2024-03-01,2024-05-01,1286,last,22892.0,21892.0
validation,3,3,2024-03-01,2024-06-01,1286,last,22300.0,21892.0
validation,3,1,2024-03-01,2024-04-01,1289,last,19838.0,20329.0
validation,3,2,2024-03-01,2024-05-01,1289,last,20317.0,20329.0
validation,3,3,2024-03-01,2024-06-01,1289,last,20800.0,20329.0
validation,3,1,2024-03-01,2024-04-01,1292,last,21121.0,22045.0
validation,3,2,2024-03-01,2024-05-01,1292,last,21509.0,22045.0
validation,3,3,2024-03-01,2024-06-01,1292,last,21132.0,22045.0
validation,3,1,2024-03-01,2024-04-01,1338,last,21885.0,23125.0
validation,3,2,2024-03-01,2024-05-01,1338,last,22431.0,23125.0
validation,3,3,2024-03-01,2024-06-01,1338,last,22926.0,23125.0
validation,3,1,2024-03-01,2024-04-01,1426,last,25037.0,25884.0
validation,3,2,2024-03-01,2024-05-01,1426,last,25114.0,25884.0
validation,3,3,2024-03-01,2024-06-01,1426,last,24919.0,25884.0
validation,3,1,2024-03-01,2024-04-01,1443,last,45445.0,46100.0
validation,3,2,2024-03-01,2024-05-01,1443,last,45673.0,46100.0
validation,3,3,2024-03-01,2024-06-01,1443,last,45920.0,46100.0
validation,3,1,2024-03-01,2024-04-01,1461,last,45793.0,46578.0
validation,3,2,2024-03-01,2024-05-01,1461,last,46143.0,46578.0
validation,3,3,2024-03-01,2024-06-01,1461,last,46682.0,46578.0
validation,3,1,2024-03-01,2024-04-01,1494,last,28334.0,29448.0
validation,3,2,2024-03-01,2024-05-01,1494,last,29557.0,29448.0
validation,3,3,2024-03-01,2024-06-01,1494,last,29749.0,29448.0
validation,3,1,2024-03-01,2024-04-01,1555,last,25312.0,26110.0
validation,3,2,2024-03-01,2024-05-01,1555,last,25692.0,26110.0
validation,3,3,2024-03-01,2024-06-01,1555,last,26266.0,26110.0
validation,3,1,2024-03-01,2024-04-01,1573,last,23522.0,23478.0
validation,3,2,2024-03-01,2024-05-01,1573,last,23278.0,23478.0
validation,3,3,2024-03-01,2024-06-01,1573,last,25010.0,23478.0
validation,3,1,2024-03-01,2024-04-01,1577,last,30660.0,31231.0
validation,3,2,2024-03-01,2024-05-01,1577,last,31530.0,31231.0
validation,3,3,2024-03-01,2024-06-01,1577,last,30905.0,31231.0
validation,3,1,2024-03-01,2024-04-01,1746,last,19401.0,19065.0
validation,3,2,2024-03-01,2024-05-01,1746,last,18612.0,19065.0
validation,3,3,2024-03-01,2024-06-01,1746,last,18994.0,19065.0
validation,3,1,2024-03-01,2024-04-01,1763,last,17598.0,19404.0
validation,3,2,2024-03-01,2024-05-01,1763,last,17798.0,19404.0
validation,3,1,2024-03-01,2024-04-01,1770,last,25709.0,27440.0
validation,3,2,2024-03-01,2024-05-01,1770,last,27639.0,27440.0
validation,3,3,2024-03-01,2024-06-01,1770,last,27165.0,27440.0
validation,3,1,2024-03-01,2024-04-01,1909,last,21938.0,21738.0
validation,3,2,2024-03-01,2024-05-01,1909,last,21292.0,21738.0
validation,3,3,2024-03-01,2024-06-01,1909,last,22169.0,21738.0
validation,3,1,2024-03-01,2024-04-01,1923,last,18177.0,17757.0
validation,3,2,2024-03-01,2024-05-01,1923,last,18606.0,17757.0
validation,3,3,2024-03-01,2024-06-01,1923,last,19628.0,17757.0
validation,3,1,2024-03-01,2024-04-01,1930,last,22478.0,22668.0
validation,3,2,2024-03-01,2024-05-01,1930,last,22825.0,22668.0
validation,3,3,2024-03-01,2024-06-01,1930,last,23584.0,22668.0
validation,3,1,2024-03-01,2024-04-01,1956,last,31386.0,31955.0
validation,3,2,2024-03-01,2024-05-01,1956,last,31625.0,31955.0
validation,3,3,2024-03-01,2024-06-01,1956,last,32622.0,31955.0
validation,3,1,2024-03-01,2024-04-01,1970,last,53669.0,53205.0
validation,3,2,2024-03-01,2024-05-01,1970,last,55061.0,53205.0
validation,3,3,2024-03-01,2024-06-01,1970,last,61009.0,53205.0
validation,3,1,2024-03-01,2024-04-01,2006,last,34605.0,35552.0
validation,3,2,2024-03-01,2024-05-01,2006,last,34140.0,35552.0
validation,3,3,2024-03-01,2024-06-01,2006,last,35610.0,35552.0
validation,3,1,2024-03-01,2024-04-01,2061,last,21990.0,22893.0
validation,3,2,2024-03-01,2024-05-01,2061,last,23782.0,22893.0
validation,3,3,2024-03-01,2024-06-01,2061,last,22001.0,22893.0
validation,3,1,2024-03-01,2024-04-01,2062,last,27753.0,28197.0
validation,3,2,2024-03-01,2024-05-01,2062,last,28145.0,28197.0
validation,3,3,2024-03-01,2024-06-01,2062,last,28080.0,28197.0
validation,3,1,2024-03-01,2024-04-01,2066,last,23884.0,23595.0
validation,3,2,2024-03-01,2024-05-01,2066,last,25122.0,23595.0
validation,3,3,2024-03-01,2024-06-01,2066,last,25364.0,23595.0
validation,3,1,2024-03-01,2024-04-01,2078,last,17606.0,17825.0
validation,3,2,2024-03-01,2024-05-01,2078,last,17520.0,17825.0
validation,3,3,2024-03-01,2024-06-01,2078,last,18134.0,17825.0
validation,3,1,2024-03-01,2024-04-01,2079,last,20555.0,22291.0
validation,3,2,2024-03-01,2024-05-01,2079,last,21273.0,22291.0
validation,3,3,2024-03-01,2024-06-01,2079,last,21503.0,22291.0
validation,3,1,2024-03-01,2024-04-01,2093,last,21147.0,22770.0
validation,3,2,2024-03-01,2024-05-01,2093,last,21899.0,22770.0
validation,3,3,2024-03-01,2024-06-01,2093,last,21026.0,22770.0
validation,3,1,2024-03-01,2024-04-01,2125,last,23133.0,22985.0
validation,3,2,2024-03-01,2024-05-01,2125,last,23180.0,22985.0
validation,3,3,2024-03-01,2024-06-01,2125,last,23270.0,22985.0
validation,3,1,2024-03-01,2024-04-01,2127,last,23895.0,22036.0
validation,3,2,2024-03-01,2024-05-01,2127,last,24397.0,22036.0
validation,3,3,2024-03-01,2024-06-01,2127,last,24707.0,22036.0
validation,3,1,2024-03-01,2024-04-01,2139,last,22789.0,23555.0
validation,3,2,2024-03-01,2024-05-01,2139,last,23798.0,23555.0
validation,3,3,2024-03-01,2024-06-01,2139,last,24417.0,23555.0
validation,3,1,2024-03-01,2024-04-01,2217,last,43686.0,44858.0
validation,3,2,2024-03-01,2024-05-01,2217,last,45880.0,44858.0
validation,3,3,2024-03-01,2024-06-01,2217,last,47893.0,44858.0
validation,3,1,2024-03-01,2024-04-01,2235,last,35755.0,36091.0
validation,3,2,2024-03-01,2024-05-01,2235,last,36563.0,36091.0
validation,3,3,2024-03-01,2024-06-01,2235,last,37627.0,36091.0
validation,3,1,2024-03-01,2024-04-01,2245,last,43638.0,43343.0
validation,3,2,2024-03-01,2024-05-01,2245,last,46647.0,43343.0
validation,3,3,2024-03-01,2024-06-01,2245,last,49992.0,43343.0
validation,3,1,2024-03-01,2024-04-01,2278,last,25459.0,26616.0
validation,3,2,2024-03-01,2024-05-01,2278,last,26664.0,26616.0
validation,3,3,2024-03-01,2024-06-01,2278,last,26523.0,26616.0
validation,3,1,2024-03-01,2024-04-01,2310,last,25754.0,26986.0
validation,3,2,2024-03-01,2024-05-01,2310,last,26232.0,26986.0
validation,3,3,2024-03-01,2024-06-01,2310,last,26529.0,26986.0
validation,3,1,2024-03-01,2024-04-01,2373,last,52013.0,53866.0
validation,3,2,2024-03-01,2024-05-01,2373,last,53297.0,53866.0
validation,3,3,2024-03-01,2024-06-01,2373,last,53195.0,53866.0
validation,3,1,2024-03-01,2024-04-01,2395,last,37720.0,38794.0
validation,3,2,2024-03-01,2024-05-01,2395,last,39317.0,38794.0
validation,3,3,2024-03-01,2024-06-01,2395,last,38695.0,38794.0
validation,3,1,2024-03-01,2024-04-01,2453,last,44097.0,45231.0
validation,3,2,2024-03-01,2024-05-01,2453,last,45293.0,45231.0
validation,3,3,2024-03-01,2024-06-01,2453,last,44292.0,45231.0
validation,3,1,2024-03-01,2024-04-01,2478,last,46123.0,46771.0
validation,3,2,2024-03-01,2024-05-01,2478,last,46479.0,46771.0
validation,3,3,2024-03-01,2024-06-01,2478,last,46919.0,46771.0
validation,3,1,2024-03-01,2024-04-01,2538,last,53264.0,54151.0
validation,3,2,2024-03-01,2024-05-01,2538,last,53871.0,54151.0
validation,3,3,2024-03-01,2024-06-01,2538,last,54677.0,54151.0
validation,3,1,2024-03-01,2024-04-01,2562,last,50320.0,51278.0
validation,3,2,2024-03-01,2024-05-01,2562,last,50154.0,51278.0
validation,3,3,2024-03-01,2024-06-01,2562,last,51437.0,51278.0
validation,3,1,2024-03-01,2024-04-01,2573,last,55599.0,56480.0
validation,3,2,2024-03-01,2024-05-01,2573,last,55204.0,56480.0
validation,3,3,2024-03-01,2024-06-01,2573,last,55950.0,56480.0
validation,3,1,2024-03-01,2024-04-01,188,seasonal,22226.0,17689.0
validation,3,2,2024-03-01,2024-05-01,188,seasonal,21125.0,17792.0
validation,3,3,2024-03-01,2024-06-01,188,seasonal,21647.0,17848.0
validation,3,1,2024-03-01,2024-04-01,235,seasonal,24228.0,21662.0
validation,3,2,2024-03-01,2024-05-01,235,seasonal,24589.0,21528.0
validation,3,3,2024-03-01,2024-06-01,235,seasonal,23926.0,22024.0
validation,3,1,2024-03-01,2024-04-01,269,seasonal,29328.0,24194.0
validation,3,2,2024-03-01,2024-05-01,269,seasonal,29526.0,24840.0
validation,3,3,2024-03-01,2024-06-01,269,seasonal,29697.0,24309.0
validation,3,1,2024-03-01,2024-04-01,305,seasonal,20117.0,16888.0
validation,3,2,2024-03-01,2024-05-01,305,seasonal,20441.0,17773.0
validation,3,3,2024-03-01,2024-06-01,305,seasonal,20687.0,17416.0
validation,3,1,2024-03-01,2024-04-01,312,seasonal,43646.0,35654.0
validation,3,2,2024-03-01,2024-05-01,312,seasonal,44534.0,36813.0
validation,3,3,2024-03-01,2024-06-01,312,seasonal,48627.0,39791.0
validation,3,1,2024-03-01,2024-04-01,322,seasonal,40234.0,33822.0
validation,3,2,2024-03-01,2024-05-01,322,seasonal,40374.0,34490.0
validation,3,3,2024-03-01,2024-06-01,322,seasonal,51459.0,39006.0
validation,3,1,2024-03-01,2024-04-01,324,seasonal,32085.0,25809.0
validation,3,2,2024-03-01,2024-05-01,324,seasonal,31090.0,26440.0
validation,3,3,2024-03-01,2024-06-01,324,seasonal,37055.0,30961.0
validation,3,1,2024-03-01,2024-04-01,397,seasonal,25967.0,20864.0
validation,3,2,2024-03-01,2024-05-01,397,seasonal,26285.0,21766.0
validation,3,3,2024-03-01,2024-06-01,397,seasonal,27061.0,21486.0
validation,3,1,2024-03-01,2024-04-01,486,seasonal,20096.0,17144.0
validation,3,2,2024-03-01,2024-05-01,486,seasonal,19826.0,17903.0
validation,3,3,2024-03-01,2024-06-01,486,seasonal,20063.0,17775.0
validation,3,1,2024-03-01,2024-04-01,506,seasonal,31774.0,25551.0
validation,3,2,2024-03-01,2024-05-01,506,seasonal,32683.0,27578.0
validation,3,3,2024-03-01,2024-06-01,506,seasonal,32755.0,29464.0
validation,3,1,2024-03-01,2024-04-01,541,seasonal,20694.0,16466.0
validation,3,2,2024-03-01,2024-05-01,541,seasonal,20915.0,18078.0
validation,3,3,2024-03-01,2024-06-01,541,seasonal,22627.0,18955.0
validation,3,1,2024-03-01,2024-04-01,571,seasonal,20861.0,18329.0
validation,3,2,2024-03-01,2024-05-01,571,seasonal,21819.0,19184.0
validation,3,3,2024-03-01,2024-06-01,571,seasonal,23012.0,20041.0
validation,3,1,2024-03-01,2024-04-01,581,seasonal,33225.0,28335.0
validation,3,2,2024-03-01,2024-05-01,581,seasonal,34500.0,29546.0
validation,3,3,2024-03-01,2024-06-01,581,seasonal,35125.0,31247.0
validation,3,1,2024-03-01,2024-04-01,694,seasonal,29723.0,24868.0
validation,3,2,2024-03-01,2024-05-01,694,seasonal,30206.0,24927.0
validation,3,3,2024-03-01,2024-06-01,694,seasonal,31174.0,26690.0
validation,3,1,2024-03-01,2024-04-01,811,seasonal,26418.0,20873.0
validation,3,2,2024-03-01,2024-05-01,811,seasonal,26172.0,22217.0
validation,3,3,2024-03-01,2024-06-01,811,seasonal,27240.0,22346.0
validation,3,1,2024-03-01,2024-04-01,1053,seasonal,25638.0,22175.0
validation,3,2,2024-03-01,2024-05-01,1053,seasonal,25996.0,22892.0
validation,3,3,2024-03-01,2024-06-01,1053,seasonal,25088.0,22314.0
validation,3,1,2024-03-01,2024-04-01,1110,seasonal,29895.0,25051.0
validation,3,2,2024-03-01,2024-05-01,1110,seasonal,31120.0,25913.0
validation,3,3,2024-03-01,2024-06-01,1110,seasonal,31312.0,26546.0
validation,3,1,2024-03-01,2024-04-01,1112,seasonal,27051.0,22233.0
validation,3,2,2024-03-01,2024-05-01,1112,seasonal,27374.0,22904.0
validation,3,3,2024-03-01,2024-06-01,1112,seasonal,27563.0,23000.0
validation,3,1,2024-03-01,2024-04-01,1120,seasonal,23367.0,20065.0
validation,3,2,2024-03-01,2024-05-01,1120,seasonal,24138.0,21440.0
validation,3,3,2024-03-01,2024-06-01,1120,seasonal,24413.0,19853.0
validation,3,1,2024-03-01,2024-04-01,1184,seasonal,29511.0,24750.0
validation,3,2,2024-03-01,2024-05-01,1184,seasonal,28443.0,25483.0
validation,3,3,2024-03-01,2024-06-01,1184,seasonal,29693.0,25678.0
validation,3,1,2024-03-01,2024-04-01,1238,seasonal,31838.0,26125.0
validation,3,2,2024-03-01,2024-05-01,1238,seasonal,32641.0,26959.0
validation,3,3,2024-03-01,2024-06-01,1238,seasonal,34167.0,27973.0
validation,3,1,2024-03-01,2024-04-01,1254,seasonal,24684.0,21105.0
validation,3,2,2024-03-01,2024-05-01,1254,seasonal,25462.0,21784.0
validation,3,3,2024-03-01,2024-06-01,1254,seasonal,26901.0,22750.0
validation,3,1,2024-03-01,2024-04-01,1276,seasonal,19550.0,18473.0
validation,3,2,2024-03-01,2024-05-01,1276,seasonal,20337.0,18240.0
validation,3,3,2024-03-01,2024-06-01,1276,seasonal,19648.0,18464.0
validation,3,1,2024-03-01,2024-04-01,1286,seasonal,22405.0,18902.0
validation,3,2,2024-03-01,2024-05-01,1286,seasonal,22892.0,19115.0
validation,3,3,2024-03-01,2024-06-01,1286,seasonal,22300.0,18782.0
validation,3,1,2024-03-01,2024-04-01,1289,seasonal,19838.0,18166.0
validation,3,2,2024-03-01,2024-05-01,1289,seasonal,20317.0,18405.0
validation,3,3,2024-03-01,2024-06-01,1289,seasonal,20800.0,18669.0
validation,3,1,2024-03-01,2024-04-01,1292,seasonal,21121.0,18641.0
validation,3,2,2024-03-01,2024-05-01,1292,seasonal,21509.0,18943.0
validation,3,3,2024-03-01,2024-06-01,1292,seasonal,21132.0,18932.0
validation,3,1,2024-03-01,2024-04-01,1338,seasonal,21885.0,19486.0
validation,3,2,2024-03-01,2024-05-01,1338,seasonal,22431.0,19790.0
validation,3,3,2024-03-01,2024-06-01,1338,seasonal,22926.0,19904.0
validation,3,1,2024-03-01,2024-04-01,1426,seasonal,25037.0,20909.0
validation,3,2,2024-03-01,2024-05-01,1426,seasonal,25114.0,21283.0
validation,3,3,2024-03-01,2024-06-01,1426,seasonal,24919.0,20663.0
validation,3,1,2024-03-01,2024-04-01,1443,seasonal,45445.0,38052.0
validation,3,2,2024-03-01,2024-05-01,1443,seasonal,45673.0,38870.0
validation,3,3,2024-03-01,2024-06-01,1443,seasonal,45920.0,38747.0
validation,3,1,2024-03-01,2024-04-01,1461,seasonal,45793.0,38527.0
validation,3,2,2024-03-01,2024-05-01,1461,seasonal,46143.0,39610.0
validation,3,3,2024-03-01,2024-06-01,1461,seasonal,46682.0,39692.0
validation,3,1,2024-03-01,2024-04-01,1494,seasonal,28334.0,25670.0
validation,3,2,2024-03-01,2024-05-01,1494,seasonal,29557.0,26347.0
validation,3,3,2024-03-01,2024-06-01,1494,seasonal,29749.0,26874.0
validation,3,1,2024-03-01,2024-04-01,1555,seasonal,25312.0,21583.0
validation,3,2,2024-03-01,2024-05-01,1555,seasonal,25692.0,22403.0
validation,3,3,2024-03-01,2024-06-01,1555,seasonal,26266.0,22422.0
validation,3,1,2024-03-01,2024-04-01,1573,seasonal,23522.0,20382.0
validation,3,2,2024-03-01,2024-05-01,1573,seasonal,23278.0,20452.0
validation,3,3,2024-03-01,2024-06-01,1573,seasonal,25010.0,21660.0
validation,3,1,2024-03-01,2024-04-01,1577,seasonal,30660.0,26277.0
validation,3,2,2024-03-01,2024-05-01,1577,seasonal,31530.0,26885.0
validation,3,3,2024-03-01,2024-06-01,1577,seasonal,30905.0,26520.0
validation,3,1,2024-03-01,2024-04-01,1746,seasonal,19401.0,16843.0
validation,3,2,2024-03-01,2024-05-01,1746,seasonal,18612.0,17214.0
validation,3,3,2024-03-01,2024-06-01,1746,seasonal,18994.0,16648.0
validation,3,1,2024-03-01,2024-04-01,1763,seasonal,17598.0,14768.0
validation,3,2,2024-03-01,2024-05-01,1763,seasonal,17798.0,15345.0
validation,3,1,2024-03-01,2024-04-01,1770,seasonal,25709.0,22160.0
validation,3,2,2024-03-01,2024-05-01,1770,seasonal,27639.0,23056.0
validation,3,3,2024-03-01,2024-06-01,1770,seasonal,27165.0,22838.0
validation,3,1,2024-03-01,2024-04-01,1909,seasonal,21938.0,18199.0
validation,3,2,2024-03-01,2024-05-01,1909,seasonal,21292.0,19146.0
validation,3,3,2024-03-01,2024-06-01,1909,seasonal,22169.0,18896.0
validation,3,1,2024-03-01,2024-04-01,1923,seasonal,18177.0,17458.0
validation,3,2,2024-03-01,2024-05-01,1923,seasonal,18606.0,16764.0
validation,3,3,2024-03-01,2024-06-01,1923,seasonal,19628.0,17795.0
validation,3,1,2024-03-01,2024-04-01,1930,seasonal,22478.0,18931.0
validation,3,2,2024-03-01,2024-05-01,1930,seasonal,22825.0,19359.0
validation,3,3,2024-03-01,2024-06-01,1930,seasonal,23584.0,19383.0
validation,3,1,2024-03-01,2024-04-01,1956,seasonal,31386.0,33053.0
validation,3,2,2024-03-01,2024-05-01,1956,seasonal,31625.0,34602.0
validation,3,3,2024-03-01,2024-06-01,1956,seasonal,32622.0,34993.0
validation,3,1,2024-03-01,2024-04-01,1970,seasonal,53669.0,44933.0
validation,3,2,2024-03-01,2024-05-01,1970,seasonal,55061.0,49052.0
validation,3,3,2024-03-01,2024-06-01,1970,seasonal,61009.0,51977.0
validation,3,1,2024-03-01,2024-04-01,2006,seasonal,34605.0,27873.0
validation,3,2,2024-03-01,2024-05-01,2006,seasonal,34140.0,29052.0
validation,3,3,2024-03-01,2024-06-01,2006,seasonal,35610.0,28862.0
validation,3,1,2024-03-01,2024-04-01,2061,seasonal,21990.0,18850.0
validation,3,2,2024-03-01,2024-05-01,2061,seasonal,23782.0,19515.0
validation,3,3,2024-03-01,2024-06-01,2061,seasonal,22001.0,19675.0
validation,3,1,2024-03-01,2024-04-01,2062,seasonal,27753.0,23005.0
validation,3,2,2024-03-01,2024-05-01,2062,seasonal,28145.0,23456.0
validation,3,3,2024-03-01,2024-06-01,2062,seasonal,28080.0,24238.0
validation,3,1,2024-03-01,2024-04-01,2066,seasonal,23884.0,20082.0
validation,3,2,2024-03-01,2024-05-01,2066,seasonal,25122.0,20505.0
validation,3,3,2024-03-01,2024-06-01,2066,seasonal,25364.0,20483.0
validation,3,1,2024-03-01,2024-04-01,2078,seasonal,17606.0,15176.0
validation,3,2,2024-03-01,2024-05-01,2078,seasonal,17520.0,14838.0
validation,3,3,2024-03-01,2024-06-01,2078,seasonal,18134.0,15545.0
validation,3,1,2024-03-01,2024-04-01,2079,seasonal,20555.0,17419.0
validation,3,2,2024-03-01,2024-05-01,2079,seasonal,21273.0,18362.0
validation,3,3,2024-03-01,2024-06-01,2079,seasonal,21503.0,18315.0
validation,3,1,2024-03-01,2024-04-01,2093,seasonal,21147.0,17250.0
validation,3,2,2024-03-01,2024-05-01,2093,seasonal,21899.0,17014.0
validation,3,3,2024-03-01,2024-06-01,2093,seasonal,21026.0,17888.0
validation,3,1,2024-03-01,2024-04-01,2125,seasonal,23133.0,18218.0
validation,3,2,2024-03-01,2024-05-01,2125,seasonal,23180.0,19787.0
validation,3,3,2024-03-01,2024-06-01,2125,seasonal,23270.0,18561.0
validation,3,1,2024-03-01,2024-04-01,2127,seasonal,23895.0,19253.0
validation,3,2,2024-03-01,2024-05-01,2127,seasonal,24397.0,19817.0
validation,3,3,2024-03-01,2024-06-01,2127,seasonal,24707.0,18975.0
validation,3,1,2024-03-01,2024-04-01,2139,seasonal,22789.0,19161.0
validation,3,2,2024-03-01,2024-05-01,2139,seasonal,23798.0,20059.0
validation,3,3,2024-03-01,2024-06-01,2139,seasonal,24417.0,20439.0
validation,3,1,2024-03-01,2024-04-01,2217,seasonal,43686.0,36949.0
validation,3,2,2024-03-01,2024-05-01,2217,seasonal,45880.0,39746.0
validation,3,3,2024-03-01,2024-06-01,2217,seasonal,47893.0,40112.0
validation,3,1,2024-03-01,2024-04-01,2235,seasonal,35755.0,30911.0
validation,3,2,2024-03-01,2024-05-01,2235,seasonal,36563.0,32204.0
validation,3,3,2024-03-01,2024-06-01,2235,seasonal,37627.0,32207.0
validation,3,1,2024-03-01,2024-04-01,2245,seasonal,43638.0,37912.0
validation,3,2,2024-03-01,2024-05-01,2245,seasonal,46647.0,40757.0
validation,3,3,2024-03-01,2024-06-01,2245,seasonal,49992.0,41895.0
validation,3,1,2024-03-01,2024-04-01,2278,seasonal,25459.0,21960.0
validation,3,2,2024-03-01,2024-05-01,2278,seasonal,26664.0,22668.0
validation,3,3,2024-03-01,2024-06-01,2278,seasonal,26523.0,21857.0
validation,3,1,2024-03-01,2024-04-01,2310,seasonal,25754.0,22740.0
validation,3,2,2024-03-01,2024-05-01,2310,seasonal,26232.0,23197.0
validation,3,3,2024-03-01,2024-06-01,2310,seasonal,26529.0,22778.0
validation,3,1,2024-03-01,2024-04-01,2373,seasonal,52013.0,42899.0
validation,3,2,2024-03-01,2024-05-01,2373,seasonal,53297.0,44202.0
validation,3,3,2024-03-01,2024-06-01,2373,seasonal,53195.0,44048.0
validation,3,1,2024-03-01,2024-04-01,2395,seasonal,37720.0,32138.0
validation,3,2,2024-03-01,2024-05-01,2395,seasonal,39317.0,33477.0
validation,3,3,2024-03-01,2024-06-01,2395,seasonal,38695.0,32877.0
validation,3,1,2024-03-01,2024-04-01,2453,seasonal,44097.0,37545.0
validation,3,2,2024-03-01,2024-05-01,2453,seasonal,45293.0,38530.0
validation,3,3,2024-03-01,2024-06-01,2453,seasonal,44292.0,38100.0
validation,3,1,2024-03-01,2024-04-01,2478,seasonal,46123.0,40066.0
validation,3,2,2024-03-01,2024-05-01,2478,seasonal,46479.0,40797.0
validation,3,3,2024-03-01,2024-06-01,2478,seasonal,46919.0,40942.0
validation,3,1,2024-03-01,2024-04-01,2538,seasonal,53264.0,44246.0
validation,3,2,2024-03-01,2024-05-01,2538,seasonal,53871.0,45422.0
validation,3,3,2024-03-01,2024-06-01,2538,seasonal,54677.0,45284.0
validation,3,1,2024-03-01,2024-04-01,2562,seasonal,50320.0,41975.0
validation,3,2,2024-03-01,2024-05-01,2562,seasonal,50154.0,42542.0
validation,3,3,2024-03-01,2024-06-01,2562,seasonal,51437.0,42367.0
validation,3,1,2024-03-01,2024-04-01,2573,seasonal,55599.0,46086.0
validation,3,2,2024-03-01,2024-05-01,2573,seasonal,55204.0,46412.0
validation,3,3,2024-03-01,2024-06-01,2573,seasonal,55950.0,47080.0
validation,3,1,2024-03-01,2024-04-01,188,seasonal_scaled,22226.0,20508.861998822333
validation,3,2,2024-03-01,2024-05-01,188,seasonal_scaled,21125.0,20628.281569509127
validation,3,3,2024-03-01,2024-06-01,188,seasonal_scaled,21647.0,20693.2087147369
validation,3,1,2024-03-01,2024-04-01,235,seasonal_scaled,24228.0,19977.58348119233
validation,3,2,2024-03-01,2024-05-01,235,seasonal_scaled,24589.0,19854.00319375444
validation,3,3,2024-03-01,2024-06-01,235,seasonal_scaled,23926.0,20311.434705464868
validation,3,1,2024-03-01,2024-04-01,269,seasonal_scaled,29328.0,27980.50663487057
validation,3,2,2024-03-01,2024-05-01,269,seasonal_scaled,29526.0,28727.609523443207
validation,3,3,2024-03-01,2024-06-01,269,seasonal_scaled,29697.0,28113.504827108733
validation,3,1,2024-03-01,2024-04-01,305,seasonal_scaled,20117.0,18112.95468953944
validation,3,2,2024-03-01,2024-05-01,305,seasonal_scaled,20441.0,19062.14730561253
validation,3,3,2024-03-01,2024-06-01,305,seasonal_scaled,20687.0,18679.25265709491
validation,3,1,2024-03-01,2024-04-01,312,seasonal_scaled,43646.0,41395.49691002099
validation,3,2,2024-03-01,2024-05-01,312,seasonal_scaled,44534.0,42741.13501286259
validation,3,3,2024-03-01,2024-06-01,312,seasonal_scaled,48627.0,46198.69348591029
validation,3,1,2024-03-01,2024-04-01,322,seasonal_scaled,40234.0,37429.21433839799
validation,3,2,2024-03-01,2024-05-01,322,seasonal_scaled,40374.0,38168.458474701285
validation,3,3,2024-03-01,2024-06-01,322,seasonal_scaled,51459.0,43166.10296503909
validation,3,1,2024-03-01,2024-04-01,324,seasonal_scaled,32085.0,29095.02652519894
validation,3,2,2024-03-01,2024-05-01,324,seasonal_scaled,31090.0,29806.36604774536
validation,3,3,2024-03-01,2024-06-01,324,seasonal_scaled,37055.0,34902.98408488064
validation,3,1,2024-03-01,2024-04-01,397,seasonal_scaled,25967.0,24736.941302887844
validation,3,2,2024-03-01,2024-05-01,397,seasonal_scaled,26285.0,25806.37770315648
validation,3,3,2024-03-01,2024-06-01,397,seasonal_scaled,27061.0,25474.401880456684
validation,3,1,2024-03-01,2024-04-01,486,seasonal_scaled,20096.0,17360.55175497429
validation,3,2,2024-03-01,2024-05-01,486,seasonal_scaled,19826.0,18129.138944779792
validation,3,3,2024-03-01,2024-06-01,486,seasonal_scaled,20063.0,17999.52213279678
validation,3,1,2024-03-01,2024-04-01,506,seasonal_scaled,31774.0,29234.432303954363
validation,3,2,2024-03-01,2024-05-01,506,seasonal_scaled,32683.0,31553.644635374483
validation,3,3,2024-03-01,2024-06-01,506,seasonal_scaled,32755.0,33711.53040600021
validation,3,1,2024-03-01,2024-04-01,541,seasonal_scaled,20694.0,18240.34030735049
validation,3,2,2024-03-01,2024-05-01,541,seasonal_scaled,20915.0,20026.045917422696
validation,3,3,2024-03-01,2024-06-01,541,seasonal_scaled,22627.0,20997.54952786521
validation,3,1,2024-03-01,2024-04-01,571,seasonal_scaled,20861.0,18867.6497858266
validation,3,2,2024-03-01,2024-05-01,571,seasonal_scaled,21819.0,19747.776392127093
validation,3,3,2024-03-01,2024-06-01,571,seasonal_scaled,23012.0,20629.96177411484
validation,3,1,2024-03-01,2024-04-01,581,seasonal_scaled,33225.0,30558.900246851063
validation,3,2,2024-03-01,2024-05-01,581,seasonal_scaled,34500.0,31864.94676878284
validation,3,3,2024-03-01,2024-06-01,581,seasonal_scaled,35125.0,33699.45142097601
validation,3,1,2024-03-01,2024-04-01,694,seasonal_scaled,29723.0,26446.668420656995
validation,3,2,2024-03-01,2024-05-01,694,seasonal_scaled,30206.0,26509.41385401789
validation,3,3,2024-03-01,2024-06-01,694,seasonal_scaled,31174.0,28384.332481395173
validation,3,1,2024-03-01,2024-04-01,811,seasonal_scaled,26418.0,25501.445575358903
validation,3,2,2024-03-01,2024-05-01,811,seasonal_scaled,26172.0,27143.468420818703
validation,3,3,2024-03-01,2024-06-01,811,seasonal_scaled,27240.0,27301.07329214632
validation,3,1,2024-03-01,2024-04-01,1053,seasonal_scaled,25638.0,22092.92266974449
validation,3,2,2024-03-01,2024-05-01,1053,seasonal_scaled,25996.0,22807.268805221684
validation,3,3,2024-03-01,2024-06-01,1053,seasonal_scaled,25088.0,22231.408182758896
validation,3,1,2024-03-01,2024-04-01,1110,seasonal_scaled,29895.0,28924.119537552306
validation,3,2,2024-03-01,2024-05-01,1110,seasonal_scaled,31120.0,29919.39282170743
validation,3,3,2024-03-01,2024-06-01,1110,seasonal_scaled,31312.0,30650.260558215778
validation,3,1,2024-03-01,2024-04-01,1112,seasonal_scaled,27051.0,26035.40554191843
validation,3,2,2024-03-01,2024-05-01,1112,seasonal_scaled,27374.0,26821.163519637463
validation,3,3,2024-03-01,2024-06-01,1112,seasonal_scaled,27563.0,26933.581948640483
validation,3,1,2024-03-01,2024-04-01,1120,seasonal_scaled,23367.0,21307.20038781688
validation,3,2,2024-03-01,2024-05-01,1120,seasonal_scaled,24138.0,22767.325009458946
validation,3,3,2024-03-01,2024-06-01,1120,seasonal_scaled,24413.0,21082.07571888006
validation,3,1,2024-03-01,2024-04-01,1184,seasonal_scaled,29511.0,26745.39358600583
validation,3,2,2024-03-01,2024-05-01,1184,seasonal_scaled,28443.0,27537.489484936832
validation,3,3,2024-03-01,2024-06-01,1184,seasonal_scaled,29693.0,27748.210767735665
validation,3,1,2024-03-01,2024-04-01,1238,seasonal_scaled,31838.0,31196.69239364344
validation,3,2,2024-03-01,2024-05-01,1238,seasonal_scaled,32641.0,32192.598286707496
validation,3,3,2024-03-01,2024-06-01,1238,seasonal_scaled,34167.0,33403.44789769906
validation,3,1,2024-03-01,2024-04-01,1254,seasonal_scaled,24684.0,22664.147647517548
validation,3,2,2024-03-01,2024-05-01,1254,seasonal_scaled,25462.0,23393.30927995841
validation,3,3,2024-03-01,2024-06-01,1254,seasonal_scaled,26901.0,24430.673251884586
validation,3,1,2024-03-01,2024-04-01,1276,seasonal_scaled,19550.0,18504.535662843424
validation,3,2,2024-03-01,2024-05-01,1276,seasonal_scaled,20337.0,18271.13790344092
validation,3,3,2024-03-01,2024-06-01,1276,seasonal_scaled,19648.0,18495.52029874633
validation,3,1,2024-03-01,2024-04-01,1286,seasonal_scaled,22405.0,19933.64728551472
validation,3,2,2024-03-01,2024-05-01,1286,seasonal_scaled,22892.0,20158.272556481526
validation,3,3,2024-03-01,2024-06-01,1286,seasonal_scaled,22300.0,19807.09783708271
validation,3,1,2024-03-01,2024-04-01,1289,seasonal_scaled,19838.0,19173.283526296666
validation,3,2,2024-03-01,2024-05-01,1289,seasonal_scaled,20317.0,19425.535797725977
validation,3,3,2024-03-01,2024-06-01,1289,seasonal_scaled,20800.0,19704.174290016097
validation,3,1,2024-03-01,2024-04-01,1292,seasonal_scaled,21121.0,20256.36343471189
validation,3,2,2024-03-01,2024-05-01,1292,seasonal_scaled,21509.0,20584.533691526594
validation,3,3,2024-03-01,2024-06-01,1292,seasonal_scaled,21132.0,20572.580470251887
validation,3,1,2024-03-01,2024-04-01,1338,seasonal_scaled,21885.0,20921.609037328097
validation,3,2,2024-03-01,2024-05-01,1338,seasonal_scaled,22431.0,21248.005893909627
validation,3,3,2024-03-01,2024-06-01,1338,seasonal_scaled,22926.0,21370.404715127705
validation,3,1,2024-03-01,2024-04-01,1426,seasonal_scaled,25037.0,23447.21237327788
validation,3,2,2024-03-01,2024-05-01,1426,seasonal_scaled,25114.0,23866.61346503769
validation,3,3,2024-03-01,2024-06-01,1426,seasonal_scaled,24919.0,23171.34962308292
validation,3,1,2024-03-01,2024-04-01,1443,seasonal_scaled,45445.0,45254.42303227304
validation,3,2,2024-03-01,2024-05-01,1443,seasonal_scaled,45673.0,46227.25279261152
validation,3,3,2024-03-01,2024-06-01,1443,seasonal_scaled,45920.0,46080.97154503006
validation,3,1,2024-03-01,2024-04-01,1461,seasonal_scaled,45793.0,45985.97252902134
validation,3,2,2024-03-01,2024-05-01,1461,seasonal_scaled,46143.0,47278.64541424288
validation,3,3,2024-03-01,2024-06-01,1461,seasonal_scaled,46682.0,47376.520923557895
validation,3,1,2024-03-01,2024-04-01,1494,seasonal_scaled,28334.0,27161.767546934643
validation,3,2,2024-03-01,2024-05-01,1494,seasonal_scaled,29557.0,27878.110228246474
validation,3,3,2024-03-01,2024-06-01,1494,seasonal_scaled,29749.0,28435.735919607385
validation,3,1,2024-03-01,2024-04-01,1555,seasonal_scaled,25312.0,23730.85629507897
validation,3,2,2024-03-01,2024-05-01,1555,seasonal_scaled,25692.0,24632.45950881037
validation,3,3,2024-03-01,2024-06-01,1555,seasonal_scaled,26266.0,24653.350314982195
validation,3,1,2024-03-01,2024-04-01,1573,seasonal_scaled,23522.0,23052.73128432412
validation,3,2,2024-03-01,2024-05-01,1573,seasonal_scaled,23278.0,23131.9036516042
validation,3,3,2024-03-01,2024-06-01,1573,seasonal_scaled,25010.0,24498.192504094808
validation,3,1,2024-03-01,2024-04-01,1577,seasonal_scaled,30660.0,30062.569522099337
validation,3,2,2024-03-01,2024-05-01,1577,seasonal_scaled,31530.0,30758.160429335185
validation,3,3,2024-03-01,2024-06-01,1577,seasonal_scaled,30905.0,30340.577072195243
validation,3,1,2024-03-01,2024-04-01,1746,seasonal_scaled,19401.0,17518.373977086743
validation,3,2,2024-03-01,2024-05-01,1746,seasonal_scaled,18612.0,17904.250409165303
validation,3,3,2024-03-01,2024-06-01,1746,seasonal_scaled,18994.0,17315.554828150573
validation,3,1,2024-03-01,2024-04-01,1763,seasonal_scaled,17598.0,14194.585663446873
validation,3,2,2024-03-01,2024-05-01,1763,seasonal_scaled,17798.0,14749.181812404677
validation,3,1,2024-03-01,2024-04-01,1770,seasonal_scaled,25709.0,24609.99264164827
validation,3,2,2024-03-01,2024-05-01,1770,seasonal_scaled,27639.0,25605.053715967624
validation,3,3,2024-03-01,2024-06-01,1770,seasonal_scaled,27165.0,25362.95180279617
validation,3,1,2024-03-01,2024-04-01,1909,seasonal_scaled,21938.0,20083.75784343588
validation,3,2,2024-03-01,2024-05-01,1909,seasonal_scaled,21292.0,21128.83277490101
validation,3,3,2024-03-01,2024-06-01,1909,seasonal_scaled,22169.0,20852.941821504723
validation,3,1,2024-03-01,2024-04-01,1923,seasonal_scaled,18177.0,16668.072956857242
validation,3,2,2024-03-01,2024-05-01,1923,seasonal_scaled,18606.0,16005.474570326202
validation,3,3,2024-03-01,2024-06-01,1923,seasonal_scaled,19628.0,16989.82462293932
validation,3,1,2024-03-01,2024-04-01,1930,seasonal_scaled,22478.0,20144.012955921706
validation,3,2,2024-03-01,2024-05-01,1930,seasonal_scaled,22825.0,20599.437262357413
validation,3,3,2024-03-01,2024-06-01,1930,seasonal_scaled,23584.0,20624.97507393325
validation,3,1,2024-03-01,2024-04-01,1956,seasonal_scaled,31386.0,28957.055928718302
validation,3,2,2024-03-01,2024-05-01,1956,seasonal_scaled,31625.0,30314.10308430432
validation,3,3,2024-03-01,2024-06-01,1956,seasonal_scaled,32622.0,30656.65017135024
validation,3,1,2024-03-01,2024-04-01,1970,seasonal_scaled,53669.0,52398.37326785764
validation,3,2,2024-03-01,2024-05-01,1970,seasonal_scaled,55061.0,57201.722687889815
validation,3,3,2024-03-01,2024-06-01,1970,seasonal_scaled,61009.0,60612.69550983546
validation,3,1,2024-03-01,2024-04-01,2006,seasonal_scaled,34605.0,33592.35553747584
validation,3,2,2024-03-01,2024-05-01,2006,seasonal_scaled,34140.0,35013.27855181532
validation,3,3,2024-03-01,2024-06-01,2006,seasonal_scaled,35610.0,34784.29180650192
validation,3,1,2024-03-01,2024-04-01,2061,seasonal_scaled,21990.0,20007.168118237005
validation,3,2,2024-03-01,2024-05-01,2061,seasonal_scaled,23782.0,20712.99129057799
validation,3,3,2024-03-01,2024-06-01,2061,seasonal_scaled,22001.0,20882.81340723146
validation,3,1,2024-03-01,2024-04-01,2062,seasonal_scaled,27753.0,26151.07972603966
validation,3,2,2024-03-01,2024-05-01,2062,seasonal_scaled,28145.0,26663.75683781727
validation,3,3,2024-03-01,2024-06-01,2062,seasonal_scaled,28080.0,27552.700299923898
validation,3,1,2024-03-01,2024-04-01,2066,seasonal_scaled,23884.0,21512.99166187464
validation,3,2,2024-03-01,2024-05-01,2066,seasonal_scaled,25122.0,21966.133553766533
validation,3,3,2024-03-01,2024-06-01,2066,seasonal_scaled,25364.0,21942.565890358444
validation,3,1,2024-03-01,2024-04-01,2078,seasonal_scaled,17606.0,15443.720027403517
validation,3,2,2024-03-01,2024-05-01,2078,seasonal_scaled,17520.0,15099.757364695137
validation,3,3,2024-03-01,2024-06-01,2078,seasonal_scaled,18134.0,15819.229561543732
validation,3,1,2024-03-01,2024-04-01,2079,seasonal_scaled,20555.0,20524.73459139444
validation,3,2,2024-03-01,2024-05-01,2079,seasonal_scaled,21273.0,21635.86753356592
validation,3,3,2024-03-01,2024-06-01,2079,seasonal_scaled,21503.0,21580.48763082778
validation,3,1,2024-03-01,2024-04-01,2093,seasonal_scaled,21147.0,19821.73402649673
validation,3,2,2024-03-01,2024-05-01,2093,seasonal_scaled,21899.0,19550.549723293643
validation,3,3,2024-03-01,2024-06-01,2093,seasonal_scaled,21026.0,20554.85091396948
validation,3,1,2024-03-01,2024-04-01,2125,seasonal_scaled,23133.0,20343.41720235881
validation,3,2,2024-03-01,2024-05-01,2125,seasonal_scaled,23180.0,22095.465813101
validation,3,3,2024-03-01,2024-06-01,2125,seasonal_scaled,23270.0,20726.43356531902
validation,3,1,2024-03-01,2024-04-01,2127,seasonal_scaled,23895.0,20619.800761860788
validation,3,2,2024-03-01,2024-05-01,2127,seasonal_scaled,24397.0,21223.840009234675
validation,3,3,2024-03-01,2024-06-01,2127,seasonal_scaled,24707.0,20322.06510446728
validation,3,1,2024-03-01,2024-04-01,2139,seasonal_scaled,22789.0,20837.53546600044
validation,3,2,2024-03-01,2024-05-01,2139,seasonal_scaled,23798.0,21814.10802737345
validation,3,3,2024-03-01,2024-06-01,2139,seasonal_scaled,24417.0,22227.35699543776
validation,3,1,2024-03-01,2024-04-01,2217,seasonal_scaled,43686.0,43986.06910472572
validation,3,2,2024-03-01,2024-05-01,2217,seasonal_scaled,45880.0,47315.767751128
validation,3,3,2024-03-01,2024-06-01,2217,seasonal_scaled,47893.0,47751.47375920209
validation,3,1,2024-03-01,2024-04-01,2235,seasonal_scaled,35755.0,34379.75237835442
validation,3,2,2024-03-01,2024-05-01,2235,seasonal_scaled,36563.0,35817.849490230845
validation,3,3,2024-03-01,2024-06-01,2235,seasonal_scaled,37627.0,35821.186142462575
validation,3,1,2024-03-01,2024-04-01,2245,seasonal_scaled,43638.0,41447.8397167505
validation,3,2,2024-03-01,2024-05-01,2245,seasonal_scaled,46647.0,44558.17691853767
validation,3,3,2024-03-01,2024-06-01,2245,seasonal_scaled,49992.0,45802.31179925254
validation,3,1,2024-03-01,2024-04-01,2278,seasonal_scaled,25459.0,23564.23802612481
validation,3,2,2024-03-01,2024-05-01,2278,seasonal_scaled,26664.0,24323.95936139332
validation,3,3,2024-03-01,2024-06-01,2278,seasonal_scaled,26523.0,23453.71359458152
validation,3,1,2024-03-01,2024-04-01,2310,seasonal_scaled,25754.0,24659.214547404164
validation,3,2,2024-03-01,2024-05-01,2310,seasonal_scaled,26232.0,25154.78451434188
validation,3,3,2024-03-01,2024-06-01,2310,seasonal_scaled,26529.0,24700.42167813421
validation,3,1,2024-03-01,2024-04-01,2373,seasonal_scaled,52013.0,51381.40779240392
validation,3,2,2024-03-01,2024-05-01,2373,seasonal_scaled,53297.0,52942.049633787225
validation,3,3,2024-03-01,2024-06-01,2373,seasonal_scaled,53195.0,52757.59925498981
validation,3,1,2024-03-01,2024-04-01,2395,seasonal_scaled,37720.0,39024.71428571428
validation,3,2,2024-03-01,2024-05-01,2395,seasonal_scaled,39317.0,40650.642857142855
validation,3,3,2024-03-01,2024-06-01,2395,seasonal_scaled,38695.0,39922.07142857143
validation,3,1,2024-03-01,2024-04-01,2453,seasonal_scaled,44097.0,45025.92785555202
validation,3,2,2024-03-01,2024-05-01,2453,seasonal_scaled,45293.0,46207.19137766465
validation,3,3,2024-03-01,2024-06-01,2453,seasonal_scaled,44292.0,45691.51288577792
validation,3,1,2024-03-01,2024-04-01,2478,seasonal_scaled,46123.0,44443.82645480809
validation,3,2,2024-03-01,2024-05-01,2478,seasonal_scaled,46479.0,45254.69944283946
validation,3,3,2024-03-01,2024-06-01,2478,seasonal_scaled,46919.0,45415.54292199753
validation,3,1,2024-03-01,2024-04-01,2538,seasonal_scaled,53264.0,53062.44944485567
validation,3,2,2024-03-01,2024-05-01,2538,seasonal_scaled,53871.0,54472.77897853442
validation,3,3,2024-03-01,2024-06-01,2538,seasonal_scaled,54677.0,54307.28112509252
validation,3,1,2024-03-01,2024-04-01,2562,seasonal_scaled,50320.0,48977.42594809363
validation,3,2,2024-03-01,2024-05-01,2562,seasonal_scaled,50154.0,49639.01500140081
validation,3,3,2024-03-01,2024-06-01,2562,seasonal_scaled,51437.0,49434.82084914551
validation,3,1,2024-03-01,2024-04-01,2573,seasonal_scaled,55599.0,55971.12740565531
validation,3,2,2024-03-01,2024-05-01,2573,seasonal_scaled,55204.0,56367.052144930654
validation,3,3,2024-03-01,2024-06-01,2573,seasonal_scaled,55950.0,57178.33351252553
validation,3,1,2024-03-01,2024-04-01,188,ridge,22226.0,23961.613795546287
validation,3,2,2024-03-01,2024-05-01,188,ridge,21125.0,24663.03540521744
validation,3,3,2024-03-01,2024-06-01,188,ridge,21647.0,24201.04373741876
validation,3,1,2024-03-01,2024-04-01,235,ridge,24228.0,26319.245196428088
validation,3,2,2024-03-01,2024-05-01,235,ridge,24589.0,27033.91142312469
validation,3,3,2024-03-01,2024-06-01,235,ridge,23926.0,26621.015827223506
validation,3,1,2024-03-01,2024-04-01,269,ridge,29328.0,33411.7217430732
validation,3,2,2024-03-01,2024-05-01,269,ridge,29526.0,34492.26900757918
validation,3,3,2024-03-01,2024-06-01,269,ridge,29697.0,33721.65976560227
validation,3,1,2024-03-01,2024-04-01,305,ridge,20117.0,23026.11029478133
validation,3,2,2024-03-01,2024-05-01,305,ridge,20441.0,23857.897272696264
validation,3,3,2024-03-01,2024-06-01,305,ridge,20687.0,23333.09170818587
validation,3,1,2024-03-01,2024-04-01,312,ridge,43646.0,48233.38741971175
validation,3,2,2024-03-01,2024-05-01,312,ridge,44534.0,49862.79867918278
validation,3,3,2024-03-01,2024-06-01,312,ridge,48627.0,49530.45039195164
validation,3,1,2024-03-01,2024-04-01,322,ridge,40234.0,44339.71551087428
validation,3,2,2024-03-01,2024-05-01,322,ridge,40374.0,45860.85878690052
validation,3,3,2024-03-01,2024-06-01,322,ridge,51459.0,45857.86815144578
validation,3,1,2024-03-01,2024-04-01,324,ridge,32085.0,35613.73920572303
validation,3,2,2024-03-01,2024-05-01,324,ridge,31090.0,36780.17532918232
validation,3,3,2024-03-01,2024-06-01,324,ridge,37055.0,37020.121042652565
validation,3,1,2024-03-01,2024-04-01,397,ridge,25967.0,29534.740115546127
validation,3,2,2024-03-01,2024-05-01,397,ridge,26285.0,30557.10051194441
validation,3,3,2024-03-01,2024-06-01,397,ridge,27061.0,29918.26579452509
validation,3,1,2024-03-01,2024-04-01,486,ridge,20096.0,22439.8750866434
validation,3,2,2024-03-01,2024-05-01,486,ridge,19826.0,23242.6186330285
validation,3,3,2024-03-01,2024-06-01,486,ridge,20063.0,22768.03286414657
validation,3,1,2024-03-01,2024-04-01,506,ridge,31774.0,36083.716976585616
validation,3,2,2024-03-01,2024-05-01,506,ridge,32683.0,37533.57067809765
validation,3,3,2024-03-01,2024-06-01,506,ridge,32755.0,37223.09584888472
validation,3,1,2024-03-01,2024-04-01,541,ridge,20694.0,21892.20810180777
validation,3,2,2024-03-01,2024-05-01,541,ridge,20915.0,22872.73981874616
validation,3,3,2024-03-01,2024-06-01,541,ridge,22627.0,22613.86069646661
validation,3,1,2024-03-01,2024-04-01,571,ridge,20861.0,23141.74912882501
validation,3,2,2024-03-01,2024-05-01,571,ridge,21819.0,23984.955981336767
validation,3,3,2024-03-01,2024-06-01,571,ridge,23012.0,23705.50844838787
validation,3,1,2024-03-01,2024-04-01,581,ridge,33225.0,37754.600513636695
validation,3,2,2024-03-01,2024-05-01,581,ridge,34500.0,39080.92578813594
validation,3,3,2024-03-01,2024-06-01,581,ridge,35125.0,38696.49212660061
validation,3,1,2024-03-01,2024-04-01,694,ridge,29723.0,34638.85971975741
validation,3,2,2024-03-01,2024-05-01,694,ridge,30206.0,35662.071194116994
validation,3,3,2024-03-01,2024-06-01,694,ridge,31174.0,35331.606469103775
validation,3,1,2024-03-01,2024-04-01,811,ridge,26418.0,30220.11562652077
validation,3,2,2024-03-01,2024-05-01,811,ridge,26172.0,31367.91870369351
validation,3,3,2024-03-01,2024-06-01,811,ridge,27240.0,30793.892877629445
validation,3,1,2024-03-01,2024-04-01,1053,ridge,25638.0,28750.63060176765
validation,3,2,2024-03-01,2024-05-01,1053,ridge,25996.0,29688.279659481814
validation,3,3,2024-03-01,2024-06-01,1053,ridge,25088.0,29017.85295054313
validation,3,1,2024-03-01,2024-04-01,1110,ridge,29895.0,33545.03072693979
validation,3,2,2024-03-01,2024-05-01,1110,ridge,31120.0,34710.12579638902
validation,3,3,2024-03-01,2024-06-01,1110,ridge,31312.0,34159.68673786792
validation,3,1,2024-03-01,2024-04-01,1112,ridge,27051.0,30194.68574254757
validation,3,2,2024-03-01,2024-05-01,1112,ridge,27374.0,31200.31516835281
validation,3,3,2024-03-01,2024-06-01,1112,ridge,27563.0,30618.779368263884
validation,3,1,2024-03-01,2024-04-01,1120,ridge,23367.0,27038.841366761884
validation,3,2,2024-03-01,2024-05-01,1120,ridge,24138.0,28122.820948527627
validation,3,3,2024-03-01,2024-06-01,1120,ridge,24413.0,27233.540972147683
validation,3,1,2024-03-01,2024-04-01,1184,ridge,29511.0,34226.26690640541
validation,3,2,2024-03-01,2024-05-01,1184,ridge,28443.0,35311.45012347798
validation,3,3,2024-03-01,2024-06-01,1184,ridge,29693.0,34704.63816108464
validation,3,1,2024-03-01,2024-04-01,1238,ridge,31838.0,35993.86456994235
validation,3,2,2024-03-01,2024-05-01,1238,ridge,32641.0,37203.77933552198
validation,3,3,2024-03-01,2024-06-01,1238,ridge,34167.0,36698.83584512148
validation,3,1,2024-03-01,2024-04-01,1254,ridge,24684.0,26773.4149443894
validation,3,2,2024-03-01,2024-05-01,1254,ridge,25462.0,27702.870120745043
validation,3,3,2024-03-01,2024-06-01,1254,ridge,26901.0,27360.36199586959
validation,3,1,2024-03-01,2024-04-01,1276,ridge,19550.0,22735.9681825794
validation,3,2,2024-03-01,2024-05-01,1276,ridge,20337.0,23301.38435345301
validation,3,3,2024-03-01,2024-06-01,1276,ridge,19648.0,22920.15648527808
validation,3,1,2024-03-01,2024-04-01,1286,ridge,22405.0,24930.1382292849
validation,3,2,2024-03-01,2024-05-01,1286,ridge,22892.0,25662.226064188424
validation,3,3,2024-03-01,2024-06-01,1286,ridge,22300.0,25112.541795073805
validation,3,1,2024-03-01,2024-04-01,1289,ridge,19838.0,22787.04881918621
validation,3,2,2024-03-01,2024-05-01,1289,ridge,20317.0,23475.61793366713
validation,3,3,2024-03-01,2024-06-01,1289,ridge,20800.0,23086.889392288813
validation,3,1,2024-03-01,2024-04-01,1292,ridge,21121.0,24130.13454414272
validation,3,2,2024-03-01,2024-05-01,1292,ridge,21509.0,24885.91975862623
validation,3,3,2024-03-01,2024-06-01,1292,ridge,21132.0,24401.25688391874
validation,3,1,2024-03-01,2024-04-01,1338,ridge,21885.0,25468.276990828726
validation,3,2,2024-03-01,2024-05-01,1338,ridge,22431.0,26258.37190308449
validation,3,3,2024-03-01,2024-06-01,1338,ridge,22926.0,25776.620203963736
validation,3,1,2024-03-01,2024-04-01,1426,ridge,25037.0,28840.39623846036
validation,3,2,2024-03-01,2024-05-01,1426,ridge,25114.0,29731.9177010142
validation,3,3,2024-03-01,2024-06-01,1426,ridge,24919.0,29033.95409579418
validation,3,1,2024-03-01,2024-04-01,1443,ridge,45445.0,51541.21176505912
validation,3,2,2024-03-01,2024-05-01,1443,ridge,45673.0,53161.28375551647
validation,3,3,2024-03-01,2024-06-01,1443,ridge,45920.0,52126.53587642226
validation,3,1,2024-03-01,2024-04-01,1461,ridge,45793.0,51916.64871333009
validation,3,2,2024-03-01,2024-05-01,1461,ridge,46143.0,53607.9843166975
validation,3,3,2024-03-01,2024-06-01,1461,ridge,46682.0,52606.30496616916
validation,3,1,2024-03-01,2024-04-01,1494,ridge,28334.0,33067.612934506426
validation,3,2,2024-03-01,2024-05-01,1494,ridge,29557.0,34135.28977297248
validation,3,3,2024-03-01,2024-06-01,1494,ridge,29749.0,33602.886362513374
validation,3,1,2024-03-01,2024-04-01,1555,ridge,25312.0,29315.33329962166
validation,3,2,2024-03-01,2024-05-01,1555,ridge,25692.0,30308.64283787346
validation,3,3,2024-03-01,2024-06-01,1555,ridge,26266.0,29741.41072954956
validation,3,1,2024-03-01,2024-04-01,1573,ridge,23522.0,26038.191401782573
validation,3,2,2024-03-01,2024-05-01,1573,ridge,23278.0,26789.67746206593
validation,3,3,2024-03-01,2024-06-01,1573,ridge,25010.0,26532.48684799054
validation,3,1,2024-03-01,2024-04-01,1577,ridge,30660.0,34707.629345161105
validation,3,2,2024-03-01,2024-05-01,1577,ridge,31530.0,35816.59740315548
validation,3,3,2024-03-01,2024-06-01,1577,ridge,30905.0,35055.788720585195
validation,3,1,2024-03-01,2024-04-01,1746,ridge,19401.0,21627.934882875707
validation,3,2,2024-03-01,2024-05-01,1746,ridge,18612.0,22304.8729517026
validation,3,3,2024-03-01,2024-06-01,1746,ridge,18994.0,21767.56930665098
validation,3,1,2024-03-01,2024-04-01,1763,ridge,17598.0,20483.531341526625
validation,3,2,2024-03-01,2024-05-01,1763,ridge,17798.0,21214.844668903417
validation,3,1,2024-03-01,2024-04-01,1770,ridge,25709.0,30110.37597100129
validation,3,2,2024-03-01,2024-05-01,1770,ridge,27639.0,31161.55107843764
validation,3,3,2024-03-01,2024-06-01,1770,ridge,27165.0,30514.89839489227
validation,3,1,2024-03-01,2024-04-01,1909,ridge,21938.0,24409.1676985488
validation,3,2,2024-03-01,2024-05-01,1909,ridge,21292.0,25292.27092928872
validation,3,3,2024-03-01,2024-06-01,1909,ridge,22169.0,24763.57910237661
validation,3,1,2024-03-01,2024-04-01,1923,ridge,18177.0,20100.34092966135
validation,3,2,2024-03-01,2024-05-01,1923,ridge,18606.0,20510.113443543443
validation,3,3,2024-03-01,2024-06-01,1923,ridge,19628.0,20340.512147177305
validation,3,1,2024-03-01,2024-04-01,1930,ridge,22478.0,25176.583024771047
validation,3,2,2024-03-01,2024-05-01,1930,ridge,22825.0,25978.66794427692
validation,3,3,2024-03-01,2024-06-01,1930,ridge,23584.0,25487.80572246282
validation,3,1,2024-03-01,2024-04-01,1956,ridge,31386.0,37024.320671011774
validation,3,2,2024-03-01,2024-05-01,1956,ridge,31625.0,38355.80285723587
validation,3,3,2024-03-01,2024-06-01,1956,ridge,32622.0,37739.671943607136
validation,3,1,2024-03-01,2024-04-01,1970,ridge,53669.0,57993.136157234745
validation,3,2,2024-03-01,2024-05-01,1970,ridge,55061.0,60537.01536039595
validation,3,3,2024-03-01,2024-06-01,1970,ridge,61009.0,59993.98476159327
validation,3,1,2024-03-01,2024-04-01,2006,ridge,34605.0,39636.90825602874
validation,3,2,2024-03-01,2024-05-01,2006,ridge,34140.0,41002.68591722469
validation,3,3,2024-03-01,2024-06-01,2006,ridge,35610.0,40184.49416604996
validation,3,1,2024-03-01,2024-04-01,2061,ridge,21990.0,24912.22943111964
validation,3,2,2024-03-01,2024-05-01,2061,ridge,23782.0,25771.69495474862
validation,3,3,2024-03-01,2024-06-01,2061,ridge,22001.0,25304.786221219303
validation,3,1,2024-03-01,2024-04-01,2062,ridge,27753.0,31064.743439072263
validation,3,2,2024-03-01,2024-05-01,2062,ridge,28145.0,32045.18446361896
validation,3,3,2024-03-01,2024-06-01,2062,ridge,28080.0,31594.295035183743
validation,3,1,2024-03-01,2024-04-01,2066,ridge,23884.0,26509.607913494747
validation,3,2,2024-03-01,2024-05-01,2066,ridge,25122.0,27339.71586849257
validation,3,3,2024-03-01,2024-06-01,2066,ridge,25364.0,26818.80462678801
validation,3,1,2024-03-01,2024-04-01,2078,ridge,17606.0,20141.800797114625
validation,3,2,2024-03-01,2024-05-01,2078,ridge,17520.0,20629.2948060804
validation,3,3,2024-03-01,2024-06-01,2078,ridge,18134.0,20389.41215719073
validation,3,1,2024-03-01,2024-04-01,2079,ridge,20555.0,24818.42653506208
validation,3,2,2024-03-01,2024-05-01,2079,ridge,21273.0,25718.030861139767
validation,3,3,2024-03-01,2024-06-01,2079,ridge,21503.0,25220.341970040656
validation,3,1,2024-03-01,2024-04-01,2093,ridge,21147.0,24615.84920158366
validation,3,2,2024-03-01,2024-05-01,2093,ridge,21899.0,25280.150030482968
validation,3,3,2024-03-01,2024-06-01,2093,ridge,21026.0,24967.53307637612
validation,3,1,2024-03-01,2024-04-01,2125,ridge,23133.0,25204.559669891823
validation,3,2,2024-03-01,2024-05-01,2125,ridge,23180.0,26258.85423938853
validation,3,3,2024-03-01,2024-06-01,2125,ridge,23270.0,25495.649030566947
validation,3,1,2024-03-01,2024-04-01,2127,ridge,23895.0,24834.304345303943
validation,3,2,2024-03-01,2024-05-01,2127,ridge,24397.0,25645.43654943375
validation,3,3,2024-03-01,2024-06-01,2127,ridge,24707.0,24984.5278306347
validation,3,1,2024-03-01,2024-04-01,2139,ridge,22789.0,26321.82360620809
validation,3,2,2024-03-01,2024-05-01,2139,ridge,23798.0,27251.53132434316
validation,3,3,2024-03-01,2024-06-01,2139,ridge,24417.0,26816.85023116397
validation,3,1,2024-03-01,2024-04-01,2217,ridge,43686.0,50327.98072753102
validation,3,2,2024-03-01,2024-05-01,2217,ridge,45880.0,52329.27771415855
validation,3,3,2024-03-01,2024-06-01,2217,ridge,47893.0,51425.53114620521
validation,3,1,2024-03-01,2024-04-01,2235,ridge,35755.0,40178.07096474134
validation,3,2,2024-03-01,2024-05-01,2235,ridge,36563.0,41584.96491752296
validation,3,3,2024-03-01,2024-06-01,2235,ridge,37627.0,40795.95915296141
validation,3,1,2024-03-01,2024-04-01,2245,ridge,43638.0,48513.589812514605
validation,3,2,2024-03-01,2024-05-01,2245,ridge,46647.0,50477.54524882581
validation,3,3,2024-03-01,2024-06-01,2245,ridge,49992.0,49770.86122492487
validation,3,1,2024-03-01,2024-04-01,2278,ridge,25459.0,29502.909802019327
validation,3,2,2024-03-01,2024-05-01,2278,ridge,26664.0,30488.314619962734
validation,3,3,2024-03-01,2024-06-01,2278,ridge,26523.0,29733.781197736345
validation,3,1,2024-03-01,2024-04-01,2310,ridge,25754.0,30046.639007349942
validation,3,2,2024-03-01,2024-05-01,2310,ridge,26232.0,30990.35881009469
validation,3,3,2024-03-01,2024-06-01,2310,ridge,26529.0,30310.96180011073
validation,3,1,2024-03-01,2024-04-01,2373,ridge,52013.0,59424.78324390416
validation,3,2,2024-03-01,2024-05-01,2373,ridge,53297.0,61391.491839129216
validation,3,3,2024-03-01,2024-06-01,2373,ridge,53195.0,60180.24787730998
validation,3,1,2024-03-01,2024-04-01,2395,ridge,37720.0,43209.17053699686
validation,3,2,2024-03-01,2024-05-01,2395,ridge,39317.0,44710.63821798712
validation,3,3,2024-03-01,2024-06-01,2395,ridge,38695.0,43734.46046587152
validation,3,1,2024-03-01,2024-04-01,2453,ridge,44097.0,50813.71161970774
validation,3,2,2024-03-01,2024-05-01,2453,ridge,45293.0,52441.97711010844
validation,3,3,2024-03-01,2024-06-01,2453,ridge,44292.0,51361.05824172826
validation,3,1,2024-03-01,2024-04-01,2478,ridge,46123.0,52999.011475192354
validation,3,2,2024-03-01,2024-05-01,2478,ridge,46479.0,54621.66377290726
validation,3,3,2024-03-01,2024-06-01,2478,ridge,46919.0,53629.13826062477
validation,3,1,2024-03-01,2024-04-01,2538,ridge,53264.0,60377.73260505872
validation,3,2,2024-03-01,2024-05-01,2538,ridge,53871.0,62326.41770822472
validation,3,3,2024-03-01,2024-06-01,2538,ridge,54677.0,61112.33538331379
validation,3,1,2024-03-01,2024-04-01,2562,ridge,50320.0,56970.05929838891
validation,3,2,2024-03-01,2024-05-01,2562,ridge,50154.0,58699.29747901511
validation,3,3,2024-03-01,2024-06-01,2562,ridge,51437.0,57540.21808291153
validation,3,1,2024-03-01,2024-04-01,2573,ridge,55599.0,63388.182588020056
validation,3,2,2024-03-01,2024-05-01,2573,ridge,55204.0,65229.46321804752
validation,3,3,2024-03-01,2024-06-01,2573,ridge,55950.0,64135.55881333043
validation,3,1,2024-03-01,2024-04-01,188,boosting,22226.0,20024.79196308285
validation,3,2,2024-03-01,2024-05-01,188,boosting,21125.0,19609.83908613868
validation,3,3,2024-03-01,2024-06-01,188,boosting,21647.0,19609.83908613868
validation,3,1,2024-03-01,2024-04-01,235,boosting,24228.0,21493.38052689113
validation,3,2,2024-03-01,2024-05-01,235,boosting,24589.0,21194.00647926349
validation,3,3,2024-03-01,2024-06-01,235,boosting,23926.0,21525.76017558298
validation,3,1,2024-03-01,2024-04-01,269,boosting,29328.0,27508.57712780105
validation,3,2,2024-03-01,2024-05-01,269,boosting,29526.0,27313.18522369226
validation,3,3,2024-03-01,2024-06-01,269,boosting,29697.0,27313.18522369226
validation,3,1,2024-03-01,2024-04-01,305,boosting,20117.0,19081.315982918604
validation,3,2,2024-03-01,2024-05-01,305,boosting,20441.0,18827.96478175461
validation,3,3,2024-03-01,2024-06-01,305,boosting,20687.0,18751.652419278045
validation,3,1,2024-03-01,2024-04-01,312,boosting,43646.0,39299.02066684236
validation,3,2,2024-03-01,2024-05-01,312,boosting,44534.0,39299.27199867644
validation,3,3,2024-03-01,2024-06-01,312,boosting,48627.0,40080.72759745266
validation,3,1,2024-03-01,2024-04-01,322,boosting,40234.0,35377.40072651616
validation,3,2,2024-03-01,2024-05-01,322,boosting,40374.0,34887.805915945886
validation,3,3,2024-03-01,2024-06-01,322,boosting,51459.0,36259.25802556295
validation,3,1,2024-03-01,2024-04-01,324,boosting,32085.0,29610.99588305842
validation,3,2,2024-03-01,2024-05-01,324,boosting,31090.0,29385.460398714506
validation,3,3,2024-03-01,2024-06-01,324,boosting,37055.0,30334.33689820177
validation,3,1,2024-03-01,2024-04-01,397,boosting,25967.0,24243.94261537696
validation,3,2,2024-03-01,2024-05-01,397,boosting,26285.0,24017.00001742753
validation,3,3,2024-03-01,2024-06-01,397,boosting,27061.0,24017.00001742753
validation,3,1,2024-03-01,2024-04-01,486,boosting,20096.0,18162.47708864704
validation,3,2,2024-03-01,2024-05-01,486,boosting,19826.0,18445.10920617753
validation,3,3,2024-03-01,2024-06-01,486,boosting,20063.0,18362.0823517402
validation,3,1,2024-03-01,2024-04-01,506,boosting,31774.0,29813.63914895575
validation,3,2,2024-03-01,2024-05-01,506,boosting,32683.0,29643.84885478097
validation,3,3,2024-03-01,2024-06-01,506,boosting,32755.0,30135.47022328136
validation,3,1,2024-03-01,2024-04-01,541,boosting,20694.0,17933.845250875944
validation,3,2,2024-03-01,2024-05-01,541,boosting,20915.0,18188.47762308117
validation,3,3,2024-03-01,2024-06-01,541,boosting,22627.0,18451.40049569673
validation,3,1,2024-03-01,2024-04-01,571,boosting,20861.0,18864.468221476847
validation,3,2,2024-03-01,2024-05-01,571,boosting,21819.0,18916.70824366308
validation,3,3,2024-03-01,2024-06-01,571,boosting,23012.0,19216.70244270276
validation,3,1,2024-03-01,2024-04-01,581,boosting,33225.0,30789.35403967116
validation,3,2,2024-03-01,2024-05-01,581,boosting,34500.0,30903.674633383467
validation,3,3,2024-03-01,2024-06-01,581,boosting,35125.0,31609.3460698204
validation,3,1,2024-03-01,2024-04-01,694,boosting,29723.0,28255.200196168928
validation,3,2,2024-03-01,2024-05-01,694,boosting,30206.0,28036.94364242989
validation,3,3,2024-03-01,2024-06-01,694,boosting,31174.0,28497.36672756457
validation,3,1,2024-03-01,2024-04-01,811,boosting,26418.0,25044.84849917156
validation,3,2,2024-03-01,2024-05-01,811,boosting,26172.0,24703.09973165145
validation,3,3,2024-03-01,2024-06-01,811,boosting,27240.0,24703.09973165145
validation,3,1,2024-03-01,2024-04-01,1053,boosting,25638.0,23521.055611355023
validation,3,2,2024-03-01,2024-05-01,1053,boosting,25996.0,23303.555680061
validation,3,3,2024-03-01,2024-06-01,1053,boosting,25088.0,23280.67943194191
validation,3,1,2024-03-01,2024-04-01,1110,boosting,29895.0,27471.00165653709
validation,3,2,2024-03-01,2024-05-01,1110,boosting,31120.0,27638.300521937097
validation,3,3,2024-03-01,2024-06-01,1110,boosting,31312.0,27704.513725193472
validation,3,1,2024-03-01,2024-04-01,1112,boosting,27051.0,24549.59452239683
validation,3,2,2024-03-01,2024-05-01,1112,boosting,27374.0,24317.57450097969
validation,3,3,2024-03-01,2024-06-01,1112,boosting,27563.0,24383.333606021293
validation,3,1,2024-03-01,2024-04-01,1120,boosting,23367.0,22088.987851924605
validation,3,2,2024-03-01,2024-05-01,1120,boosting,24138.0,21969.59977066365
validation,3,3,2024-03-01,2024-06-01,1120,boosting,24413.0,21829.70901345357
validation,3,1,2024-03-01,2024-04-01,1184,boosting,29511.0,30902.910511043847
validation,3,2,2024-03-01,2024-05-01,1184,boosting,28443.0,32389.222113215885
validation,3,3,2024-03-01,2024-06-01,1184,boosting,29693.0,32320.51150656808
validation,3,1,2024-03-01,2024-04-01,1238,boosting,31838.0,29354.07558678461
validation,3,2,2024-03-01,2024-05-01,1238,boosting,32641.0,29376.284912011928
validation,3,3,2024-03-01,2024-06-01,1238,boosting,34167.0,29447.14027001154
validation,3,1,2024-03-01,2024-04-01,1254,boosting,24684.0,21381.542644103527
validation,3,2,2024-03-01,2024-05-01,1254,boosting,25462.0,21577.67046110696
validation,3,3,2024-03-01,2024-06-01,1254,boosting,26901.0,21986.17699435176
validation,3,1,2024-03-01,2024-04-01,1276,boosting,19550.0,18683.70284414069
validation,3,2,2024-03-01,2024-05-01,1276,boosting,20337.0,18300.03233302006
validation,3,3,2024-03-01,2024-06-01,1276,boosting,19648.0,18470.209482309343
validation,3,1,2024-03-01,2024-04-01,1286,boosting,22405.0,20281.163981234185
validation,3,2,2024-03-01,2024-05-01,1286,boosting,22892.0,20212.437805866382
validation,3,3,2024-03-01,2024-06-01,1286,boosting,22300.0,19929.492860718685
validation,3,1,2024-03-01,2024-04-01,1289,boosting,19838.0,18668.79841240236
validation,3,2,2024-03-01,2024-05-01,1289,boosting,20317.0,18510.667810037143
validation,3,3,2024-03-01,2024-06-01,1289,boosting,20800.0,18786.4465336374
validation,3,1,2024-03-01,2024-04-01,1292,boosting,21121.0,19366.228387548414
validation,3,2,2024-03-01,2024-05-01,1292,boosting,21509.0,19289.53620080445
validation,3,3,2024-03-01,2024-06-01,1292,boosting,21132.0,19327.86832550744
validation,3,1,2024-03-01,2024-04-01,1338,boosting,21885.0,20390.135503525365
validation,3,2,2024-03-01,2024-05-01,1338,boosting,22431.0,20314.17301713179
validation,3,3,2024-03-01,2024-06-01,1338,boosting,22926.0,20412.21113839124
validation,3,1,2024-03-01,2024-04-01,1426,boosting,25037.0,23975.09693352546
validation,3,2,2024-03-01,2024-05-01,1426,boosting,25114.0,23565.3070699535
validation,3,3,2024-03-01,2024-06-01,1426,boosting,24919.0,23565.3070699535
validation,3,1,2024-03-01,2024-04-01,1443,boosting,45445.0,42172.91434448704
validation,3,2,2024-03-01,2024-05-01,1443,boosting,45673.0,42241.44497367903
validation,3,3,2024-03-01,2024-06-01,1443,boosting,45920.0,42241.44497367903
validation,3,1,2024-03-01,2024-04-01,1461,boosting,45793.0,42431.34383436293
validation,3,2,2024-03-01,2024-05-01,1461,boosting,46143.0,42500.74649847301
validation,3,3,2024-03-01,2024-06-01,1461,boosting,46682.0,42582.7020625598
validation,3,1,2024-03-01,2024-04-01,1494,boosting,28334.0,26883.779310820544
validation,3,2,2024-03-01,2024-05-01,1494,boosting,29557.0,26902.44031317984
validation,3,3,2024-03-01,2024-06-01,1494,boosting,29749.0,27270.42370707141
validation,3,1,2024-03-01,2024-04-01,1555,boosting,25312.0,23820.0498094404
validation,3,2,2024-03-01,2024-05-01,1555,boosting,25692.0,23662.212676050385
validation,3,3,2024-03-01,2024-06-01,1555,boosting,26266.0,23662.212676050385
validation,3,1,2024-03-01,2024-04-01,1573,boosting,23522.0,21292.69700338735
validation,3,2,2024-03-01,2024-05-01,1573,boosting,23278.0,21113.413598810705
validation,3,3,2024-03-01,2024-06-01,1573,boosting,25010.0,21647.80494336605
validation,3,1,2024-03-01,2024-04-01,1577,boosting,30660.0,28073.513796783573
validation,3,2,2024-03-01,2024-05-01,1577,boosting,31530.0,27930.84123382984
validation,3,3,2024-03-01,2024-06-01,1577,boosting,30905.0,27991.7821443193
validation,3,1,2024-03-01,2024-04-01,1746,boosting,19401.0,18022.766646879787
validation,3,2,2024-03-01,2024-05-01,1746,boosting,18612.0,17585.65170567172
validation,3,3,2024-03-01,2024-06-01,1746,boosting,18994.0,17809.810167998072
validation,3,1,2024-03-01,2024-04-01,1763,boosting,17598.0,16792.134428766523
validation,3,2,2024-03-01,2024-05-01,1763,boosting,17798.0,16734.944063486073
validation,3,1,2024-03-01,2024-04-01,1770,boosting,25709.0,24370.46541268061
validation,3,2,2024-03-01,2024-05-01,1770,boosting,27639.0,24413.91310703705
validation,3,3,2024-03-01,2024-06-01,1770,boosting,27165.0,24492.197633518856
validation,3,1,2024-03-01,2024-04-01,1909,boosting,21938.0,20106.98319399788
validation,3,2,2024-03-01,2024-05-01,1909,boosting,21292.0,20051.40755170363
validation,3,3,2024-03-01,2024-06-01,1909,boosting,22169.0,20020.888121000586
validation,3,1,2024-03-01,2024-04-01,1923,boosting,18177.0,16908.57804651996
validation,3,2,2024-03-01,2024-05-01,1923,boosting,18606.0,16550.033582675653
validation,3,3,2024-03-01,2024-06-01,1923,boosting,19628.0,16871.916265453394
validation,3,1,2024-03-01,2024-04-01,1930,boosting,22478.0,20633.37094211328
validation,3,2,2024-03-01,2024-05-01,1930,boosting,22825.0,20454.270903912027
validation,3,3,2024-03-01,2024-06-01,1930,boosting,23584.0,20454.270903912027
validation,3,1,2024-03-01,2024-04-01,1956,boosting,31386.0,30366.0331217437
validation,3,2,2024-03-01,2024-05-01,1956,boosting,31625.0,30192.56006910192
validation,3,3,2024-03-01,2024-06-01,1956,boosting,32622.0,30470.03791406259
validation,3,1,2024-03-01,2024-04-01,1970,boosting,53669.0,46575.47075934173
validation,3,2,2024-03-01,2024-05-01,1970,boosting,55061.0,48503.87741632596
validation,3,3,2024-03-01,2024-06-01,1970,boosting,61009.0,48815.01981348226
validation,3,1,2024-03-01,2024-04-01,2006,boosting,34605.0,33185.4584852958
validation,3,2,2024-03-01,2024-05-01,2006,boosting,34140.0,32625.71005097948
validation,3,3,2024-03-01,2024-06-01,2006,boosting,35610.0,32625.71005097948
validation,3,1,2024-03-01,2024-04-01,2061,boosting,21990.0,20174.56584926368
validation,3,2,2024-03-01,2024-05-01,2061,boosting,23782.0,20148.123645110227
validation,3,3,2024-03-01,2024-06-01,2061,boosting,22001.0,20187.930282934005
validation,3,1,2024-03-01,2024-04-01,2062,boosting,27753.0,25046.557870499324
validation,3,2,2024-03-01,2024-05-01,2062,boosting,28145.0,24923.864105545945
validation,3,3,2024-03-01,2024-06-01,2062,boosting,28080.0,24996.93391872163
validation,3,1,2024-03-01,2024-04-01,2066,boosting,23884.0,21834.2237248235
validation,3,2,2024-03-01,2024-05-01,2066,boosting,25122.0,21497.71117267576
validation,3,3,2024-03-01,2024-06-01,2066,boosting,25364.0,21702.595846493525
validation,3,1,2024-03-01,2024-04-01,2078,boosting,17606.0,16602.37888527979
validation,3,2,2024-03-01,2024-05-01,2078,boosting,17520.0,16315.632853591678
validation,3,3,2024-03-01,2024-06-01,2078,boosting,18134.0,16510.669157324068
validation,3,1,2024-03-01,2024-04-01,2079,boosting,20555.0,20275.07895340572
validation,3,2,2024-03-01,2024-05-01,2079,boosting,21273.0,20115.88137286708
validation,3,3,2024-03-01,2024-06-01,2079,boosting,21503.0,20115.88137286708
validation,3,1,2024-03-01,2024-04-01,2093,boosting,21147.0,20308.50445272082
validation,3,2,2024-03-01,2024-05-01,2093,boosting,21899.0,19814.58110599615
validation,3,3,2024-03-01,2024-06-01,2093,boosting,21026.0,19925.08063466448
validation,3,1,2024-03-01,2024-04-01,2125,boosting,23133.0,20515.637672458382
validation,3,2,2024-03-01,2024-05-01,2125,boosting,23180.0,20239.247201567345
validation,3,3,2024-03-01,2024-06-01,2125,boosting,23270.0,20295.13759773121
validation,3,1,2024-03-01,2024-04-01,2127,boosting,23895.0,20666.57960328384
validation,3,2,2024-03-01,2024-05-01,2127,boosting,24397.0,20229.00833575417
validation,3,3,2024-03-01,2024-06-01,2127,boosting,24707.0,19927.87024756052
validation,3,1,2024-03-01,2024-04-01,2139,boosting,22789.0,21792.687955001576
validation,3,2,2024-03-01,2024-05-01,2139,boosting,23798.0,21348.49167606553
validation,3,3,2024-03-01,2024-06-01,2139,boosting,24417.0,21620.1362705673
validation,3,1,2024-03-01,2024-04-01,2217,boosting,43686.0,41240.46783718056
validation,3,2,2024-03-01,2024-05-01,2217,boosting,45880.0,41861.75497671384
validation,3,3,2024-03-01,2024-06-01,2217,boosting,47893.0,42254.95135002252
validation,3,1,2024-03-01,2024-04-01,2235,boosting,35755.0,32384.46463650888
validation,3,2,2024-03-01,2024-05-01,2235,boosting,36563.0,32847.15374078962
validation,3,3,2024-03-01,2024-06-01,2235,boosting,37627.0,32933.42148314928
validation,3,1,2024-03-01,2024-04-01,2245,boosting,43638.0,39417.78732497975
validation,3,2,2024-03-01,2024-05-01,2245,boosting,46647.0,39827.54697515965
validation,3,3,2024-03-01,2024-06-01,2245,boosting,49992.0,39955.42133724313
validation,3,1,2024-03-01,2024-04-01,2278,boosting,25459.0,23922.501187915816
validation,3,2,2024-03-01,2024-05-01,2278,boosting,26664.0,23814.46921133624
validation,3,3,2024-03-01,2024-06-01,2278,boosting,26523.0,23884.420128329515
validation,3,1,2024-03-01,2024-04-01,2310,boosting,25754.0,24234.442185374704
validation,3,2,2024-03-01,2024-05-01,2310,boosting,26232.0,24040.764912943945
validation,3,3,2024-03-01,2024-06-01,2310,boosting,26529.0,24099.37525388063
validation,3,1,2024-03-01,2024-04-01,2373,boosting,52013.0,48268.39183981194
validation,3,2,2024-03-01,2024-05-01,2373,boosting,53297.0,48476.92027666766
validation,3,3,2024-03-01,2024-06-01,2373,boosting,53195.0,48635.84052648861
validation,3,1,2024-03-01,2024-04-01,2395,boosting,37720.0,35010.61197176798
validation,3,2,2024-03-01,2024-05-01,2395,boosting,39317.0,34914.74043970574
validation,3,3,2024-03-01,2024-06-01,2395,boosting,38695.0,35012.163816934575
validation,3,1,2024-03-01,2024-04-01,2453,boosting,44097.0,41568.72202410918
validation,3,2,2024-03-01,2024-05-01,2453,boosting,45293.0,41606.32920435546
validation,3,3,2024-03-01,2024-06-01,2453,boosting,44292.0,41617.08824841066
validation,3,1,2024-03-01,2024-04-01,2478,boosting,46123.0,43448.07309553553
validation,3,2,2024-03-01,2024-05-01,2478,boosting,46479.0,43636.00993224535
validation,3,3,2024-03-01,2024-06-01,2478,boosting,46919.0,44030.71926492192
validation,3,1,2024-03-01,2024-04-01,2538,boosting,53264.0,49264.58941556719
validation,3,2,2024-03-01,2024-05-01,2538,boosting,53871.0,49349.31056148017
validation,3,3,2024-03-01,2024-06-01,2538,boosting,54677.0,49420.819406057126
validation,3,1,2024-03-01,2024-04-01,2562,boosting,50320.0,46162.57469113256
validation,3,2,2024-03-01,2024-05-01,2562,boosting,50154.0,46147.9879144527
validation,3,3,2024-03-01,2024-06-01,2562,boosting,51437.0,46299.272817180194
validation,3,1,2024-03-01,2024-04-01,2573,boosting,55599.0,51787.62060728879
validation,3,2,2024-03-01,2024-05-01,2573,boosting,55204.0,51885.541818376754
validation,3,3,2024-03-01,2024-06-01,2573,boosting,55950.0,51885.541818376754
validation,3,1,2024-03-01,2024-04-01,188,boosting_news,22226.0,22636.361200192125
validation,3,2,2024-03-01,2024-05-01,188,boosting_news,21125.0,23478.30157690037
validation,3,3,2024-03-01,2024-06-01,188,boosting_news,21647.0,23478.30157690037
validation,3,1,2024-03-01,2024-04-01,235,boosting_news,24228.0,23657.305824150502
validation,3,2,2024-03-01,2024-05-01,235,boosting_news,24589.0,25387.990785038943
validation,3,3,2024-03-01,2024-06-01,235,boosting_news,23926.0,25450.048027620687
validation,3,1,2024-03-01,2024-04-01,269,boosting_news,29328.0,31135.62745386044
validation,3,2,2024-03-01,2024-05-01,269,boosting_news,29526.0,32716.11356330048
validation,3,3,2024-03-01,2024-06-01,269,boosting_news,29697.0,32742.12242037745
validation,3,1,2024-03-01,2024-04-01,305,boosting_news,20117.0,21450.08913002184
validation,3,2,2024-03-01,2024-05-01,305,boosting_news,20441.0,22295.13534243453
validation,3,3,2024-03-01,2024-06-01,305,boosting_news,20687.0,22302.33257435101
validation,3,1,2024-03-01,2024-04-01,312,boosting_news,43646.0,44820.99285378494
validation,3,2,2024-03-01,2024-05-01,312,boosting_news,44534.0,47816.95889797009
validation,3,3,2024-03-01,2024-06-01,312,boosting_news,48627.0,47799.47499531236
validation,3,1,2024-03-01,2024-04-01,322,boosting_news,40234.0,41145.62910383049
validation,3,2,2024-03-01,2024-05-01,322,boosting_news,40374.0,44239.76607376753
validation,3,3,2024-03-01,2024-06-01,322,boosting_news,51459.0,44166.76021639208
validation,3,1,2024-03-01,2024-04-01,324,boosting_news,32085.0,33469.860699973455
validation,3,2,2024-03-01,2024-05-01,324,boosting_news,31090.0,35729.19276108525
validation,3,3,2024-03-01,2024-06-01,324,boosting_news,37055.0,35906.37879673052
validation,3,1,2024-03-01,2024-04-01,397,boosting_news,25967.0,27222.07417493664
validation,3,2,2024-03-01,2024-05-01,397,boosting_news,26285.0,28498.575195876907
validation,3,3,2024-03-01,2024-06-01,397,boosting_news,27061.0,28521.48129353073
validation,3,1,2024-03-01,2024-04-01,486,boosting_news,20096.0,20708.52597716836
validation,3,2,2024-03-01,2024-05-01,486,boosting_news,19826.0,22245.220871592544
validation,3,3,2024-03-01,2024-06-01,486,boosting_news,20063.0,22342.91474186973
validation,3,1,2024-03-01,2024-04-01,506,boosting_news,31774.0,33553.48404487316
validation,3,2,2024-03-01,2024-05-01,506,boosting_news,32683.0,35374.71139948523
validation,3,3,2024-03-01,2024-06-01,506,boosting_news,32755.0,35494.75666348131
validation,3,1,2024-03-01,2024-04-01,541,boosting_news,20694.0,20484.33020431743
validation,3,2,2024-03-01,2024-05-01,541,boosting_news,20915.0,21924.78121927442
validation,3,3,2024-03-01,2024-06-01,541,boosting_news,22627.0,21995.91492485955
validation,3,1,2024-03-01,2024-04-01,571,boosting_news,20861.0,21216.72998109228
validation,3,2,2024-03-01,2024-05-01,571,boosting_news,21819.0,22794.980074481547
validation,3,3,2024-03-01,2024-06-01,571,boosting_news,23012.0,22844.486276251788
validation,3,1,2024-03-01,2024-04-01,581,boosting_news,33225.0,34976.37309550441
validation,3,2,2024-03-01,2024-05-01,581,boosting_news,34500.0,37064.01668601009
validation,3,3,2024-03-01,2024-06-01,581,boosting_news,35125.0,37012.36053298514
validation,3,1,2024-03-01,2024-04-01,694,boosting_news,29723.0,32086.913835626736
validation,3,2,2024-03-01,2024-05-01,694,boosting_news,30206.0,34649.86348484238
validation,3,3,2024-03-01,2024-06-01,694,boosting_news,31174.0,34765.80612769722
validation,3,1,2024-03-01,2024-04-01,811,boosting_news,26418.0,28315.78724111473
validation,3,2,2024-03-01,2024-05-01,811,boosting_news,26172.0,29546.31383494509
validation,3,3,2024-03-01,2024-06-01,811,boosting_news,27240.0,29570.09098884065
validation,3,1,2024-03-01,2024-04-01,1053,boosting_news,25638.0,26097.00270582686
validation,3,2,2024-03-01,2024-05-01,1053,boosting_news,25996.0,27138.759956292703
validation,3,3,2024-03-01,2024-06-01,1053,boosting_news,25088.0,27138.86878370317
validation,3,1,2024-03-01,2024-04-01,1110,boosting_news,29895.0,31120.10083121372
validation,3,2,2024-03-01,2024-05-01,1110,boosting_news,31120.0,33604.94227890945
validation,3,3,2024-03-01,2024-06-01,1110,boosting_news,31312.0,33693.30008252617
validation,3,1,2024-03-01,2024-04-01,1112,boosting_news,27051.0,27921.521986214484
validation,3,2,2024-03-01,2024-05-01,1112,boosting_news,27374.0,29598.22132364217
validation,3,3,2024-03-01,2024-06-01,1112,boosting_news,27563.0,29681.45310579794
validation,3,1,2024-03-01,2024-04-01,1120,boosting_news,23367.0,25044.78562273056
validation,3,2,2024-03-01,2024-05-01,1120,boosting_news,24138.0,26941.40148020316
validation,3,3,2024-03-01,2024-06-01,1120,boosting_news,24413.0,26972.64687217813
validation,3,1,2024-03-01,2024-04-01,1184,boosting_news,29511.0,31055.324767630475
validation,3,2,2024-03-01,2024-05-01,1184,boosting_news,28443.0,32200.40312508885
validation,3,3,2024-03-01,2024-06-01,1184,boosting_news,29693.0,32212.485645112887
validation,3,1,2024-03-01,2024-04-01,1238,boosting_news,31838.0,33551.02057806065
validation,3,2,2024-03-01,2024-05-01,1238,boosting_news,32641.0,35802.16127829154
validation,3,3,2024-03-01,2024-06-01,1238,boosting_news,34167.0,35901.75442418903
validation,3,1,2024-03-01,2024-04-01,1254,boosting_news,24684.0,24521.596148476983
validation,3,2,2024-03-01,2024-05-01,1254,boosting_news,25462.0,26208.87807612645
validation,3,3,2024-03-01,2024-06-01,1254,boosting_news,26901.0,26324.85684796353
validation,3,1,2024-03-01,2024-04-01,1276,boosting_news,19550.0,20600.47451271409
validation,3,2,2024-03-01,2024-05-01,1276,boosting_news,20337.0,21435.104050031707
validation,3,3,2024-03-01,2024-06-01,1276,boosting_news,19648.0,21373.803322100663
validation,3,1,2024-03-01,2024-04-01,1286,boosting_news,22405.0,22758.324645871948
validation,3,2,2024-03-01,2024-05-01,1286,boosting_news,22892.0,23540.47047724345
validation,3,3,2024-03-01,2024-06-01,1286,boosting_news,22300.0,23600.71932260453
validation,3,1,2024-03-01,2024-04-01,1289,boosting_news,19838.0,20666.32112637612
validation,3,2,2024-03-01,2024-05-01,1289,boosting_news,20317.0,21956.094482097425
validation,3,3,2024-03-01,2024-06-01,1289,boosting_news,20800.0,22027.229040973136
validation,3,1,2024-03-01,2024-04-01,1292,boosting_news,21121.0,22155.70600402893
validation,3,2,2024-03-01,2024-05-01,1292,boosting_news,21509.0,23782.777967638867
validation,3,3,2024-03-01,2024-06-01,1292,boosting_news,21132.0,23845.007537963484
validation,3,1,2024-03-01,2024-04-01,1338,boosting_news,21885.0,23244.11340375549
validation,3,2,2024-03-01,2024-05-01,1338,boosting_news,22431.0,24890.17149016956
validation,3,3,2024-03-01,2024-06-01,1338,boosting_news,22926.0,24960.13386748599
validation,3,1,2024-03-01,2024-04-01,1426,boosting_news,25037.0,27086.86160528888
validation,3,2,2024-03-01,2024-05-01,1426,boosting_news,25114.0,28136.141243034108
validation,3,3,2024-03-01,2024-06-01,1426,boosting_news,24919.0,28136.141243034108
validation,3,1,2024-03-01,2024-04-01,1443,boosting_news,45445.0,47581.47458016642
validation,3,2,2024-03-01,2024-05-01,1443,boosting_news,45673.0,50171.45346867279
validation,3,3,2024-03-01,2024-06-01,1443,boosting_news,45920.0,50211.33002551887
validation,3,1,2024-03-01,2024-04-01,1461,boosting_news,45793.0,47970.33411014513
validation,3,2,2024-03-01,2024-05-01,1461,boosting_news,46143.0,50722.206430548285
validation,3,3,2024-03-01,2024-06-01,1461,boosting_news,46682.0,50787.49449533709
validation,3,1,2024-03-01,2024-04-01,1494,boosting_news,28334.0,30345.1049850371
validation,3,2,2024-03-01,2024-05-01,1494,boosting_news,29557.0,31836.666908181087
validation,3,3,2024-03-01,2024-06-01,1494,boosting_news,29749.0,31868.16946342749
validation,3,1,2024-03-01,2024-04-01,1555,boosting_news,25312.0,26840.69169244348
validation,3,2,2024-03-01,2024-05-01,1555,boosting_news,25692.0,28111.74136468804
validation,3,3,2024-03-01,2024-06-01,1555,boosting_news,26266.0,28134.326546884386
validation,3,1,2024-03-01,2024-04-01,1573,boosting_news,23522.0,23964.84476190485
validation,3,2,2024-03-01,2024-05-01,1573,boosting_news,23278.0,25268.205274669755
validation,3,3,2024-03-01,2024-06-01,1573,boosting_news,25010.0,25225.939196159965
validation,3,1,2024-03-01,2024-04-01,1577,boosting_news,30660.0,31930.809852783623
validation,3,2,2024-03-01,2024-05-01,1577,boosting_news,31530.0,34061.63813626618
validation,3,3,2024-03-01,2024-06-01,1577,boosting_news,30905.0,34133.1974074272
validation,3,1,2024-03-01,2024-04-01,1746,boosting_news,19401.0,19871.31486757265
validation,3,2,2024-03-01,2024-05-01,1746,boosting_news,18612.0,20800.81856461817
validation,3,3,2024-03-01,2024-06-01,1746,boosting_news,18994.0,20746.54659176949
validation,3,1,2024-03-01,2024-04-01,1763,boosting_news,17598.0,19147.96164018193
validation,3,2,2024-03-01,2024-05-01,1763,boosting_news,17798.0,20847.373024122364
validation,3,1,2024-03-01,2024-04-01,1770,boosting_news,25709.0,27753.920938982206
validation,3,2,2024-03-01,2024-05-01,1770,boosting_news,27639.0,29657.8937078037
validation,3,3,2024-03-01,2024-06-01,1770,boosting_news,27165.0,29735.352515229748
validation,3,1,2024-03-01,2024-04-01,1909,boosting_news,21938.0,22653.956148231508
validation,3,2,2024-03-01,2024-05-01,1909,boosting_news,21292.0,23422.4130376587
validation,3,3,2024-03-01,2024-06-01,1909,boosting_news,22169.0,23499.36072245053
validation,3,1,2024-03-01,2024-04-01,1923,boosting_news,18177.0,18686.992557081463
validation,3,2,2024-03-01,2024-05-01,1923,boosting_news,18606.0,19308.306201398147
validation,3,3,2024-03-01,2024-06-01,1923,boosting_news,19628.0,19385.680768041115
validation,3,1,2024-03-01,2024-04-01,1930,boosting_news,22478.0,23385.13092690571
validation,3,2,2024-03-01,2024-05-01,1930,boosting_news,22825.0,24479.69684590915
validation,3,3,2024-03-01,2024-06-01,1930,boosting_news,23584.0,24499.304693861155
validation,3,1,2024-03-01,2024-04-01,1956,boosting_news,31386.0,33318.976647629446
validation,3,2,2024-03-01,2024-05-01,1956,boosting_news,31625.0,34966.48622757937
validation,3,3,2024-03-01,2024-06-01,1956,boosting_news,32622.0,35033.13411219607
validation,3,1,2024-03-01,2024-04-01,1970,boosting_news,53669.0,53113.683741562985
validation,3,2,2024-03-01,2024-05-01,1970,boosting_news,55061.0,57297.07065633818
validation,3,3,2024-03-01,2024-06-01,1970,boosting_news,61009.0,57466.62982346214
validation,3,1,2024-03-01,2024-04-01,2006,boosting_news,34605.0,37348.54399978164
validation,3,2,2024-03-01,2024-05-01,2006,boosting_news,34140.0,39047.59503835929
validation,3,3,2024-03-01,2024-06-01,2006,boosting_news,35610.0,39047.59503835929
validation,3,1,2024-03-01,2024-04-01,2061,boosting_news,21990.0,23026.06514988762
validation,3,2,2024-03-01,2024-05-01,2061,boosting_news,23782.0,24674.87267858197
validation,3,3,2024-03-01,2024-06-01,2061,boosting_news,22001.0,24739.496019631715
validation,3,1,2024-03-01,2024-04-01,2062,boosting_news,27753.0,28630.79265420185
validation,3,2,2024-03-01,2024-05-01,2062,boosting_news,28145.0,30379.166106230256
validation,3,3,2024-03-01,2024-06-01,2062,boosting_news,28080.0,30477.89954277876
validation,3,1,2024-03-01,2024-04-01,2066,boosting_news,23884.0,24596.022393063013
validation,3,2,2024-03-01,2024-05-01,2066,boosting_news,25122.0,25466.63044998805
validation,3,3,2024-03-01,2024-06-01,2066,boosting_news,25364.0,25466.63044998805
validation,3,1,2024-03-01,2024-04-01,2078,boosting_news,17606.0,18664.423994454664
validation,3,2,2024-03-01,2024-05-01,2078,boosting_news,17520.0,19467.802481041905
validation,3,3,2024-03-01,2024-06-01,2078,boosting_news,18134.0,19454.129974541745
validation,3,1,2024-03-01,2024-04-01,2079,boosting_news,20555.0,22897.3850514718
validation,3,2,2024-03-01,2024-05-01,2079,boosting_news,21273.0,24023.648692115465
validation,3,3,2024-03-01,2024-06-01,2079,boosting_news,21503.0,24042.930434602586
validation,3,1,2024-03-01,2024-04-01,2093,boosting_news,21147.0,23082.52851680792
validation,3,2,2024-03-01,2024-05-01,2093,boosting_news,21899.0,24407.55889631703
validation,3,3,2024-03-01,2024-06-01,2093,boosting_news,21026.0,24472.87787015616
validation,3,1,2024-03-01,2024-04-01,2125,boosting_news,23133.0,23322.95813228685
validation,3,2,2024-03-01,2024-05-01,2125,boosting_news,23180.0,24744.13177806005
validation,3,3,2024-03-01,2024-06-01,2125,boosting_news,23270.0,24774.280192264123
validation,3,1,2024-03-01,2024-04-01,2127,boosting_news,23895.0,22901.73424159678
validation,3,2,2024-03-01,2024-05-01,2127,boosting_news,24397.0,23776.915488241502
validation,3,3,2024-03-01,2024-06-01,2127,boosting_news,24707.0,23797.37722870476
validation,3,1,2024-03-01,2024-04-01,2139,boosting_news,22789.0,24591.99226657114
validation,3,2,2024-03-01,2024-05-01,2139,boosting_news,23798.0,25507.63498199487
validation,3,3,2024-03-01,2024-06-01,2139,boosting_news,24417.0,25540.46350686869
validation,3,1,2024-03-01,2024-04-01,2217,boosting_news,43686.0,46360.06779892237
validation,3,2,2024-03-01,2024-05-01,2217,boosting_news,45880.0,48840.25620414117
validation,3,3,2024-03-01,2024-06-01,2217,boosting_news,47893.0,48867.17954523871
validation,3,1,2024-03-01,2024-04-01,2235,boosting_news,35755.0,36858.8984922832
validation,3,2,2024-03-01,2024-05-01,2235,boosting_news,36563.0,39156.014211408925
validation,3,3,2024-03-01,2024-06-01,2235,boosting_news,37627.0,39257.89343221117
validation,3,1,2024-03-01,2024-04-01,2245,boosting_news,43638.0,43854.398932701886
validation,3,2,2024-03-01,2024-05-01,2245,boosting_news,46647.0,46912.75300779437
validation,3,3,2024-03-01,2024-06-01,2245,boosting_news,49992.0,47034.5100858439
validation,3,1,2024-03-01,2024-04-01,2278,boosting_news,25459.0,27301.139752372503
validation,3,2,2024-03-01,2024-05-01,2278,boosting_news,26664.0,28689.136526816084
validation,3,3,2024-03-01,2024-06-01,2278,boosting_news,26523.0,28762.794919605345
validation,3,1,2024-03-01,2024-04-01,2310,boosting_news,25754.0,27513.015695048147
validation,3,2,2024-03-01,2024-05-01,2310,boosting_news,26232.0,29109.968761432447
validation,3,3,2024-03-01,2024-06-01,2310,boosting_news,26529.0,29171.80150747168
validation,3,1,2024-03-01,2024-04-01,2373,boosting_news,52013.0,54798.00483708305
validation,3,2,2024-03-01,2024-05-01,2373,boosting_news,53297.0,58680.7459684675
validation,3,3,2024-03-01,2024-06-01,2373,boosting_news,53195.0,58832.80122068369
validation,3,1,2024-03-01,2024-04-01,2395,boosting_news,37720.0,39438.70040161804
validation,3,2,2024-03-01,2024-05-01,2395,boosting_news,39317.0,42127.70004887068
validation,3,3,2024-03-01,2024-06-01,2395,boosting_news,38695.0,42216.58834464797
validation,3,1,2024-03-01,2024-04-01,2453,boosting_news,44097.0,46787.41611703953
validation,3,2,2024-03-01,2024-05-01,2453,boosting_news,45293.0,49365.89926833539
validation,3,3,2024-03-01,2024-06-01,2453,boosting_news,44292.0,49405.02413910992
validation,3,1,2024-03-01,2024-04-01,2478,boosting_news,46123.0,48838.49854693928
validation,3,2,2024-03-01,2024-05-01,2478,boosting_news,46479.0,51060.78606841865
validation,3,3,2024-03-01,2024-06-01,2478,boosting_news,46919.0,51023.449045483736
validation,3,1,2024-03-01,2024-04-01,2538,boosting_news,53264.0,55894.49663286479
validation,3,2,2024-03-01,2024-05-01,2538,boosting_news,53871.0,59146.21494901707
validation,3,3,2024-03-01,2024-06-01,2538,boosting_news,54677.0,59242.68768763097
validation,3,1,2024-03-01,2024-04-01,2562,boosting_news,50320.0,52353.30748743049
validation,3,2,2024-03-01,2024-05-01,2562,boosting_news,50154.0,55857.06910235081
validation,3,3,2024-03-01,2024-06-01,2562,boosting_news,51437.0,55998.97829477073
validation,3,1,2024-03-01,2024-04-01,2573,boosting_news,55599.0,58444.4826819408
validation,3,2,2024-03-01,2024-05-01,2573,boosting_news,55204.0,61684.74341385812
validation,3,3,2024-03-01,2024-06-01,2573,boosting_news,55950.0,61733.59868350383
validation,3,1,2024-03-01,2024-04-01,188,prophet,22226.0,22297.634553348707
validation,3,2,2024-03-01,2024-05-01,188,prophet,21125.0,20791.356475742017
validation,3,3,2024-03-01,2024-06-01,188,prophet,21647.0,20897.24465212521
validation,3,1,2024-03-01,2024-04-01,235,prophet,24228.0,22072.40974753615
validation,3,2,2024-03-01,2024-05-01,235,prophet,24589.0,20179.371121101576
validation,3,3,2024-03-01,2024-06-01,235,prophet,23926.0,20664.909074052182
validation,3,1,2024-03-01,2024-04-01,269,prophet,29328.0,29845.98067314886
validation,3,2,2024-03-01,2024-05-01,269,prophet,29526.0,28127.689423700096
validation,3,3,2024-03-01,2024-06-01,269,prophet,29697.0,28181.90023380153
validation,3,1,2024-03-01,2024-04-01,305,prophet,20117.0,20118.43572129561
validation,3,2,2024-03-01,2024-05-01,305,prophet,20441.0,18799.10999941212
validation,3,3,2024-03-01,2024-06-01,305,prophet,20687.0,19512.73293953936
validation,3,1,2024-03-01,2024-04-01,312,prophet,43646.0,44734.83876132279
validation,3,2,2024-03-01,2024-05-01,312,prophet,44534.0,43137.72242485589
validation,3,3,2024-03-01,2024-06-01,312,prophet,48627.0,45366.4236605455
validation,3,1,2024-03-01,2024-04-01,322,prophet,40234.0,43005.84852292539
validation,3,2,2024-03-01,2024-05-01,322,prophet,40374.0,38750.32184974304
validation,3,3,2024-03-01,2024-06-01,322,prophet,51459.0,45051.63027333622
validation,3,1,2024-03-01,2024-04-01,324,prophet,32085.0,32538.16547102481
validation,3,2,2024-03-01,2024-05-01,324,prophet,31090.0,31159.609658199603
validation,3,3,2024-03-01,2024-06-01,324,prophet,37055.0,33853.332947985844
validation,3,1,2024-03-01,2024-04-01,397,prophet,25967.0,26329.960378930376
validation,3,2,2024-03-01,2024-05-01,397,prophet,26285.0,25225.04742976013
validation,3,3,2024-03-01,2024-06-01,397,prophet,27061.0,25695.24636721488
validation,3,1,2024-03-01,2024-04-01,486,prophet,20096.0,19303.537927405967
validation,3,2,2024-03-01,2024-05-01,486,prophet,19826.0,18115.228820443688
validation,3,3,2024-03-01,2024-06-01,486,prophet,20063.0,18382.376827518085
validation,3,1,2024-03-01,2024-04-01,506,prophet,31774.0,32208.0586172881
validation,3,2,2024-03-01,2024-05-01,506,prophet,32683.0,31545.709302964897
validation,3,3,2024-03-01,2024-06-01,506,prophet,32755.0,33470.4961367128
validation,3,1,2024-03-01,2024-04-01,541,prophet,20694.0,20709.78942008761
validation,3,2,2024-03-01,2024-05-01,541,prophet,20915.0,20125.31068568606
validation,3,3,2024-03-01,2024-06-01,541,prophet,22627.0,21171.73612938474
validation,3,1,2024-03-01,2024-04-01,571,prophet,20861.0,21120.43503613258
validation,3,2,2024-03-01,2024-05-01,571,prophet,21819.0,20098.498990524804
validation,3,3,2024-03-01,2024-06-01,571,prophet,23012.0,21015.57399377446
validation,3,1,2024-03-01,2024-04-01,581,prophet,33225.0,33120.44487214071
validation,3,2,2024-03-01,2024-05-01,581,prophet,34500.0,31420.02766065857
validation,3,3,2024-03-01,2024-06-01,581,prophet,35125.0,33023.2626627672
validation,3,1,2024-03-01,2024-04-01,694,prophet,29723.0,29268.84613559732
validation,3,2,2024-03-01,2024-05-01,694,prophet,30206.0,27040.23941390524
validation,3,3,2024-03-01,2024-06-01,694,prophet,31174.0,28917.839748414503
validation,3,1,2024-03-01,2024-04-01,811,prophet,26418.0,27858.54473445116
validation,3,2,2024-03-01,2024-05-01,811,prophet,26172.0,26698.48023058244
validation,3,3,2024-03-01,2024-06-01,811,prophet,27240.0,27449.66418833595
validation,3,1,2024-03-01,2024-04-01,1053,prophet,25638.0,24275.724451004506
validation,3,2,2024-03-01,2024-05-01,1053,prophet,25996.0,22391.99072871143
validation,3,3,2024-03-01,2024-06-01,1053,prophet,25088.0,22691.30207166769
validation,3,1,2024-03-01,2024-04-01,1110,prophet,29895.0,31312.02716001273
validation,3,2,2024-03-01,2024-05-01,1110,prophet,31120.0,30118.85611582212
validation,3,3,2024-03-01,2024-06-01,1110,prophet,31312.0,30816.970637929648
validation,3,1,2024-03-01,2024-04-01,1112,prophet,27051.0,27663.408793195274
validation,3,2,2024-03-01,2024-05-01,1112,prophet,27374.0,26372.418676104346
validation,3,3,2024-03-01,2024-06-01,1112,prophet,27563.0,26738.397905636542
validation,3,1,2024-03-01,2024-04-01,1120,prophet,23367.0,23959.26718863591
validation,3,2,2024-03-01,2024-05-01,1120,prophet,24138.0,21574.911545473
validation,3,3,2024-03-01,2024-06-01,1120,prophet,24413.0,21075.76930741981
validation,3,1,2024-03-01,2024-04-01,1184,prophet,29511.0,29195.696982979385
validation,3,2,2024-03-01,2024-05-01,1184,prophet,28443.0,27402.6542815333
validation,3,3,2024-03-01,2024-06-01,1184,prophet,29693.0,28670.15497259705
validation,3,1,2024-03-01,2024-04-01,1238,prophet,31838.0,33458.7430845445
validation,3,2,2024-03-01,2024-05-01,1238,prophet,32641.0,32240.990622067668
validation,3,3,2024-03-01,2024-06-01,1238,prophet,34167.0,32976.964269164935
validation,3,1,2024-03-01,2024-04-01,1254,prophet,24684.0,25002.66466387481
validation,3,2,2024-03-01,2024-05-01,1254,prophet,25462.0,23993.151927301344
validation,3,3,2024-03-01,2024-06-01,1254,prophet,26901.0,24713.629820989787
validation,3,1,2024-03-01,2024-04-01,1276,prophet,19550.0,19245.6020273294
validation,3,2,2024-03-01,2024-05-01,1276,prophet,20337.0,18433.6418072766
validation,3,3,2024-03-01,2024-06-01,1276,prophet,19648.0,18921.21165144281
validation,3,1,2024-03-01,2024-04-01,1286,prophet,22405.0,21361.53667866949
validation,3,2,2024-03-01,2024-05-01,1286,prophet,22892.0,19957.205863284595
validation,3,3,2024-03-01,2024-06-01,1286,prophet,22300.0,20360.117671716805
validation,3,1,2024-03-01,2024-04-01,1289,prophet,19838.0,20616.317340519778
validation,3,2,2024-03-01,2024-05-01,1289,prophet,20317.0,19469.803471715222
validation,3,3,2024-03-01,2024-06-01,1289,prophet,20800.0,19894.36458316137
validation,3,1,2024-03-01,2024-04-01,1292,prophet,21121.0,21663.036962893417
validation,3,2,2024-03-01,2024-05-01,1292,prophet,21509.0,20260.767771092665
validation,3,3,2024-03-01,2024-06-01,1292,prophet,21132.0,20462.40646305185
validation,3,1,2024-03-01,2024-04-01,1338,prophet,21885.0,22588.65020058462
validation,3,2,2024-03-01,2024-05-01,1338,prophet,22431.0,20922.076760482465
validation,3,3,2024-03-01,2024-06-01,1338,prophet,22926.0,21348.22369316356
validation,3,1,2024-03-01,2024-04-01,1426,prophet,25037.0,25424.1658232268
validation,3,2,2024-03-01,2024-05-01,1426,prophet,25114.0,23649.10067507829
validation,3,3,2024-03-01,2024-06-01,1426,prophet,24919.0,23684.60843951079
validation,3,1,2024-03-01,2024-04-01,1443,prophet,45445.0,47659.33283160782
validation,3,2,2024-03-01,2024-05-01,1443,prophet,45673.0,45848.521220751565
validation,3,3,2024-03-01,2024-06-01,1443,prophet,45920.0,46094.13503362212
validation,3,1,2024-03-01,2024-04-01,1461,prophet,45793.0,48178.355983304966
validation,3,2,2024-03-01,2024-05-01,1461,prophet,46143.0,46623.967200405335
validation,3,3,2024-03-01,2024-06-01,1461,prophet,46682.0,46933.35613567051
validation,3,1,2024-03-01,2024-04-01,1494,prophet,28334.0,28875.21353067745
validation,3,2,2024-03-01,2024-05-01,1494,prophet,29557.0,27634.9183397475
validation,3,3,2024-03-01,2024-06-01,1494,prophet,29749.0,28188.412832583235
validation,3,1,2024-03-01,2024-04-01,1555,prophet,25312.0,25590.29581546814
validation,3,2,2024-03-01,2024-05-01,1555,prophet,25692.0,24241.88676468259
validation,3,3,2024-03-01,2024-06-01,1555,prophet,26266.0,24895.021344876248
validation,3,1,2024-03-01,2024-04-01,1573,prophet,23522.0,24098.70761486955
validation,3,2,2024-03-01,2024-05-01,1573,prophet,23278.0,23250.202201157696
validation,3,3,2024-03-01,2024-06-01,1573,prophet,25010.0,24121.489587158787
validation,3,1,2024-03-01,2024-04-01,1577,prophet,30660.0,31566.58299821753
validation,3,2,2024-03-01,2024-05-01,1577,prophet,31530.0,30028.104768934303
validation,3,3,2024-03-01,2024-06-01,1577,prophet,30905.0,30145.742372116907
validation,3,1,2024-03-01,2024-04-01,1746,prophet,19401.0,19143.716614442747
validation,3,2,2024-03-01,2024-05-01,1746,prophet,18612.0,17629.57388219818
validation,3,3,2024-03-01,2024-06-01,1746,prophet,18994.0,17794.472541081974
validation,3,1,2024-03-01,2024-04-01,1763,prophet,17598.0,16907.702318457876
validation,3,2,2024-03-01,2024-05-01,1763,prophet,17798.0,15049.503737182498
validation,3,1,2024-03-01,2024-04-01,1770,prophet,25709.0,26721.91590596125
validation,3,2,2024-03-01,2024-05-01,1770,prophet,27639.0,25347.04162620675
validation,3,3,2024-03-01,2024-06-01,1770,prophet,27165.0,25722.07082978872
validation,3,1,2024-03-01,2024-04-01,1909,prophet,21938.0,21878.445288366383
validation,3,2,2024-03-01,2024-05-01,1909,prophet,21292.0,20928.64741380032
validation,3,3,2024-03-01,2024-06-01,1909,prophet,22169.0,21290.697923916483
validation,3,1,2024-03-01,2024-04-01,1923,prophet,18177.0,17858.983035213594
validation,3,2,2024-03-01,2024-05-01,1923,prophet,18606.0,16444.315462761115
validation,3,3,2024-03-01,2024-06-01,1923,prophet,19628.0,16400.925681409117
validation,3,1,2024-03-01,2024-04-01,1930,prophet,22478.0,22041.260821499563
validation,3,2,2024-03-01,2024-05-01,1930,prophet,22825.0,20502.493347553827
validation,3,3,2024-03-01,2024-06-01,1930,prophet,23584.0,20854.327897828152
validation,3,1,2024-03-01,2024-04-01,1956,prophet,31386.0,32016.821306973263
validation,3,2,2024-03-01,2024-05-01,1956,prophet,31625.0,30014.80975008753
validation,3,3,2024-03-01,2024-06-01,1956,prophet,32622.0,31441.666738587566
validation,3,1,2024-03-01,2024-04-01,1970,prophet,53669.0,55703.43051169175
validation,3,2,2024-03-01,2024-05-01,1970,prophet,55061.0,54724.06359914431
validation,3,3,2024-03-01,2024-06-01,1970,prophet,61009.0,59854.145505091095
validation,3,1,2024-03-01,2024-04-01,2006,prophet,34605.0,35629.403797320185
validation,3,2,2024-03-01,2024-05-01,2006,prophet,34140.0,34374.198487003945
validation,3,3,2024-03-01,2024-06-01,2006,prophet,35610.0,34783.69858588599
validation,3,1,2024-03-01,2024-04-01,2061,prophet,21990.0,22532.41539602388
validation,3,2,2024-03-01,2024-05-01,2061,prophet,23782.0,21112.870141169184
validation,3,3,2024-03-01,2024-06-01,2061,prophet,22001.0,21458.788191815587
validation,3,1,2024-03-01,2024-04-01,2062,prophet,27753.0,27702.53677841959
validation,3,2,2024-03-01,2024-05-01,2062,prophet,28145.0,26577.730955488176
validation,3,3,2024-03-01,2024-06-01,2062,prophet,28080.0,27276.99267933312
validation,3,1,2024-03-01,2024-04-01,2066,prophet,23884.0,23242.630706342898
validation,3,2,2024-03-01,2024-05-01,2066,prophet,25122.0,21855.772333897345
validation,3,3,2024-03-01,2024-06-01,2066,prophet,25364.0,22773.911672495844
validation,3,1,2024-03-01,2024-04-01,2078,prophet,17606.0,16699.18983903104
validation,3,2,2024-03-01,2024-05-01,2078,prophet,17520.0,15343.105253866108
validation,3,3,2024-03-01,2024-06-01,2078,prophet,18134.0,15891.582233661662
validation,3,1,2024-03-01,2024-04-01,2079,prophet,20555.0,21829.2323437548
validation,3,2,2024-03-01,2024-05-01,2079,prophet,21273.0,21019.47636554447
validation,3,3,2024-03-01,2024-06-01,2079,prophet,21503.0,21994.85952244205
validation,3,1,2024-03-01,2024-04-01,2093,prophet,21147.0,21660.91094991429
validation,3,2,2024-03-01,2024-05-01,2093,prophet,21899.0,20005.723422480656
validation,3,3,2024-03-01,2024-06-01,2093,prophet,21026.0,20522.131877818443
validation,3,1,2024-03-01,2024-04-01,2125,prophet,23133.0,22692.99646153395
validation,3,2,2024-03-01,2024-05-01,2125,prophet,23180.0,21348.2191437016
validation,3,3,2024-03-01,2024-06-01,2125,prophet,23270.0,21778.3916472492
validation,3,1,2024-03-01,2024-04-01,2127,prophet,23895.0,22928.89496870587
validation,3,2,2024-03-01,2024-05-01,2127,prophet,24397.0,21147.202593157588
validation,3,3,2024-03-01,2024-06-01,2127,prophet,24707.0,20889.523787478483
validation,3,1,2024-03-01,2024-04-01,2139,prophet,22789.0,23590.592974769548
validation,3,2,2024-03-01,2024-05-01,2139,prophet,23798.0,22247.121838557992
validation,3,3,2024-03-01,2024-06-01,2139,prophet,24417.0,22833.0635050738
validation,3,1,2024-03-01,2024-04-01,2217,prophet,43686.0,46093.69944794294
validation,3,2,2024-03-01,2024-05-01,2217,prophet,45880.0,45984.418027002816
validation,3,3,2024-03-01,2024-06-01,2217,prophet,47893.0,47692.2241262673
validation,3,1,2024-03-01,2024-04-01,2235,prophet,35755.0,36347.78947099204
validation,3,2,2024-03-01,2024-05-01,2235,prophet,36563.0,35027.571337225585
validation,3,3,2024-03-01,2024-06-01,2235,prophet,37627.0,36054.03239713037
validation,3,1,2024-03-01,2024-04-01,2245,prophet,43638.0,44013.59960488204
validation,3,2,2024-03-01,2024-05-01,2245,prophet,46647.0,43573.43448989658
validation,3,3,2024-03-01,2024-06-01,2245,prophet,49992.0,46165.558224629065
validation,3,1,2024-03-01,2024-04-01,2278,prophet,25459.0,25767.022361232484
validation,3,2,2024-03-01,2024-05-01,2278,prophet,26664.0,23706.123651943093
validation,3,3,2024-03-01,2024-06-01,2278,prophet,26523.0,24035.77800064221
validation,3,1,2024-03-01,2024-04-01,2310,prophet,25754.0,26510.5631168242
validation,3,2,2024-03-01,2024-05-01,2310,prophet,26232.0,24755.095749322205
validation,3,3,2024-03-01,2024-06-01,2310,prophet,26529.0,24961.64422896341
validation,3,1,2024-03-01,2024-04-01,2373,prophet,52013.0,54169.9476710629
validation,3,2,2024-03-01,2024-05-01,2373,prophet,53297.0,52359.81400951695
validation,3,3,2024-03-01,2024-06-01,2373,prophet,53195.0,52390.23216601222
validation,3,1,2024-03-01,2024-04-01,2395,prophet,37720.0,40707.56433979668
validation,3,2,2024-03-01,2024-05-01,2395,prophet,39317.0,39814.92734511365
validation,3,3,2024-03-01,2024-06-01,2395,prophet,38695.0,39233.27712340099
validation,3,1,2024-03-01,2024-04-01,2453,prophet,44097.0,46350.26407794881
validation,3,2,2024-03-01,2024-05-01,2453,prophet,45293.0,44985.285850730994
validation,3,3,2024-03-01,2024-06-01,2453,prophet,44292.0,44949.10079249726
validation,3,1,2024-03-01,2024-04-01,2478,prophet,46123.0,47085.09916280841
validation,3,2,2024-03-01,2024-05-01,2478,prophet,46479.0,45073.09151733367
validation,3,3,2024-03-01,2024-06-01,2478,prophet,46919.0,45527.47140913176
validation,3,1,2024-03-01,2024-04-01,2538,prophet,53264.0,55387.19240491619
validation,3,2,2024-03-01,2024-05-01,2538,prophet,53871.0,53600.00321043532
validation,3,3,2024-03-01,2024-06-01,2538,prophet,54677.0,53897.20112965521
validation,3,1,2024-03-01,2024-04-01,2562,prophet,50320.0,51653.2469627793
validation,3,2,2024-03-01,2024-05-01,2562,prophet,50154.0,49521.60052066401
validation,3,3,2024-03-01,2024-06-01,2562,prophet,51437.0,49613.68172761061
validation,3,1,2024-03-01,2024-04-01,2573,prophet,55599.0,57936.13406874013
validation,3,2,2024-03-01,2024-05-01,2573,prophet,55204.0,55961.89374186506
validation,3,3,2024-03-01,2024-06-01,2573,prophet,55950.0,56539.57060099017
validation,3,1,2024-04-01,2024-05-01,188,last,21125.0,22226.0
validation,3,2,2024-04-01,2024-06-01,188,last,21647.0,22226.0
validation,3,3,2024-04-01,2024-07-01,188,last,23309.0,22226.0
validation,3,1,2024-04-01,2024-05-01,235,last,24589.0,24228.0
validation,3,2,2024-04-01,2024-06-01,235,last,23926.0,24228.0
validation,3,3,2024-04-01,2024-07-01,235,last,25712.0,24228.0
validation,3,1,2024-04-01,2024-05-01,269,last,29526.0,29328.0
validation,3,2,2024-04-01,2024-06-01,269,last,29697.0,29328.0
validation,3,3,2024-04-01,2024-07-01,269,last,30619.0,29328.0
validation,3,1,2024-04-01,2024-05-01,305,last,20441.0,20117.0
validation,3,2,2024-04-01,2024-06-01,305,last,20687.0,20117.0
validation,3,3,2024-04-01,2024-07-01,305,last,21329.0,20117.0
validation,3,1,2024-04-01,2024-05-01,312,last,44534.0,43646.0
validation,3,2,2024-04-01,2024-06-01,312,last,48627.0,43646.0
validation,3,3,2024-04-01,2024-07-01,312,last,50055.0,43646.0
validation,3,1,2024-04-01,2024-05-01,322,last,40374.0,40234.0
validation,3,2,2024-04-01,2024-06-01,322,last,51459.0,40234.0
validation,3,3,2024-04-01,2024-07-01,322,last,57728.0,40234.0
validation,3,1,2024-04-01,2024-05-01,324,last,31090.0,32085.0
validation,3,2,2024-04-01,2024-06-01,324,last,37055.0,32085.0
validation,3,3,2024-04-01,2024-07-01,324,last,38431.0,32085.0
validation,3,1,2024-04-01,2024-05-01,397,last,26285.0,25967.0
validation,3,2,2024-04-01,2024-06-01,397,last,27061.0,25967.0
validation,3,3,2024-04-01,2024-07-01,397,last,27450.0,25967.0
validation,3,1,2024-04-01,2024-05-01,486,last,19826.0,20096.0
validation,3,2,2024-04-01,2024-06-01,486,last,20063.0,20096.0
validation,3,3,2024-04-01,2024-07-01,486,last,20250.0,20096.0
validation,3,1,2024-04-01,2024-05-01,506,last,32683.0,31774.0
validation,3,2,2024-04-01,2024-06-01,506,last,32755.0,31774.0
validation,3,3,2024-04-01,2024-07-01,506,last,33831.0,31774.0
validation,3,1,2024-04-01,2024-05-01,541,last,20915.0,20694.0
validation,3,2,2024-04-01,2024-06-01,541,last,22627.0,20694.0
validation,3,3,2024-04-01,2024-07-01,541,last,22715.0,20694.0
validation,3,1,2024-04-01,2024-05-01,571,last,21819.0,20861.0
validation,3,2,2024-04-01,2024-06-01,571,last,23012.0,20861.0
validation,3,3,2024-04-01,2024-07-01,571,last,22820.0,20861.0
validation,3,1,2024-04-01,2024-05-01,581,last,34500.0,33225.0
validation,3,2,2024-04-01,2024-06-01,581,last,35125.0,33225.0
validation,3,3,2024-04-01,2024-07-01,581,last,36903.0,33225.0
validation,3,1,2024-04-01,2024-05-01,694,last,30206.0,29723.0
validation,3,2,2024-04-01,2024-06-01,694,last,31174.0,29723.0
validation,3,3,2024-04-01,2024-07-01,694,last,31085.0,29723.0
validation,3,1,2024-04-01,2024-05-01,811,last,26172.0,26418.0
validation,3,2,2024-04-01,2024-06-01,811,last,27240.0,26418.0
validation,3,3,2024-04-01,2024-07-01,811,last,28223.0,26418.0
validation,3,1,2024-04-01,2024-05-01,1053,last,25996.0,25638.0
validation,3,2,2024-04-01,2024-06-01,1053,last,25088.0,25638.0
validation,3,3,2024-04-01,2024-07-01,1053,last,24419.0,25638.0
validation,3,1,2024-04-01,2024-05-01,1110,last,31120.0,29895.0
validation,3,2,2024-04-01,2024-06-01,1110,last,31312.0,29895.0
validation,3,3,2024-04-01,2024-07-01,1110,last,31844.0,29895.0
validation,3,1,2024-04-01,2024-05-01,1112,last,27374.0,27051.0
validation,3,2,2024-04-01,2024-06-01,1112,last,27563.0,27051.0
validation,3,3,2024-04-01,2024-07-01,1112,last,28238.0,27051.0
validation,3,1,2024-04-01,2024-05-01,1120,last,24138.0,23367.0
validation,3,2,2024-04-01,2024-06-01,1120,last,24413.0,23367.0
validation,3,3,2024-04-01,2024-07-01,1120,last,24532.0,23367.0
validation,3,1,2024-04-01,2024-05-01,1184,last,28443.0,29511.0
validation,3,2,2024-04-01,2024-06-01,1184,last,29693.0,29511.0
validation,3,3,2024-04-01,2024-07-01,1184,last,31431.0,29511.0
validation,3,1,2024-04-01,2024-05-01,1238,last,32641.0,31838.0
validation,3,2,2024-04-01,2024-06-01,1238,last,34167.0,31838.0
validation,3,3,2024-04-01,2024-07-01,1238,last,35158.0,31838.0
validation,3,1,2024-04-01,2024-05-01,1254,last,25462.0,24684.0
validation,3,2,2024-04-01,2024-06-01,1254,last,26901.0,24684.0
validation,3,3,2024-04-01,2024-07-01,1254,last,28204.0,24684.0
validation,3,1,2024-04-01,2024-05-01,1276,last,20337.0,19550.0
validation,3,2,2024-04-01,2024-06-01,1276,last,19648.0,19550.0
validation,3,3,2024-04-01,2024-07-01,1276,last,19632.0,19550.0
validation,3,1,2024-04-01,2024-05-01,1286,last,22892.0,22405.0
validation,3,2,2024-04-01,2024-06-01,1286,last,22300.0,22405.0
validation,3,3,2024-04-01,2024-07-01,1286,last,23099.0,22405.0
validation,3,1,2024-04-01,2024-05-01,1289,last,20317.0,19838.0
validation,3,2,2024-04-01,2024-06-01,1289,last,20800.0,19838.0
validation,3,3,2024-04-01,2024-07-01,1289,last,21769.0,19838.0
validation,3,1,2024-04-01,2024-05-01,1292,last,21509.0,21121.0
validation,3,2,2024-04-01,2024-06-01,1292,last,21132.0,21121.0
validation,3,3,2024-04-01,2024-07-01,1292,last,21859.0,21121.0
validation,3,1,2024-04-01,2024-05-01,1338,last,22431.0,21885.0
validation,3,2,2024-04-01,2024-06-01,1338,last,22926.0,21885.0
validation,3,3,2024-04-01,2024-07-01,1338,last,22342.0,21885.0
validation,3,1,2024-04-01,2024-05-01,1426,last,25114.0,25037.0
validation,3,2,2024-04-01,2024-06-01,1426,last,24919.0,25037.0
validation,3,3,2024-04-01,2024-07-01,1426,last,25212.0,25037.0
validation,3,1,2024-04-01,2024-05-01,1443,last,45673.0,45445.0
validation,3,2,2024-04-01,2024-06-01,1443,last,45920.0,45445.0
validation,3,3,2024-04-01,2024-07-01,1443,last,47223.0,45445.0
validation,3,1,2024-04-01,2024-05-01,1461,last,46143.0,45793.0
validation,3,2,2024-04-01,2024-06-01,1461,last,46682.0,45793.0
validation,3,3,2024-04-01,2024-07-01,1461,last,47573.0,45793.0
validation,3,1,2024-04-01,2024-05-01,1494,last,29557.0,28334.0
validation,3,2,2024-04-01,2024-06-01,1494,last,29749.0,28334.0
validation,3,3,2024-04-01,2024-07-01,1494,last,30682.0,28334.0
validation,3,1,2024-04-01,2024-05-01,1555,last,25692.0,25312.0
validation,3,2,2024-04-01,2024-06-01,1555,last,26266.0,25312.0
validation,3,3,2024-04-01,2024-07-01,1555,last,27268.0,25312.0
validation,3,1,2024-04-01,2024-05-01,1573,last,23278.0,23522.0
validation,3,2,2024-04-01,2024-06-01,1573,last,25010.0,23522.0
validation,3,3,2024-04-01,2024-07-01,1573,last,26491.0,23522.0
validation,3,1,2024-04-01,2024-05-01,1577,last,31530.0,30660.0
validation,3,2,2024-04-01,2024-06-01,1577,last,30905.0,30660.0
validation,3,3,2024-04-01,2024-07-01,1577,last,31657.0,30660.0
validation,3,1,2024-04-01,2024-05-01,1746,last,18612.0,19401.0
validation,3,2,2024-04-01,2024-06-01,1746,last,18994.0,19401.0
validation,3,3,2024-04-01,2024-07-01,1746,last,18405.0,19401.0
validation,3,1,2024-04-01,2024-05-01,1763,last,17798.0,17598.0
validation,3,1,2024-04-01,2024-05-01,1770,last,27639.0,25709.0
validation,3,2,2024-04-01,2024-06-01,1770,last,27165.0,25709.0
validation,3,3,2024-04-01,2024-07-01,1770,last,27155.0,25709.0
validation,3,1,2024-04-01,2024-05-01,1909,last,21292.0,21938.0
validation,3,2,2024-04-01,2024-06-01,1909,last,22169.0,21938.0
validation,3,3,2024-04-01,2024-07-01,1909,last,22946.0,21938.0
validation,3,1,2024-04-01,2024-05-01,1923,last,18606.0,18177.0
validation,3,2,2024-04-01,2024-06-01,1923,last,19628.0,18177.0
validation,3,3,2024-04-01,2024-07-01,1923,last,17721.0,18177.0
validation,3,1,2024-04-01,2024-05-01,1930,last,22825.0,22478.0
validation,3,2,2024-04-01,2024-06-01,1930,last,23584.0,22478.0
validation,3,3,2024-04-01,2024-07-01,1930,last,23866.0,22478.0
validation,3,1,2024-04-01,2024-05-01,1956,last,31625.0,31386.0
validation,3,2,2024-04-01,2024-06-01,1956,last,32622.0,31386.0
validation,3,3,2024-04-01,2024-07-01,1956,last,31096.0,31386.0
validation,3,1,2024-04-01,2024-05-01,1970,last,55061.0,53669.0
validation,3,2,2024-04-01,2024-06-01,1970,last,61009.0,53669.0
validation,3,3,2024-04-01,2024-07-01,1970,last,65354.0,53669.0
validation,3,1,2024-04-01,2024-05-01,2006,last,34140.0,34605.0
validation,3,2,2024-04-01,2024-06-01,2006,last,35610.0,34605.0
validation,3,3,2024-04-01,2024-07-01,2006,last,35747.0,34605.0
validation,3,1,2024-04-01,2024-05-01,2061,last,23782.0,21990.0
validation,3,2,2024-04-01,2024-06-01,2061,last,22001.0,21990.0
validation,3,3,2024-04-01,2024-07-01,2061,last,22442.0,21990.0
validation,3,1,2024-04-01,2024-05-01,2062,last,28145.0,27753.0
validation,3,2,2024-04-01,2024-06-01,2062,last,28080.0,27753.0
validation,3,3,2024-04-01,2024-07-01,2062,last,29163.0,27753.0
validation,3,1,2024-04-01,2024-05-01,2066,last,25122.0,23884.0
validation,3,2,2024-04-01,2024-06-01,2066,last,25364.0,23884.0
validation,3,3,2024-04-01,2024-07-01,2066,last,26625.0,23884.0
validation,3,1,2024-04-01,2024-05-01,2078,last,17520.0,17606.0
validation,3,2,2024-04-01,2024-06-01,2078,last,18134.0,17606.0
validation,3,3,2024-04-01,2024-07-01,2078,last,19996.0,17606.0
validation,3,1,2024-04-01,2024-05-01,2079,last,21273.0,20555.0
validation,3,2,2024-04-01,2024-06-01,2079,last,21503.0,20555.0
validation,3,3,2024-04-01,2024-07-01,2079,last,22081.0,20555.0
validation,3,1,2024-04-01,2024-05-01,2093,last,21899.0,21147.0
validation,3,2,2024-04-01,2024-06-01,2093,last,21026.0,21147.0
validation,3,3,2024-04-01,2024-07-01,2093,last,21927.0,21147.0
validation,3,1,2024-04-01,2024-05-01,2125,last,23180.0,23133.0
validation,3,2,2024-04-01,2024-06-01,2125,last,23270.0,23133.0
validation,3,3,2024-04-01,2024-07-01,2125,last,24752.0,23133.0
validation,3,1,2024-04-01,2024-05-01,2127,last,24397.0,23895.0
validation,3,2,2024-04-01,2024-06-01,2127,last,24707.0,23895.0
validation,3,3,2024-04-01,2024-07-01,2127,last,25547.0,23895.0
validation,3,1,2024-04-01,2024-05-01,2139,last,23798.0,22789.0
validation,3,2,2024-04-01,2024-06-01,2139,last,24417.0,22789.0
validation,3,3,2024-04-01,2024-07-01,2139,last,24975.0,22789.0
validation,3,1,2024-04-01,2024-05-01,2217,last,45880.0,43686.0
validation,3,2,2024-04-01,2024-06-01,2217,last,47893.0,43686.0
validation,3,3,2024-04-01,2024-07-01,2217,last,49368.0,43686.0
validation,3,1,2024-04-01,2024-05-01,2235,last,36563.0,35755.0
validation,3,2,2024-04-01,2024-06-01,2235,last,37627.0,35755.0
validation,3,3,2024-04-01,2024-07-01,2235,last,37565.0,35755.0
validation,3,1,2024-04-01,2024-05-01,2245,last,46647.0,43638.0
validation,3,2,2024-04-01,2024-06-01,2245,last,49992.0,43638.0
validation,3,3,2024-04-01,2024-07-01,2245,last,52523.0,43638.0
validation,3,1,2024-04-01,2024-05-01,2278,last,26664.0,25459.0
validation,3,2,2024-04-01,2024-06-01,2278,last,26523.0,25459.0
validation,3,3,2024-04-01,2024-07-01,2278,last,26621.0,25459.0
validation,3,1,2024-04-01,2024-05-01,2310,last,26232.0,25754.0
validation,3,2,2024-04-01,2024-06-01,2310,last,26529.0,25754.0
validation,3,3,2024-04-01,2024-07-01,2310,last,26912.0,25754.0
validation,3,1,2024-04-01,2024-05-01,2373,last,53297.0,52013.0
validation,3,2,2024-04-01,2024-06-01,2373,last,53195.0,52013.0
validation,3,3,2024-04-01,2024-07-01,2373,last,53847.0,52013.0
validation,3,1,2024-04-01,2024-05-01,2395,last,39317.0,37720.0
validation,3,2,2024-04-01,2024-06-01,2395,last,38695.0,37720.0
validation,3,3,2024-04-01,2024-07-01,2395,last,38546.0,37720.0
validation,3,1,2024-04-01,2024-05-01,2453,last,45293.0,44097.0
validation,3,2,2024-04-01,2024-06-01,2453,last,44292.0,44097.0
validation,3,3,2024-04-01,2024-07-01,2453,last,44684.0,44097.0
validation,3,1,2024-04-01,2024-05-01,2478,last,46479.0,46123.0
validation,3,2,2024-04-01,2024-06-01,2478,last,46919.0,46123.0
validation,3,3,2024-04-01,2024-07-01,2478,last,47512.0,46123.0
validation,3,1,2024-04-01,2024-05-01,2538,last,53871.0,53264.0
validation,3,2,2024-04-01,2024-06-01,2538,last,54677.0,53264.0
validation,3,3,2024-04-01,2024-07-01,2538,last,55583.0,53264.0
validation,3,1,2024-04-01,2024-05-01,2562,last,50154.0,50320.0
validation,3,2,2024-04-01,2024-06-01,2562,last,51437.0,50320.0
validation,3,3,2024-04-01,2024-07-01,2562,last,53037.0,50320.0
validation,3,1,2024-04-01,2024-05-01,2573,last,55204.0,55599.0
validation,3,2,2024-04-01,2024-06-01,2573,last,55950.0,55599.0
validation,3,3,2024-04-01,2024-07-01,2573,last,57826.0,55599.0
validation,3,1,2024-04-01,2024-05-01,188,seasonal,21125.0,17792.0
validation,3,2,2024-04-01,2024-06-01,188,seasonal,21647.0,17848.0
validation,3,3,2024-04-01,2024-07-01,188,seasonal,23309.0,18841.0
validation,3,1,2024-04-01,2024-05-01,235,seasonal,24589.0,21528.0
validation,3,2,2024-04-01,2024-06-01,235,seasonal,23926.0,22024.0
validation,3,3,2024-04-01,2024-07-01,235,seasonal,25712.0,22151.0
validation,3,1,2024-04-01,2024-05-01,269,seasonal,29526.0,24840.0
validation,3,2,2024-04-01,2024-06-01,269,seasonal,29697.0,24309.0
validation,3,3,2024-04-01,2024-07-01,269,seasonal,30619.0,25465.0
validation,3,1,2024-04-01,2024-05-01,305,seasonal,20441.0,17773.0
validation,3,2,2024-04-01,2024-06-01,305,seasonal,20687.0,17416.0
validation,3,3,2024-04-01,2024-07-01,305,seasonal,21329.0,18648.0
validation,3,1,2024-04-01,2024-05-01,312,seasonal,44534.0,36813.0
validation,3,2,2024-04-01,2024-06-01,312,seasonal,48627.0,39791.0
validation,3,3,2024-04-01,2024-07-01,312,seasonal,50055.0,41777.0
validation,3,1,2024-04-01,2024-05-01,322,seasonal,40374.0,34490.0
validation,3,2,2024-04-01,2024-06-01,322,seasonal,51459.0,39006.0
validation,3,3,2024-04-01,2024-07-01,322,seasonal,57728.0,49809.0
validation,3,1,2024-04-01,2024-05-01,324,seasonal,31090.0,26440.0
validation,3,2,2024-04-01,2024-06-01,324,seasonal,37055.0,30961.0
validation,3,3,2024-04-01,2024-07-01,324,seasonal,38431.0,31445.0
validation,3,1,2024-04-01,2024-05-01,397,seasonal,26285.0,21766.0
validation,3,2,2024-04-01,2024-06-01,397,seasonal,27061.0,21486.0
validation,3,3,2024-04-01,2024-07-01,397,seasonal,27450.0,23097.0
validation,3,1,2024-04-01,2024-05-01,486,seasonal,19826.0,17903.0
validation,3,2,2024-04-01,2024-06-01,486,seasonal,20063.0,17775.0
validation,3,3,2024-04-01,2024-07-01,486,seasonal,20250.0,18018.0
validation,3,1,2024-04-01,2024-05-01,506,seasonal,32683.0,27578.0
validation,3,2,2024-04-01,2024-06-01,506,seasonal,32755.0,29464.0
validation,3,3,2024-04-01,2024-07-01,506,seasonal,33831.0,30561.0
validation,3,1,2024-04-01,2024-05-01,541,seasonal,20915.0,18078.0
validation,3,2,2024-04-01,2024-06-01,541,seasonal,22627.0,18955.0
validation,3,3,2024-04-01,2024-07-01,541,seasonal,22715.0,19549.0
validation,3,1,2024-04-01,2024-05-01,571,seasonal,21819.0,19184.0
validation,3,2,2024-04-01,2024-06-01,571,seasonal,23012.0,20041.0
validation,3,3,2024-04-01,2024-07-01,571,seasonal,22820.0,20419.0
validation,3,1,2024-04-01,2024-05-01,581,seasonal,34500.0,29546.0
validation,3,2,2024-04-01,2024-06-01,581,seasonal,35125.0,31247.0
validation,3,3,2024-04-01,2024-07-01,581,seasonal,36903.0,31593.0
validation,3,1,2024-04-01,2024-05-01,694,seasonal,30206.0,24927.0
validation,3,2,2024-04-01,2024-06-01,694,seasonal,31174.0,26690.0
validation,3,3,2024-04-01,2024-07-01,694,seasonal,31085.0,28562.0
validation,3,1,2024-04-01,2024-05-01,811,seasonal,26172.0,22217.0
validation,3,2,2024-04-01,2024-06-01,811,seasonal,27240.0,22346.0
validation,3,3,2024-04-01,2024-07-01,811,seasonal,28223.0,23858.0
validation,3,1,2024-04-01,2024-05-01,1053,seasonal,25996.0,22892.0
validation,3,2,2024-04-01,2024-06-01,1053,seasonal,25088.0,22314.0
validation,3,3,2024-04-01,2024-07-01,1053,seasonal,24419.0,22213.0
validation,3,1,2024-04-01,2024-05-01,1110,seasonal,31120.0,25913.0
validation,3,2,2024-04-01,2024-06-01,1110,seasonal,31312.0,26546.0
validation,3,3,2024-04-01,2024-07-01,1110,seasonal,31844.0,27125.0
validation,3,1,2024-04-01,2024-05-01,1112,seasonal,27374.0,22904.0
validation,3,2,2024-04-01,2024-06-01,1112,seasonal,27563.0,23000.0
validation,3,3,2024-04-01,2024-07-01,1112,seasonal,28238.0,24059.0
validation,3,1,2024-04-01,2024-05-01,1120,seasonal,24138.0,21440.0
validation,3,2,2024-04-01,2024-06-01,1120,seasonal,24413.0,19853.0
validation,3,3,2024-04-01,2024-07-01,1120,seasonal,24532.0,20090.0
validation,3,1,2024-04-01,2024-05-01,1184,seasonal,28443.0,25483.0
validation,3,2,2024-04-01,2024-06-01,1184,seasonal,29693.0,25678.0
validation,3,3,2024-04-01,2024-07-01,1184,seasonal,31431.0,28118.0
validation,3,1,2024-04-01,2024-05-01,1238,seasonal,32641.0,26959.0
validation,3,2,2024-04-01,2024-06-01,1238,seasonal,34167.0,27973.0
validation,3,3,2024-04-01,2024-07-01,1238,seasonal,35158.0,28979.0
validation,3,1,2024-04-01,2024-05-01,1254,seasonal,25462.0,21784.0
validation,3,2,2024-04-01,2024-06-01,1254,seasonal,26901.0,22750.0
validation,3,3,2024-04-01,2024-07-01,1254,seasonal,28204.0,23459.0
validation,3,1,2024-04-01,2024-05-01,1276,seasonal,20337.0,18240.0
validation,3,2,2024-04-01,2024-06-01,1276,seasonal,19648.0,18464.0
validation,3,3,2024-04-01,2024-07-01,1276,seasonal,19632.0,18889.0
validation,3,1,2024-04-01,2024-05-01,1286,seasonal,22892.0,19115.0
validation,3,2,2024-04-01,2024-06-01,1286,seasonal,22300.0,18782.0
validation,3,3,2024-04-01,2024-07-01,1286,seasonal,23099.0,19679.0
validation,3,1,2024-04-01,2024-05-01,1289,seasonal,20317.0,18405.0
validation,3,2,2024-04-01,2024-06-01,1289,seasonal,20800.0,18669.0
validation,3,3,2024-04-01,2024-07-01,1289,seasonal,21769.0,19069.0
validation,3,1,2024-04-01,2024-05-01,1292,seasonal,21509.0,18943.0
validation,3,2,2024-04-01,2024-06-01,1292,seasonal,21132.0,18932.0
validation,3,3,2024-04-01,2024-07-01,1292,seasonal,21859.0,19516.0
validation,3,1,2024-04-01,2024-05-01,1338,seasonal,22431.0,19790.0
validation,3,2,2024-04-01,2024-06-01,1338,seasonal,22926.0,19904.0
validation,3,3,2024-04-01,2024-07-01,1338,seasonal,22342.0,20632.0
validation,3,1,2024-04-01,2024-05-01,1426,seasonal,25114.0,21283.0
validation,3,2,2024-04-01,2024-06-01,1426,seasonal,24919.0,20663.0
validation,3,3,2024-04-01,2024-07-01,1426,seasonal,25212.0,21845.0
validation,3,1,2024-04-01,2024-05-01,1443,seasonal,45673.0,38870.0
validation,3,2,2024-04-01,2024-06-01,1443,seasonal,45920.0,38747.0
validation,3,3,2024-04-01,2024-07-01,1443,seasonal,47223.0,40538.0
validation,3,1,2024-04-01,2024-05-01,1461,seasonal,46143.0,39610.0
validation,3,2,2024-04-01,2024-06-01,1461,seasonal,46682.0,39692.0
validation,3,3,2024-04-01,2024-07-01,1461,seasonal,47573.0,41089.0
validation,3,1,2024-04-01,2024-05-01,1494,seasonal,29557.0,26347.0
validation,3,2,2024-04-01,2024-06-01,1494,seasonal,29749.0,26874.0
validation,3,3,2024-04-01,2024-07-01,1494,seasonal,30682.0,26771.0
validation,3,1,2024-04-01,2024-05-01,1555,seasonal,25692.0,22403.0
validation,3,2,2024-04-01,2024-06-01,1555,seasonal,26266.0,22422.0
validation,3,3,2024-04-01,2024-07-01,1555,seasonal,27268.0,23478.0
validation,3,1,2024-04-01,2024-05-01,1573,seasonal,23278.0,20452.0
validation,3,2,2024-04-01,2024-06-01,1573,seasonal,25010.0,21660.0
validation,3,3,2024-04-01,2024-07-01,1573,seasonal,26491.0,22650.0
validation,3,1,2024-04-01,2024-05-01,1577,seasonal,31530.0,26885.0
validation,3,2,2024-04-01,2024-06-01,1577,seasonal,30905.0,26520.0
validation,3,3,2024-04-01,2024-07-01,1577,seasonal,31657.0,27631.0
validation,3,1,2024-04-01,2024-05-01,1746,seasonal,18612.0,17214.0
validation,3,2,2024-04-01,2024-06-01,1746,seasonal,18994.0,16648.0
validation,3,3,2024-04-01,2024-07-01,1746,seasonal,18405.0,17216.0
validation,3,1,2024-04-01,2024-05-01,1763,seasonal,17798.0,15345.0
validation,3,1,2024-04-01,2024-05-01,1770,seasonal,27639.0,23056.0
validation,3,2,2024-04-01,2024-06-01,1770,seasonal,27165.0,22838.0
validation,3,3,2024-04-01,2024-07-01,1770,seasonal,27155.0,24092.0
validation,3,1,2024-04-01,2024-05-01,1909,seasonal,21292.0,19146.0
validation,3,2,2024-04-01,2024-06-01,1909,seasonal,22169.0,18896.0
validation,3,3,2024-04-01,2024-07-01,1909,seasonal,22946.0,19810.0
validation,3,1,2024-04-01,2024-05-01,1923,seasonal,18606.0,16764.0
validation,3,2,2024-04-01,2024-06-01,1923,seasonal,19628.0,17795.0
validation,3,3,2024-04-01,2024-07-01,1923,seasonal,17721.0,17642.0
validation,3,1,2024-04-01,2024-05-01,1930,seasonal,22825.0,19359.0
validation,3,2,2024-04-01,2024-06-01,1930,seasonal,23584.0,19383.0
validation,3,3,2024-04-01,2024-07-01,1930,seasonal,23866.0,20415.0
validation,3,1,2024-04-01,2024-05-01,1956,seasonal,31625.0,34602.0
validation,3,2,2024-04-01,2024-06-01,1956,seasonal,32622.0,34993.0
validation,3,3,2024-04-01,2024-07-01,1956,seasonal,31096.0,35922.0
validation,3,1,2024-04-01,2024-05-01,1970,seasonal,55061.0,49052.0
validation,3,2,2024-04-01,2024-06-01,1970,seasonal,61009.0,51977.0
validation,3,3,2024-04-01,2024-07-01,1970,seasonal,65354.0,58689.0
validation,3,1,2024-04-01,2024-05-01,2006,seasonal,34140.0,29052.0
validation,3,2,2024-04-01,2024-06-01,2006,seasonal,35610.0,28862.0
validation,3,3,2024-04-01,2024-07-01,2006,seasonal,35747.0,29836.0
validation,3,1,2024-04-01,2024-05-01,2061,seasonal,23782.0,19515.0
validation,3,2,2024-04-01,2024-06-01,2061,seasonal,22001.0,19675.0
validation,3,3,2024-04-01,2024-07-01,2061,seasonal,22442.0,20738.0
validation,3,1,2024-04-01,2024-05-01,2062,seasonal,28145.0,23456.0
validation,3,2,2024-04-01,2024-06-01,2062,seasonal,28080.0,24238.0
validation,3,3,2024-04-01,2024-07-01,2062,seasonal,29163.0,24933.0
validation,3,1,2024-04-01,2024-05-01,2066,seasonal,25122.0,20505.0
validation,3,2,2024-04-01,2024-06-01,2066,seasonal,25364.0,20483.0
validation,3,3,2024-04-01,2024-07-01,2066,seasonal,26625.0,22573.0
validation,3,1,2024-04-01,2024-05-01,2078,seasonal,17520.0,14838.0
validation,3,2,2024-04-01,2024-06-01,2078,seasonal,18134.0,15545.0
validation,3,3,2024-04-01,2024-07-01,2078,seasonal,19996.0,16027.0
validation,3,1,2024-04-01,2024-05-01,2079,seasonal,21273.0,18362.0
validation,3,2,2024-04-01,2024-06-01,2079,seasonal,21503.0,18315.0
validation,3,3,2024-04-01,2024-07-01,2079,seasonal,22081.0,19469.0
validation,3,1,2024-04-01,2024-05-01,2093,seasonal,21899.0,17014.0
validation,3,2,2024-04-01,2024-06-01,2093,seasonal,21026.0,17888.0
validation,3,3,2024-04-01,2024-07-01,2093,seasonal,21927.0,18629.0
validation,3,1,2024-04-01,2024-05-01,2125,seasonal,23180.0,19787.0
validation,3,2,2024-04-01,2024-06-01,2125,seasonal,23270.0,18561.0
validation,3,3,2024-04-01,2024-07-01,2125,seasonal,24752.0,19893.0
validation,3,1,2024-04-01,2024-05-01,2127,seasonal,24397.0,19817.0
validation,3,2,2024-04-01,2024-06-01,2127,seasonal,24707.0,18975.0
validation,3,3,2024-04-01,2024-07-01,2127,seasonal,25547.0,18963.0
validation,3,1,2024-04-01,2024-05-01,2139,seasonal,23798.0,20059.0
validation,3,2,2024-04-01,2024-06-01,2139,seasonal,24417.0,20439.0
validation,3,3,2024-04-01,2024-07-01,2139,seasonal,24975.0,21352.0
validation,3,1,2024-04-01,2024-05-01,2217,seasonal,45880.0,39746.0
validation,3,2,2024-04-01,2024-06-01,2217,seasonal,47893.0,40112.0
validation,3,3,2024-04-01,2024-07-01,2217,seasonal,49368.0,43069.0
validation,3,1,2024-04-01,2024-05-01,2235,seasonal,36563.0,32204.0
validation,3,2,2024-04-01,2024-06-01,2235,seasonal,37627.0,32207.0
validation,3,3,2024-04-01,2024-07-01,2235,seasonal,37565.0,34305.0
validation,3,1,2024-04-01,2024-05-01,2245,seasonal,46647.0,40757.0
validation,3,2,2024-04-01,2024-06-01,2245,seasonal,49992.0,41895.0
validation,3,3,2024-04-01,2024-07-01,2245,seasonal,52523.0,45511.0
validation,3,1,2024-04-01,2024-05-01,2278,seasonal,26664.0,22668.0
validation,3,2,2024-04-01,2024-06-01,2278,seasonal,26523.0,21857.0
validation,3,3,2024-04-01,2024-07-01,2278,seasonal,26621.0,23228.0
validation,3,1,2024-04-01,2024-05-01,2310,seasonal,26232.0,23197.0
validation,3,2,2024-04-01,2024-06-01,2310,seasonal,26529.0,22778.0
validation,3,3,2024-04-01,2024-07-01,2310,seasonal,26912.0,23773.0
validation,3,1,2024-04-01,2024-05-01,2373,seasonal,53297.0,44202.0
validation,3,2,2024-04-01,2024-06-01,2373,seasonal,53195.0,44048.0
validation,3,3,2024-04-01,2024-07-01,2373,seasonal,53847.0,44885.0
validation,3,1,2024-04-01,2024-05-01,2395,seasonal,39317.0,33477.0
validation,3,2,2024-04-01,2024-06-01,2395,seasonal,38695.0,32877.0
validation,3,3,2024-04-01,2024-07-01,2395,seasonal,38546.0,32769.0
validation,3,1,2024-04-01,2024-05-01,2453,seasonal,45293.0,38530.0
validation,3,2,2024-04-01,2024-06-01,2453,seasonal,44292.0,38100.0
validation,3,3,2024-04-01,2024-07-01,2453,seasonal,44684.0,39164.0
validation,3,1,2024-04-01,2024-05-01,2478,seasonal,46479.0,40797.0
validation,3,2,2024-04-01,2024-06-01,2478,seasonal,46919.0,40942.0
validation,3,3,2024-04-01,2024-07-01,2478,seasonal,47512.0,42032.0
validation,3,1,2024-04-01,2024-05-01,2538,seasonal,53871.0,45422.0
validation,3,2,2024-04-01,2024-06-01,2538,seasonal,54677.0,45284.0
validation,3,3,2024-04-01,2024-07-01,2538,seasonal,55583.0,47175.0
validation,3,1,2024-04-01,2024-05-01,2562,seasonal,50154.0,42542.0
validation,3,2,2024-04-01,2024-06-01,2562,seasonal,51437.0,42367.0
validation,3,3,2024-04-01,2024-07-01,2562,seasonal,53037.0,43965.0
validation,3,1,2024-04-01,2024-05-01,2573,seasonal,55204.0,46412.0
validation,3,2,2024-04-01,2024-06-01,2573,seasonal,55950.0,47080.0
validation,3,3,2024-04-01,2024-07-01,2573,seasonal,57826.0,48937.0
validation,3,1,2024-04-01,2024-05-01,188,seasonal_scaled,21125.0,20628.281569509127
validation,3,2,2024-04-01,2024-06-01,188,seasonal_scaled,21647.0,20693.2087147369
validation,3,3,2024-04-01,2024-07-01,188,seasonal_scaled,23309.0,21844.506129222205
validation,3,1,2024-04-01,2024-05-01,235,seasonal_scaled,24589.0,20891.165649199
validation,3,2,2024-04-01,2024-06-01,235,seasonal_scaled,23926.0,21372.493137214733
validation,3,3,2024-04-01,2024-07-01,235,seasonal_scaled,25712.0,21495.736264186504
validation,3,1,2024-04-01,2024-05-01,269,seasonal_scaled,29526.0,28839.53571428572
validation,3,2,2024-04-01,2024-06-01,269,seasonal_scaled,29697.0,28223.038392857143
validation,3,3,2024-04-01,2024-07-01,269,seasonal_scaled,30619.0,29565.168154761905
validation,3,1,2024-04-01,2024-05-01,305,seasonal_scaled,20441.0,19431.97323436797
validation,3,2,2024-04-01,2024-06-01,305,seasonal_scaled,20687.0,19041.65002249213
validation,3,3,2024-04-01,2024-07-01,305,seasonal_scaled,21329.0,20388.64777327935
validation,3,1,2024-04-01,2024-05-01,312,seasonal_scaled,44534.0,43041.24025457438
validation,3,2,2024-04-01,2024-06-01,312,seasonal_scaled,48627.0,46523.07584195174
validation,3,3,2024-04-01,2024-07-01,312,seasonal_scaled,50055.0,48845.07902413153
validation,3,1,2024-04-01,2024-05-01,322,seasonal_scaled,40374.0,40450.57571230392
validation,3,2,2024-04-01,2024-06-01,322,seasonal_scaled,51459.0,45747.03265393234
validation,3,3,2024-04-01,2024-07-01,322,seasonal_scaled,57728.0,58417.0114715612
validation,3,1,2024-04-01,2024-05-01,324,seasonal_scaled,31090.0,29806.36604774536
validation,3,2,2024-04-01,2024-06-01,324,seasonal_scaled,37055.0,34902.98408488064
validation,3,3,2024-04-01,2024-07-01,324,seasonal_scaled,38431.0,35448.60742705571
validation,3,1,2024-04-01,2024-05-01,397,seasonal_scaled,26285.0,26216.137944625087
validation,3,2,2024-04-01,2024-06-01,397,seasonal_scaled,27061.0,25878.890925214306
validation,3,3,2024-04-01,2024-07-01,397,seasonal_scaled,27450.0,27819.26574046704
validation,3,1,2024-04-01,2024-05-01,486,seasonal_scaled,19826.0,19333.46255809041
validation,3,2,2024-04-01,2024-06-01,486,seasonal_scaled,20063.0,19195.235266159696
validation,3,3,2024-04-01,2024-07-01,486,seasonal_scaled,20250.0,19457.65114068441
validation,3,1,2024-04-01,2024-05-01,506,seasonal_scaled,32683.0,32083.87569865386
validation,3,2,2024-04-01,2024-06-01,506,seasonal_scaled,32755.0,34278.02282925293
validation,3,3,2024-04-01,2024-07-01,506,seasonal_scaled,33831.0,35554.25793119735
validation,3,1,2024-04-01,2024-05-01,541,seasonal_scaled,20915.0,20373.42828652152
validation,3,2,2024-04-01,2024-06-01,541,seasonal_scaled,22627.0,21361.784111683563
validation,3,3,2024-04-01,2024-07-01,541,seasonal_scaled,22715.0,22031.20641515705
validation,3,1,2024-04-01,2024-05-01,571,seasonal_scaled,21819.0,20527.24014409661
validation,3,2,2024-04-01,2024-06-01,571,seasonal_scaled,23012.0,21444.24623268557
validation,3,3,2024-04-01,2024-07-01,571,seasonal_scaled,22820.0,21848.71332893602
validation,3,1,2024-04-01,2024-05-01,581,seasonal_scaled,34500.0,32024.64435881836
validation,3,2,2024-04-01,2024-06-01,581,seasonal_scaled,35125.0,33868.3430000676
validation,3,3,2024-04-01,2024-07-01,581,seasonal_scaled,36903.0,34243.36929628879
validation,3,1,2024-04-01,2024-05-01,694,seasonal_scaled,30206.0,28501.52454477692
validation,3,2,2024-04-01,2024-06-01,694,seasonal_scaled,31174.0,30517.338231640224
validation,3,3,2024-04-01,2024-07-01,694,seasonal_scaled,31085.0,32657.782486778124
validation,3,1,2024-04-01,2024-05-01,811,seasonal_scaled,26172.0,27462.695711970136
validation,3,2,2024-04-01,2024-06-01,811,seasonal_scaled,27240.0,27622.154133307136
validation,3,3,2024-04-01,2024-07-01,811,seasonal_scaled,28223.0,29491.155164791984
validation,3,1,2024-04-01,2024-05-01,1053,seasonal_scaled,25996.0,23175.67272109998
validation,3,2,2024-04-01,2024-06-01,1053,seasonal_scaled,25088.0,22590.51026990324
validation,3,3,2024-04-01,2024-07-01,1053,seasonal_scaled,24419.0,22488.258699711423
validation,3,1,2024-04-01,2024-05-01,1110,seasonal_scaled,31120.0,30923.681090575228
validation,3,2,2024-04-01,2024-06-01,1110,seasonal_scaled,31312.0,31679.08147379346
validation,3,3,2024-04-01,2024-07-01,1110,seasonal_scaled,31844.0,32370.040118158955
validation,3,1,2024-04-01,2024-05-01,1112,seasonal_scaled,27374.0,26868.153846153848
validation,3,2,2024-04-01,2024-06-01,1112,seasonal_scaled,27563.0,26980.76923076923
validation,3,3,2024-04-01,2024-07-01,1112,seasonal_scaled,28238.0,28223.05769230769
validation,3,1,2024-04-01,2024-05-01,1120,seasonal_scaled,24138.0,22924.789698843662
validation,3,2,2024-04-01,2024-06-01,1120,seasonal_scaled,24413.0,21227.884789698845
validation,3,3,2024-04-01,2024-07-01,1120,seasonal_scaled,24532.0,21481.297810157143
validation,3,1,2024-04-01,2024-05-01,1184,seasonal_scaled,28443.0,27818.6678578007
validation,3,2,2024-04-01,2024-06-01,1184,seasonal_scaled,29693.0,28031.54076257137
validation,3,3,2024-04-01,2024-07-01,1184,seasonal_scaled,31431.0,30695.18121200958
validation,3,1,2024-04-01,2024-05-01,1238,seasonal_scaled,32641.0,32192.598286707496
validation,3,2,2024-04-01,2024-06-01,1238,seasonal_scaled,34167.0,33403.44789769906
validation,3,3,2024-04-01,2024-07-01,1238,seasonal_scaled,35158.0,34604.7444545605
validation,3,1,2024-04-01,2024-05-01,1254,seasonal_scaled,25462.0,25297.25495290679
validation,3,2,2024-04-01,2024-06-01,1254,seasonal_scaled,26901.0,26419.04839233517
validation,3,3,2024-04-01,2024-07-01,1254,seasonal_scaled,28204.0,27242.393680694106
validation,3,1,2024-04-01,2024-05-01,1276,seasonal_scaled,20337.0,18803.193940350324
validation,3,2,2024-04-01,2024-06-01,1276,seasonal_scaled,19648.0,19034.110357161644
validation,3,3,2024-04-01,2024-07-01,1276,seasonal_scaled,19632.0,19472.233022986693
validation,3,1,2024-04-01,2024-05-01,1286,seasonal_scaled,22892.0,20158.272556481526
validation,3,2,2024-04-01,2024-06-01,1286,seasonal_scaled,22300.0,19807.09783708271
validation,3,3,2024-04-01,2024-07-01,1286,seasonal_scaled,23099.0,20753.05496411195
validation,3,1,2024-04-01,2024-05-01,1289,seasonal_scaled,20317.0,20098.99757789277
validation,3,2,2024-04-01,2024-06-01,1289,seasonal_scaled,20800.0,20387.29615765716
validation,3,3,2024-04-01,2024-07-01,1289,seasonal_scaled,21769.0,20824.112187603216
validation,3,1,2024-04-01,2024-05-01,1292,seasonal_scaled,21509.0,20684.824789636845
validation,3,2,2024-04-01,2024-06-01,1292,seasonal_scaled,21132.0,20672.813330380868
validation,3,3,2024-04-01,2024-07-01,1292,seasonal_scaled,21859.0,21310.512621789192
validation,3,1,2024-04-01,2024-05-01,1338,seasonal_scaled,22431.0,21393.21942782349
validation,3,2,2024-04-01,2024-06-01,1338,seasonal_scaled,22926.0,21516.454749439043
validation,3,3,2024-04-01,2024-07-01,1338,seasonal_scaled,22342.0,22303.43118922962
validation,3,1,2024-04-01,2024-05-01,1426,seasonal_scaled,25114.0,24387.04682786689
validation,3,2,2024-04-01,2024-06-01,1426,seasonal_scaled,24919.0,23676.62212113957
validation,3,3,2024-04-01,2024-07-01,1426,seasonal_scaled,25212.0,25031.01244912617
validation,3,1,2024-04-01,2024-05-01,1443,seasonal_scaled,45673.0,46421.92657416168
validation,3,2,2024-04-01,2024-06-01,1443,seasonal_scaled,45920.0,46275.02930200778
validation,3,3,2024-04-01,2024-07-01,1443,seasonal_scaled,47223.0,48413.996898980346
validation,3,1,2024-04-01,2024-05-01,1461,seasonal_scaled,46143.0,47278.64541424288
validation,3,2,2024-04-01,2024-06-01,1461,seasonal_scaled,46682.0,47376.520923557895
validation,3,3,2024-04-01,2024-07-01,1461,seasonal_scaled,47573.0,49043.98539322963
validation,3,1,2024-04-01,2024-05-01,1494,seasonal_scaled,29557.0,28081.597451952657
validation,3,2,2024-04-01,2024-06-01,1494,seasonal_scaled,29749.0,28643.293351188968
validation,3,3,2024-04-01,2024-07-01,1494,seasonal_scaled,30682.0,28533.51217923197
validation,3,1,2024-04-01,2024-05-01,1555,seasonal_scaled,25692.0,24928.290219475814
validation,3,2,2024-04-01,2024-06-01,1555,seasonal_scaled,26266.0,24949.43191988068
validation,3,3,2024-04-01,2024-07-01,1555,seasonal_scaled,27268.0,26124.46537396122
validation,3,1,2024-04-01,2024-05-01,1573,seasonal_scaled,23278.0,23170.237218393173
validation,3,2,2024-04-01,2024-06-01,1573,seasonal_scaled,25010.0,24538.790247916884
validation,3,3,2024-04-01,2024-07-01,1573,seasonal_scaled,26491.0,25660.369303569594
validation,3,1,2024-04-01,2024-05-01,1577,seasonal_scaled,31530.0,30890.89566241124
validation,3,2,2024-04-01,2024-06-01,1577,seasonal_scaled,30905.0,30471.510246127807
validation,3,3,2024-04-01,2024-07-01,1577,seasonal_scaled,31657.0,31748.05051322615
validation,3,1,2024-04-01,2024-05-01,1746,seasonal_scaled,18612.0,18599.839445335776
validation,3,2,2024-04-01,2024-06-01,1746,seasonal_scaled,18994.0,17988.2727481091
validation,3,3,2024-04-01,2024-07-01,1746,seasonal_scaled,18405.0,18602.000458400184
validation,3,1,2024-04-01,2024-05-01,1763,seasonal_scaled,17798.0,16560.310344827587
validation,3,1,2024-04-01,2024-05-01,1770,seasonal_scaled,27639.0,26139.59591786142
validation,3,2,2024-04-01,2024-06-01,1770,seasonal_scaled,27165.0,25892.439780192537
validation,3,3,2024-04-01,2024-07-01,1770,seasonal_scaled,27155.0,27314.154443664007
validation,3,1,2024-04-01,2024-05-01,1909,seasonal_scaled,21292.0,22095.37814554523
validation,3,2,2024-04-01,2024-06-01,1909,seasonal_scaled,22169.0,21806.866470188168
validation,3,3,2024-04-01,2024-07-01,1909,seasonal_scaled,22946.0,22861.665155293584
validation,3,1,2024-04-01,2024-05-01,1923,seasonal_scaled,18606.0,16086.373844906782
validation,3,2,2024-04-01,2024-06-01,1923,seasonal_scaled,19628.0,17075.69927046744
validation,3,3,2024-04-01,2024-07-01,1923,seasonal_scaled,17721.0,16928.883761145637
validation,3,1,2024-04-01,2024-05-01,1930,seasonal_scaled,22825.0,20737.501549106684
validation,3,2,2024-04-01,2024-06-01,1930,seasonal_scaled,23584.0,20763.21052359806
validation,3,3,2024-04-01,2024-07-01,1930,seasonal_scaled,23866.0,21868.696426727256
validation,3,1,2024-04-01,2024-05-01,1956,seasonal_scaled,31625.0,31544.11038437416
validation,3,2,2024-04-01,2024-06-01,1956,seasonal_scaled,32622.0,31900.55646148792
validation,3,3,2024-04-01,2024-07-01,1956,seasonal_scaled,31096.0,32747.45775468148
validation,3,1,2024-04-01,2024-05-01,1970,seasonal_scaled,55061.0,57624.366131070594
validation,3,2,2024-04-01,2024-06-01,1970,seasonal_scaled,61009.0,61060.54143347175
validation,3,3,2024-04-01,2024-07-01,1970,seasonal_scaled,65354.0,68945.53583679364
validation,3,1,2024-04-01,2024-05-01,2006,seasonal_scaled,34140.0,35058.35349357183
validation,3,2,2024-04-01,2024-06-01,2006,seasonal_scaled,35610.0,34829.07195826346
validation,3,3,2024-04-01,2024-07-01,2006,seasonal_scaled,35747.0,36004.4415129495
validation,3,1,2024-04-01,2024-05-01,2061,seasonal_scaled,23782.0,21681.965299684543
validation,3,2,2024-04-01,2024-06-01,2061,seasonal_scaled,22001.0,21859.73186119874
validation,3,3,2024-04-01,2024-07-01,2061,seasonal_scaled,22442.0,23040.76845425868
validation,3,1,2024-04-01,2024-05-01,2062,seasonal_scaled,28145.0,27338.024717893604
validation,3,2,2024-04-01,2024-06-01,2062,seasonal_scaled,28080.0,28249.44760881247
validation,3,3,2024-04-01,2024-07-01,2062,seasonal_scaled,29163.0,29059.47178936056
validation,3,1,2024-04-01,2024-05-01,2066,seasonal_scaled,25122.0,22517.708042446244
validation,3,2,2024-04-01,2024-06-01,2066,seasonal_scaled,25364.0,22493.54858977939
validation,3,3,2024-04-01,2024-07-01,2066,seasonal_scaled,26625.0,24788.69659313041
validation,3,1,2024-04-01,2024-05-01,2078,seasonal_scaled,17520.0,15520.88990203931
validation,3,2,2024-04-01,2024-06-01,2078,seasonal_scaled,18134.0,16260.428192964082
validation,3,3,2024-04-01,2024-07-01,2078,seasonal_scaled,19996.0,16764.611299365413
validation,3,1,2024-04-01,2024-05-01,2079,seasonal_scaled,21273.0,21667.77139904701
validation,3,2,2024-04-01,2024-06-01,2079,seasonal_scaled,21503.0,21612.30983408921
validation,3,3,2024-04-01,2024-07-01,2079,seasonal_scaled,22081.0,22974.068258797863
validation,3,1,2024-04-01,2024-05-01,2093,seasonal_scaled,21899.0,20258.78680123412
validation,3,2,2024-04-01,2024-06-01,2093,seasonal_scaled,21026.0,21299.46974847043
validation,3,3,2024-04-01,2024-07-01,2093,seasonal_scaled,21927.0,22181.78789938817
validation,3,1,2024-04-01,2024-05-01,2125,seasonal_scaled,23180.0,22799.48841989172
validation,3,2,2024-04-01,2024-06-01,2125,seasonal_scaled,23270.0,21386.835021054743
validation,3,3,2024-04-01,2024-07-01,2125,seasonal_scaled,24752.0,22921.626478844995
validation,3,1,2024-04-01,2024-05-01,2127,seasonal_scaled,24397.0,21661.686350435622
validation,3,2,2024-04-01,2024-06-01,2127,seasonal_scaled,24707.0,20741.30789218933
validation,3,3,2024-04-01,2024-07-01,2127,seasonal_scaled,25547.0,20728.19085953024
validation,3,1,2024-04-01,2024-05-01,2139,seasonal_scaled,23798.0,23681.74874690023
validation,3,2,2024-04-01,2024-06-01,2139,seasonal_scaled,24417.0,24130.378515274628
validation,3,3,2024-04-01,2024-07-01,2139,seasonal_scaled,24975.0,25208.270564026807
validation,3,1,2024-04-01,2024-05-01,2217,seasonal_scaled,45880.0,47315.767751128
validation,3,2,2024-04-01,2024-06-01,2217,seasonal_scaled,47893.0,47751.47375920209
validation,3,3,2024-04-01,2024-07-01,2217,seasonal_scaled,49368.0,51271.64497744004
validation,3,1,2024-04-01,2024-05-01,2235,seasonal_scaled,36563.0,35918.12367502086
validation,3,2,2024-04-01,2024-06-01,2235,seasonal_scaled,37627.0,35921.46966840755
validation,3,3,2024-04-01,2024-07-01,2235,seasonal_scaled,37565.0,38261.43437683488
validation,3,1,2024-04-01,2024-05-01,2245,seasonal_scaled,46647.0,45663.30587292561
validation,3,2,2024-04-01,2024-06-01,2245,seasonal_scaled,49992.0,46938.29770459598
validation,3,3,2024-04-01,2024-07-01,2245,seasonal_scaled,52523.0,50989.58985162591
validation,3,1,2024-04-01,2024-05-01,2278,seasonal_scaled,26664.0,24430.64548494984
validation,3,2,2024-04-01,2024-06-01,2278,seasonal_scaled,26523.0,23556.58277591973
validation,3,3,2024-04-01,2024-07-01,2278,seasonal_scaled,26621.0,25034.190635451505
validation,3,1,2024-04-01,2024-05-01,2310,seasonal_scaled,26232.0,25256.979705467016
validation,3,2,2024-04-01,2024-06-01,2310,seasonal_scaled,26529.0,24800.770950171474
validation,3,3,2024-04-01,2024-07-01,2310,seasonal_scaled,26912.0,25884.1306435344
validation,3,1,2024-04-01,2024-05-01,2373,seasonal_scaled,53297.0,53592.82561365067
validation,3,2,2024-04-01,2024-06-01,2373,seasonal_scaled,53195.0,53406.10792792373
validation,3,3,2024-04-01,2024-07-01,2373,seasonal_scaled,53847.0,54420.93067437469
validation,3,1,2024-04-01,2024-05-01,2395,seasonal_scaled,39317.0,40650.642857142855
validation,3,2,2024-04-01,2024-06-01,2395,seasonal_scaled,38695.0,39922.07142857143
validation,3,3,2024-04-01,2024-07-01,2395,seasonal_scaled,38546.0,39790.928571428565
validation,3,1,2024-04-01,2024-05-01,2453,seasonal_scaled,45293.0,46207.19137766465
validation,3,2,2024-04-01,2024-06-01,2453,seasonal_scaled,44292.0,45691.51288577792
validation,3,3,2024-04-01,2024-07-01,2453,seasonal_scaled,44684.0,46967.5173401209
validation,3,1,2024-04-01,2024-05-01,2478,seasonal_scaled,46479.0,45549.55687379151
validation,3,2,2024-04-01,2024-06-01,2478,seasonal_scaled,46919.0,45711.44833019026
validation,3,3,2024-04-01,2024-07-01,2478,seasonal_scaled,47512.0,46928.42548518775
validation,3,1,2024-04-01,2024-05-01,2538,seasonal_scaled,53871.0,54679.6864801338
validation,3,2,2024-04-01,2024-06-01,2538,seasonal_scaled,54677.0,54513.560005424224
validation,3,3,2024-04-01,2024-07-01,2538,seasonal_scaled,55583.0,56789.974234959096
validation,3,1,2024-04-01,2024-05-01,2562,seasonal_scaled,50154.0,50999.724597974986
validation,3,2,2024-04-01,2024-06-01,2562,seasonal_scaled,51437.0,50789.93305539011
validation,3,3,2024-04-01,2024-07-01,2562,seasonal_scaled,53037.0,52705.62954139368
validation,3,1,2024-04-01,2024-05-01,2573,seasonal_scaled,55204.0,56367.052144930654
validation,3,2,2024-04-01,2024-06-01,2573,seasonal_scaled,55950.0,57178.33351252553
validation,3,3,2024-04-01,2024-07-01,2573,seasonal_scaled,57826.0,59433.647134716695
validation,3,1,2024-04-01,2024-05-01,188,ridge,21125.0,21899.65905672388
validation,3,2,2024-04-01,2024-06-01,188,ridge,21647.0,20265.804060559552
validation,3,3,2024-04-01,2024-07-01,188,ridge,23309.0,18401.677151357635
validation,3,1,2024-04-01,2024-05-01,235,ridge,24589.0,24268.06772661195
validation,3,2,2024-04-01,2024-06-01,235,ridge,23926.0,22621.225228122625
validation,3,3,2024-04-01,2024-07-01,235,ridge,25712.0,20294.43840483398
validation,3,1,2024-04-01,2024-05-01,269,ridge,29526.0,30275.994195121624
validation,3,2,2024-04-01,2024-06-01,269,ridge,29697.0,27933.45776463612
validation,3,3,2024-04-01,2024-07-01,269,ridge,30619.0,25426.07542754475
validation,3,1,2024-04-01,2024-05-01,305,ridge,20441.0,21095.542386614536
validation,3,2,2024-04-01,2024-06-01,305,ridge,20687.0,19490.953087116795
validation,3,3,2024-04-01,2024-07-01,305,ridge,21329.0,17906.509041156623
validation,3,1,2024-04-01,2024-05-01,312,ridge,44534.0,44008.67108861019
validation,3,2,2024-04-01,2024-06-01,312,ridge,48627.0,41684.9826518898
validation,3,3,2024-04-01,2024-07-01,312,ridge,50055.0,38035.43810759584
validation,3,1,2024-04-01,2024-05-01,322,ridge,40374.0,40354.15109490243
validation,3,2,2024-04-01,2024-06-01,322,ridge,51459.0,38758.39870815782
validation,3,3,2024-04-01,2024-07-01,322,ridge,57728.0,38162.04621546502
validation,3,1,2024-04-01,2024-05-01,324,ridge,31090.0,32225.84992480857
validation,3,2,2024-04-01,2024-06-01,324,ridge,37055.0,31237.01497571212
validation,3,3,2024-04-01,2024-07-01,324,ridge,38431.0,28253.09174607856
validation,3,1,2024-04-01,2024-05-01,397,ridge,26285.0,26787.21251610613
validation,3,2,2024-04-01,2024-06-01,397,ridge,27061.0,24771.79101884489
validation,3,3,2024-04-01,2024-07-01,397,ridge,27450.0,22732.98939722892
validation,3,1,2024-04-01,2024-05-01,486,ridge,19826.0,20670.907238378782
validation,3,2,2024-04-01,2024-06-01,486,ridge,20063.0,19138.52323167597
validation,3,3,2024-04-01,2024-07-01,486,ridge,20250.0,17251.028867428744
validation,3,1,2024-04-01,2024-05-01,506,ridge,32683.0,32907.20014516842
validation,3,2,2024-04-01,2024-06-01,506,ridge,32755.0,31128.58584639108
validation,3,3,2024-04-01,2024-07-01,506,ridge,33831.0,28364.14019451195
validation,3,1,2024-04-01,2024-05-01,541,ridge,20915.0,20637.08768117198
validation,3,2,2024-04-01,2024-06-01,541,ridge,22627.0,19370.31626792944
validation,3,3,2024-04-01,2024-07-01,541,ridge,22715.0,17532.706268283593
validation,3,1,2024-04-01,2024-05-01,571,ridge,21819.0,21462.494830828924
validation,3,2,2024-04-01,2024-06-01,571,ridge,23012.0,20177.14738959712
validation,3,3,2024-04-01,2024-07-01,571,ridge,22820.0,18256.59432978865
validation,3,1,2024-04-01,2024-05-01,581,ridge,34500.0,34604.66079016188
validation,3,2,2024-04-01,2024-06-01,581,ridge,35125.0,32661.18275610457
validation,3,3,2024-04-01,2024-07-01,581,ridge,36903.0,29523.36151375704
validation,3,1,2024-04-01,2024-05-01,694,ridge,30206.0,31025.200509232025
validation,3,2,2024-04-01,2024-06-01,694,ridge,31174.0,29361.00659224655
validation,3,3,2024-04-01,2024-07-01,694,ridge,31085.0,27035.93291047576
validation,3,1,2024-04-01,2024-05-01,811,ridge,26172.0,27399.79610303656
validation,3,2,2024-04-01,2024-06-01,811,ridge,27240.0,25477.044852865205
validation,3,3,2024-04-01,2024-07-01,811,ridge,28223.0,23363.66023818536
validation,3,1,2024-04-01,2024-05-01,1053,ridge,25996.0,26496.98771363332
validation,3,2,2024-04-01,2024-06-01,1053,ridge,25088.0,24414.07569156103
validation,3,3,2024-04-01,2024-07-01,1053,ridge,24419.0,21879.25972066494
validation,3,1,2024-04-01,2024-05-01,1110,ridge,31120.0,30675.149925297228
validation,3,2,2024-04-01,2024-06-01,1110,ridge,31312.0,28649.579648890933
validation,3,3,2024-04-01,2024-07-01,1110,ridge,31844.0,25908.82606421097
validation,3,1,2024-04-01,2024-05-01,1112,ridge,27374.0,27583.760396152305
validation,3,2,2024-04-01,2024-06-01,1112,ridge,27563.0,25603.80436413786
validation,3,3,2024-04-01,2024-07-01,1112,ridge,28238.0,23288.85664303817
validation,3,1,2024-04-01,2024-05-01,1120,ridge,24138.0,24821.611499833805
validation,3,2,2024-04-01,2024-06-01,1120,ridge,24413.0,22596.13715183704
validation,3,3,2024-04-01,2024-07-01,1120,ridge,24532.0,20387.364977423047
validation,3,1,2024-04-01,2024-05-01,1184,ridge,28443.0,30752.06548088507
validation,3,2,2024-04-01,2024-06-01,1184,ridge,29693.0,28619.901304134142
validation,3,3,2024-04-01,2024-07-01,1184,ridge,31431.0,26490.75518337569
validation,3,1,2024-04-01,2024-05-01,1238,ridge,32641.0,32558.97756878229
validation,3,2,2024-04-01,2024-06-01,1238,ridge,34167.0,30506.6016216729
validation,3,3,2024-04-01,2024-07-01,1238,ridge,35158.0,27707.8331027702
validation,3,1,2024-04-01,2024-05-01,1254,ridge,25462.0,24689.248861030734
validation,3,2,2024-04-01,2024-06-01,1254,ridge,26901.0,23153.5233326062
validation,3,3,2024-04-01,2024-07-01,1254,ridge,28204.0,20961.749996860308
validation,3,1,2024-04-01,2024-05-01,1276,ridge,20337.0,20631.08019262722
validation,3,2,2024-04-01,2024-06-01,1276,ridge,19648.0,19247.847633959977
validation,3,3,2024-04-01,2024-07-01,1276,ridge,19632.0,17469.81845360844
validation,3,1,2024-04-01,2024-05-01,1286,ridge,22892.0,22806.203573314266
validation,3,2,2024-04-01,2024-06-01,1286,ridge,22300.0,21039.04662124229
validation,3,3,2024-04-01,2024-07-01,1286,ridge,23099.0,19127.824141120884
validation,3,1,2024-04-01,2024-05-01,1289,ridge,20317.0,20939.1559919614
validation,3,2,2024-04-01,2024-06-01,1289,ridge,20800.0,19546.868196557527
validation,3,3,2024-04-01,2024-07-01,1289,ridge,21769.0,17733.00224817745
validation,3,1,2024-04-01,2024-05-01,1292,ridge,21509.0,22020.188467841883
validation,3,2,2024-04-01,2024-06-01,1292,ridge,21132.0,20447.75285887772
validation,3,3,2024-04-01,2024-07-01,1292,ridge,21859.0,18565.35957675065
validation,3,1,2024-04-01,2024-05-01,1338,ridge,22431.0,23102.59500090715
validation,3,2,2024-04-01,2024-06-01,1338,ridge,22926.0,21511.96497940671
validation,3,3,2024-04-01,2024-07-01,1338,ridge,22342.0,19599.387106365502
validation,3,1,2024-04-01,2024-05-01,1426,ridge,25114.0,26064.68362291592
validation,3,2,2024-04-01,2024-06-01,1426,ridge,24919.0,24013.46207145044
validation,3,3,2024-04-01,2024-07-01,1426,ridge,25212.0,21933.13470440421
validation,3,1,2024-04-01,2024-05-01,1443,ridge,45673.0,46645.51532324146
validation,3,2,2024-04-01,2024-06-01,1443,ridge,45920.0,43231.54089024506
validation,3,3,2024-04-01,2024-07-01,1443,ridge,47223.0,39346.16003825255
validation,3,1,2024-04-01,2024-05-01,1461,ridge,46143.0,47029.44632273071
validation,3,2,2024-04-01,2024-06-01,1461,ridge,46682.0,43652.86094966277
validation,3,3,2024-04-01,2024-07-01,1461,ridge,47573.0,39611.94960957234
validation,3,1,2024-04-01,2024-05-01,1494,ridge,29557.0,30074.506636961152
validation,3,2,2024-04-01,2024-06-01,1494,ridge,29749.0,28132.199905315498
validation,3,3,2024-04-01,2024-07-01,1494,ridge,30682.0,25333.491259323568
validation,3,1,2024-04-01,2024-05-01,1555,ridge,25692.0,26594.9289850554
validation,3,2,2024-04-01,2024-06-01,1555,ridge,26266.0,24720.4061470232
validation,3,3,2024-04-01,2024-07-01,1555,ridge,27268.0,22574.35357230888
validation,3,1,2024-04-01,2024-05-01,1573,ridge,23278.0,23894.637259794214
validation,3,2,2024-04-01,2024-06-01,1573,ridge,25010.0,22519.890348087123
validation,3,3,2024-04-01,2024-07-01,1573,ridge,26491.0,20528.27813003049
validation,3,1,2024-04-01,2024-05-01,1577,ridge,31530.0,31611.228442840416
validation,3,2,2024-04-01,2024-06-01,1577,ridge,30905.0,29220.95014703065
validation,3,3,2024-04-01,2024-07-01,1577,ridge,31657.0,26569.61018156261
validation,3,1,2024-04-01,2024-05-01,1746,ridge,18612.0,20065.415409051773
validation,3,2,2024-04-01,2024-06-01,1746,ridge,18994.0,18449.541148361903
validation,3,3,2024-04-01,2024-07-01,1746,ridge,18405.0,16730.1771546382
validation,3,1,2024-04-01,2024-05-01,1763,ridge,17798.0,18522.984217093424
validation,3,1,2024-04-01,2024-05-01,1770,ridge,27639.0,27174.697474380988
validation,3,2,2024-04-01,2024-06-01,1770,ridge,27165.0,25197.569004854096
validation,3,3,2024-04-01,2024-07-01,1770,ridge,27155.0,23073.829628341035
validation,3,1,2024-04-01,2024-05-01,1909,ridge,21292.0,22534.15713087132
validation,3,2,2024-04-01,2024-06-01,1909,ridge,22169.0,20827.29783560065
validation,3,3,2024-04-01,2024-07-01,1909,ridge,22946.0,18966.92426687964
validation,3,1,2024-04-01,2024-05-01,1923,ridge,18606.0,18436.299427014023
validation,3,2,2024-04-01,2024-06-01,1923,ridge,19628.0,17404.01969626884
validation,3,3,2024-04-01,2024-07-01,1923,ridge,17721.0,15581.759895139734
validation,3,1,2024-04-01,2024-05-01,1930,ridge,22825.0,23004.58376620513
validation,3,2,2024-04-01,2024-06-01,1930,ridge,23584.0,21342.13630668769
validation,3,3,2024-04-01,2024-07-01,1930,ridge,23866.0,19465.43182788352
validation,3,1,2024-04-01,2024-05-01,1956,ridge,31625.0,34375.18981726677
validation,3,2,2024-04-01,2024-06-01,1956,ridge,32622.0,32164.2000892503
validation,3,3,2024-04-01,2024-07-01,1956,ridge,31096.0,29385.817186363256
validation,3,1,2024-04-01,2024-05-01,1970,ridge,55061.0,54210.76577004187
validation,3,2,2024-04-01,2024-06-01,1970,ridge,61009.0,51126.135975721074
validation,3,3,2024-04-01,2024-07-01,1970,ridge,65354.0,47955.74850918116
validation,3,1,2024-04-01,2024-05-01,2006,ridge,34140.0,35778.44179819305
validation,3,2,2024-04-01,2024-06-01,2006,ridge,35610.0,33149.08288516513
validation,3,3,2024-04-01,2024-07-01,2006,ridge,35747.0,30070.233409074
validation,3,1,2024-04-01,2024-05-01,2061,ridge,23782.0,22789.495454981
validation,3,2,2024-04-01,2024-06-01,2061,ridge,22001.0,21205.25591382535
validation,3,3,2024-04-01,2024-07-01,2061,ridge,22442.0,19385.77000727172
validation,3,1,2024-04-01,2024-05-01,2062,ridge,28145.0,28313.505828865807
validation,3,2,2024-04-01,2024-06-01,2062,ridge,28080.0,26493.02666799602
validation,3,3,2024-04-01,2024-07-01,2062,ridge,29163.0,23997.23371173876
validation,3,1,2024-04-01,2024-05-01,2066,ridge,25122.0,24380.93266921416
validation,3,2,2024-04-01,2024-06-01,2066,ridge,25364.0,22599.84518065004
validation,3,3,2024-04-01,2024-07-01,2066,ridge,26625.0,20912.226092389617
validation,3,1,2024-04-01,2024-05-01,2078,ridge,17520.0,18247.06387202902
validation,3,2,2024-04-01,2024-06-01,2078,ridge,18134.0,17157.25051655865
validation,3,3,2024-04-01,2024-07-01,2078,ridge,19996.0,15586.645260510822
validation,3,1,2024-04-01,2024-05-01,2079,ridge,21273.0,22337.87150978736
validation,3,2,2024-04-01,2024-06-01,2079,ridge,21503.0,20796.377249585523
validation,3,3,2024-04-01,2024-07-01,2079,ridge,22081.0,19145.09809939127
validation,3,1,2024-04-01,2024-05-01,2093,ridge,21899.0,21971.142920052203
validation,3,2,2024-04-01,2024-06-01,2093,ridge,21026.0,20669.793445187726
validation,3,3,2024-04-01,2024-07-01,2093,ridge,21927.0,18833.294790035507
validation,3,1,2024-04-01,2024-05-01,2125,ridge,23180.0,23490.79845411405
validation,3,2,2024-04-01,2024-06-01,2125,ridge,23270.0,21394.07407000417
validation,3,3,2024-04-01,2024-07-01,2125,ridge,24752.0,19545.95444790751
validation,3,1,2024-04-01,2024-05-01,2127,ridge,24397.0,23330.55020791972
validation,3,2,2024-04-01,2024-06-01,2127,ridge,24707.0,21295.680062150885
validation,3,3,2024-04-01,2024-07-01,2127,ridge,25547.0,18958.53134798496
validation,3,1,2024-04-01,2024-05-01,2139,ridge,23798.0,23997.14211578728
validation,3,2,2024-04-01,2024-06-01,2139,ridge,24417.0,22421.41505036376
validation,3,3,2024-04-01,2024-07-01,2139,ridge,24975.0,20477.629274656385
validation,3,1,2024-04-01,2024-05-01,2217,ridge,45880.0,45740.25733224902
validation,3,2,2024-04-01,2024-06-01,2217,ridge,47893.0,42607.809742812
validation,3,3,2024-04-01,2024-07-01,2217,ridge,49368.0,39253.90718634483
validation,3,1,2024-04-01,2024-05-01,2235,ridge,36563.0,36821.91867836431
validation,3,2,2024-04-01,2024-06-01,2235,ridge,37627.0,34166.667713250245
validation,3,3,2024-04-01,2024-07-01,2235,ridge,37565.0,31322.26373609337
validation,3,1,2024-04-01,2024-05-01,2245,ridge,46647.0,44921.77812279784
validation,3,2,2024-04-01,2024-06-01,2245,ridge,49992.0,42031.05412009658
validation,3,3,2024-04-01,2024-07-01,2245,ridge,52523.0,38885.13683720249
validation,3,1,2024-04-01,2024-05-01,2278,ridge,26664.0,26879.403523338624
validation,3,2,2024-04-01,2024-06-01,2278,ridge,26523.0,24737.90988087952
validation,3,3,2024-04-01,2024-07-01,2278,ridge,26621.0,22674.67790691768
validation,3,1,2024-04-01,2024-05-01,2310,ridge,26232.0,27130.29233798525
validation,3,2,2024-04-01,2024-06-01,2310,ridge,26529.0,25087.81350349474
validation,3,3,2024-04-01,2024-07-01,2310,ridge,26912.0,22879.779614227435
validation,3,1,2024-04-01,2024-05-01,2373,ridge,53297.0,53549.36868462076
validation,3,2,2024-04-01,2024-06-01,2373,ridge,53195.0,49637.90568342794
validation,3,3,2024-04-01,2024-07-01,2373,ridge,53847.0,44816.8283873571
validation,3,1,2024-04-01,2024-05-01,2395,ridge,39317.0,39128.59362304775
validation,3,2,2024-04-01,2024-06-01,2395,ridge,38695.0,36141.34406196775
validation,3,3,2024-04-01,2024-07-01,2395,ridge,38546.0,32424.510751443693
validation,3,1,2024-04-01,2024-05-01,2453,ridge,45293.0,45828.64364758756
validation,3,2,2024-04-01,2024-06-01,2453,ridge,44292.0,42420.10196805999
validation,3,3,2024-04-01,2024-07-01,2453,ridge,44684.0,38442.083460782014
validation,3,1,2024-04-01,2024-05-01,2478,ridge,46479.0,47875.85879076871
validation,3,2,2024-04-01,2024-06-01,2478,ridge,46919.0,44494.19344778204
validation,3,3,2024-04-01,2024-07-01,2478,ridge,47512.0,40326.3484160676
validation,3,1,2024-04-01,2024-05-01,2538,ridge,53871.0,54514.06693823762
validation,3,2,2024-04-01,2024-06-01,2538,ridge,54677.0,50514.60524578126
validation,3,3,2024-04-01,2024-07-01,2538,ridge,55583.0,45896.51576113886
validation,3,1,2024-04-01,2024-05-01,2562,ridge,50154.0,51401.55491749282
validation,3,2,2024-04-01,2024-06-01,2562,ridge,51437.0,47609.383542448806
validation,3,3,2024-04-01,2024-07-01,2562,ridge,53037.0,43188.39909487308
validation,3,1,2024-04-01,2024-05-01,2573,ridge,55204.0,56917.94867275098
validation,3,2,2024-04-01,2024-06-01,2573,ridge,55950.0,52993.67047547708
validation,3,3,2024-04-01,2024-07-01,2573,ridge,57826.0,48137.06965311086
validation,3,1,2024-04-01,2024-05-01,188,boosting,21125.0,20452.09739477576
validation,3,2,2024-04-01,2024-06-01,188,boosting,21647.0,20470.24520924492
validation,3,3,2024-04-01,2024-07-01,188,boosting,23309.0,21008.66671902295
validation,3,1,2024-04-01,2024-05-01,235,boosting,24589.0,21511.614165492017
validation,3,2,2024-04-01,2024-06-01,235,boosting,23926.0,21526.06134875928
validation,3,3,2024-04-01,2024-07-01,235,boosting,25712.0,21551.76916460492
validation,3,1,2024-04-01,2024-05-01,269,boosting,29526.0,29806.34609581467
validation,3,2,2024-04-01,2024-06-01,269,boosting,29697.0,29891.565048349887
validation,3,3,2024-04-01,2024-07-01,269,boosting,30619.0,31106.496033571013
validation,3,1,2024-04-01,2024-05-01,305,boosting,20441.0,20440.96687800051
validation,3,2,2024-04-01,2024-06-01,305,boosting,20687.0,20523.7145743832
validation,3,3,2024-04-01,2024-07-01,305,boosting,21329.0,21385.459923251867
validation,3,1,2024-04-01,2024-05-01,312,boosting,44534.0,41015.78696276827
validation,3,2,2024-04-01,2024-06-01,312,boosting,48627.0,41216.28677721389
validation,3,3,2024-04-01,2024-07-01,312,boosting,50055.0,41487.92495067598
validation,3,1,2024-04-01,2024-05-01,322,boosting,40374.0,40951.95724118796
validation,3,2,2024-04-01,2024-06-01,322,boosting,51459.0,41508.16797736917
validation,3,3,2024-04-01,2024-07-01,322,boosting,57728.0,42919.88869079766
validation,3,1,2024-04-01,2024-05-01,324,boosting,31090.0,32786.855239742465
validation,3,2,2024-04-01,2024-06-01,324,boosting,37055.0,33374.19525486401
validation,3,3,2024-04-01,2024-07-01,324,boosting,38431.0,33633.899685587225
validation,3,1,2024-04-01,2024-05-01,397,boosting,26285.0,26248.79114849893
validation,3,2,2024-04-01,2024-06-01,397,boosting,27061.0,26324.24397652956
validation,3,3,2024-04-01,2024-07-01,397,boosting,27450.0,27479.72782499296
validation,3,1,2024-04-01,2024-05-01,486,boosting,19826.0,19284.928493921307
validation,3,2,2024-04-01,2024-06-01,486,boosting,20063.0,19319.942962418863
validation,3,3,2024-04-01,2024-07-01,486,boosting,20250.0,19942.74150423376
validation,3,1,2024-04-01,2024-05-01,506,boosting,32683.0,32625.27971633684
validation,3,2,2024-04-01,2024-06-01,506,boosting,32755.0,32944.002567399744
validation,3,3,2024-04-01,2024-07-01,506,boosting,33831.0,33501.98445492995
validation,3,1,2024-04-01,2024-05-01,541,boosting,20915.0,18539.01175522189
validation,3,2,2024-04-01,2024-06-01,541,boosting,22627.0,18582.14614337572
validation,3,3,2024-04-01,2024-07-01,541,boosting,22715.0,18549.11799246748
validation,3,1,2024-04-01,2024-05-01,571,boosting,21819.0,19996.60481656476
validation,3,2,2024-04-01,2024-06-01,571,boosting,23012.0,20210.606773154155
validation,3,3,2024-04-01,2024-07-01,571,boosting,22820.0,20306.95253757526
validation,3,1,2024-04-01,2024-05-01,581,boosting,34500.0,34287.229959191485
validation,3,2,2024-04-01,2024-06-01,581,boosting,35125.0,34521.30547325994
validation,3,3,2024-04-01,2024-07-01,581,boosting,36903.0,34876.319492458846
validation,3,1,2024-04-01,2024-05-01,694,boosting,30206.0,30782.419541586696
validation,3,2,2024-04-01,2024-06-01,694,boosting,31174.0,31175.848116874004
validation,3,3,2024-04-01,2024-07-01,694,boosting,31085.0,31771.289731962872
validation,3,1,2024-04-01,2024-05-01,811,boosting,26172.0,26635.06322825918
validation,3,2,2024-04-01,2024-06-01,811,boosting,27240.0,26743.810686999936
validation,3,3,2024-04-01,2024-07-01,811,boosting,28223.0,28063.484233475465
validation,3,1,2024-04-01,2024-05-01,1053,boosting,25996.0,24104.68411219301
validation,3,2,2024-04-01,2024-06-01,1053,boosting,25088.0,24056.96803659064
validation,3,3,2024-04-01,2024-07-01,1053,boosting,24419.0,24504.798550430645
validation,3,1,2024-04-01,2024-05-01,1110,boosting,31120.0,28695.07633604783
validation,3,2,2024-04-01,2024-06-01,1110,boosting,31312.0,28805.821689363504
validation,3,3,2024-04-01,2024-07-01,1110,boosting,31844.0,29751.214349496782
validation,3,1,2024-04-01,2024-05-01,1112,boosting,27374.0,25766.75834396703
validation,3,2,2024-04-01,2024-06-01,1112,boosting,27563.0,25845.360972343668
validation,3,3,2024-04-01,2024-07-01,1112,boosting,28238.0,26791.51523142571
validation,3,1,2024-04-01,2024-05-01,1120,boosting,24138.0,24143.173358648783
validation,3,2,2024-04-01,2024-06-01,1120,boosting,24413.0,24119.52874903401
validation,3,3,2024-04-01,2024-07-01,1120,boosting,24532.0,25114.06744350594
validation,3,1,2024-04-01,2024-05-01,1184,boosting,28443.0,30382.257652896744
validation,3,2,2024-04-01,2024-06-01,1184,boosting,29693.0,30520.14937845472
validation,3,3,2024-04-01,2024-07-01,1184,boosting,31431.0,31302.275175343304
validation,3,1,2024-04-01,2024-05-01,1238,boosting,32641.0,30873.960202786773
validation,3,2,2024-04-01,2024-06-01,1238,boosting,34167.0,31018.52144513838
validation,3,3,2024-04-01,2024-07-01,1238,boosting,35158.0,32036.753794183067
validation,3,1,2024-04-01,2024-05-01,1254,boosting,25462.0,21909.3468949192
validation,3,2,2024-04-01,2024-06-01,1254,boosting,26901.0,21924.06599149213
validation,3,3,2024-04-01,2024-07-01,1254,boosting,28204.0,21870.39221433912
validation,3,1,2024-04-01,2024-05-01,1276,boosting,20337.0,19970.9007454298
validation,3,2,2024-04-01,2024-06-01,1276,boosting,19648.0,20163.385415698533
validation,3,3,2024-04-01,2024-07-01,1276,boosting,19632.0,20417.27748182464
validation,3,1,2024-04-01,2024-05-01,1286,boosting,22892.0,20958.852661446672
validation,3,2,2024-04-01,2024-06-01,1286,boosting,22300.0,20987.156526369083
validation,3,3,2024-04-01,2024-07-01,1286,boosting,23099.0,21485.49874118969
validation,3,1,2024-04-01,2024-05-01,1289,boosting,20317.0,20388.44541755412
validation,3,2,2024-04-01,2024-06-01,1289,boosting,20800.0,20572.15611134711
validation,3,3,2024-04-01,2024-07-01,1289,boosting,21769.0,20860.50761877126
validation,3,1,2024-04-01,2024-05-01,1292,boosting,21509.0,21476.77003479813
validation,3,2,2024-04-01,2024-06-01,1292,boosting,21132.0,21503.451843815143
validation,3,3,2024-04-01,2024-07-01,1292,boosting,21859.0,22321.088706899434
validation,3,1,2024-04-01,2024-05-01,1338,boosting,22431.0,22422.262487694145
validation,3,2,2024-04-01,2024-06-01,1338,boosting,22926.0,22499.60017471572
validation,3,3,2024-04-01,2024-07-01,1338,boosting,22342.0,22938.379371869247
validation,3,1,2024-04-01,2024-05-01,1426,boosting,25114.0,25306.93361344974
validation,3,2,2024-04-01,2024-06-01,1426,boosting,24919.0,25291.6000371858
validation,3,3,2024-04-01,2024-07-01,1426,boosting,25212.0,26373.93427905043
validation,3,1,2024-04-01,2024-05-01,1443,boosting,45673.0,43919.58954842584
validation,3,2,2024-04-01,2024-06-01,1443,boosting,45920.0,44053.23593789778
validation,3,3,2024-04-01,2024-07-01,1443,boosting,47223.0,45828.94958837201
validation,3,1,2024-04-01,2024-05-01,1461,boosting,46143.0,44300.83895493185
validation,3,2,2024-04-01,2024-06-01,1461,boosting,46682.0,44435.508756078045
validation,3,3,2024-04-01,2024-07-01,1461,boosting,47573.0,46153.67871719607
validation,3,1,2024-04-01,2024-05-01,1494,boosting,29557.0,29051.265896516787
validation,3,2,2024-04-01,2024-06-01,1494,boosting,29749.0,29350.85065533353
validation,3,3,2024-04-01,2024-07-01,1494,boosting,30682.0,29719.4704108516
validation,3,1,2024-04-01,2024-05-01,1555,boosting,25692.0,25612.09867509852
validation,3,2,2024-04-01,2024-06-01,1555,boosting,26266.0,25754.65429460508
validation,3,3,2024-04-01,2024-07-01,1555,boosting,27268.0,26811.130326752787
validation,3,1,2024-04-01,2024-05-01,1573,boosting,23278.0,22399.31998266288
validation,3,2,2024-04-01,2024-06-01,1573,boosting,25010.0,22487.009846128167
validation,3,3,2024-04-01,2024-07-01,1573,boosting,26491.0,22738.100299819274
validation,3,1,2024-04-01,2024-05-01,1577,boosting,31530.0,29546.398685774668
validation,3,2,2024-04-01,2024-06-01,1577,boosting,30905.0,29621.09340076775
validation,3,3,2024-04-01,2024-07-01,1577,boosting,31657.0,30657.750033964272
validation,3,1,2024-04-01,2024-05-01,1746,boosting,18612.0,19727.539849794448
validation,3,2,2024-04-01,2024-06-01,1746,boosting,18994.0,19686.92116168437
validation,3,3,2024-04-01,2024-07-01,1746,boosting,18405.0,20571.890318500497
validation,3,1,2024-04-01,2024-05-01,1763,boosting,17798.0,18246.338856367565
validation,3,1,2024-04-01,2024-05-01,1770,boosting,27639.0,26340.31602984872
validation,3,2,2024-04-01,2024-06-01,1770,boosting,27165.0,26403.60150718459
validation,3,3,2024-04-01,2024-07-01,1770,boosting,27155.0,27493.234281977395
validation,3,1,2024-04-01,2024-05-01,1909,boosting,21292.0,20928.321764803102
validation,3,2,2024-04-01,2024-06-01,1909,boosting,22169.0,20984.597589770263
validation,3,3,2024-04-01,2024-07-01,1909,boosting,22946.0,21739.71668628532
validation,3,1,2024-04-01,2024-05-01,1923,boosting,18606.0,17160.202300335237
validation,3,2,2024-04-01,2024-06-01,1923,boosting,19628.0,17294.798450986247
validation,3,3,2024-04-01,2024-07-01,1923,boosting,17721.0,17365.733731872206
validation,3,1,2024-04-01,2024-05-01,1930,boosting,22825.0,21415.402304679326
validation,3,2,2024-04-01,2024-06-01,1930,boosting,23584.0,21489.988400433514
validation,3,3,2024-04-01,2024-07-01,1930,boosting,23866.0,22251.250553328337
validation,3,1,2024-04-01,2024-05-01,1956,boosting,31625.0,33035.83847021196
validation,3,2,2024-04-01,2024-06-01,1956,boosting,32622.0,33690.64477749954
validation,3,3,2024-04-01,2024-07-01,1956,boosting,31096.0,33877.1141185182
validation,3,1,2024-04-01,2024-05-01,1970,boosting,55061.0,48611.15406229667
validation,3,2,2024-04-01,2024-06-01,1970,boosting,61009.0,48745.01142249744
validation,3,3,2024-04-01,2024-07-01,1970,boosting,65354.0,49281.84553580438
validation,3,1,2024-04-01,2024-05-01,2006,boosting,34140.0,35593.310267793735
validation,3,2,2024-04-01,2024-06-01,2006,boosting,35610.0,35693.86270411674
validation,3,3,2024-04-01,2024-07-01,2006,boosting,35747.0,37127.39675838492
validation,3,1,2024-04-01,2024-05-01,2061,boosting,23782.0,22363.32520109675
validation,3,2,2024-04-01,2024-06-01,2061,boosting,22001.0,22420.46534816791
validation,3,3,2024-04-01,2024-07-01,2061,boosting,22442.0,22820.72847542383
validation,3,1,2024-04-01,2024-05-01,2062,boosting,28145.0,26394.733268645195
validation,3,2,2024-04-01,2024-06-01,2062,boosting,28080.0,26460.136880779894
validation,3,3,2024-04-01,2024-07-01,2062,boosting,29163.0,27400.50106400941
validation,3,1,2024-04-01,2024-05-01,2066,boosting,25122.0,22718.49218635616
validation,3,2,2024-04-01,2024-06-01,2066,boosting,25364.0,22787.89239988422
validation,3,3,2024-04-01,2024-07-01,2066,boosting,26625.0,23126.51104872934
validation,3,1,2024-04-01,2024-05-01,2078,boosting,17520.0,17926.249936391385
validation,3,2,2024-04-01,2024-06-01,2078,boosting,18134.0,18017.24353932572
validation,3,3,2024-04-01,2024-07-01,2078,boosting,19996.0,18676.85365591937
validation,3,1,2024-04-01,2024-05-01,2079,boosting,21273.0,21319.141747863425
validation,3,2,2024-04-01,2024-06-01,2079,boosting,21503.0,21451.452506969425
validation,3,3,2024-04-01,2024-07-01,2079,boosting,22081.0,22077.06171595059
validation,3,1,2024-04-01,2024-05-01,2093,boosting,21899.0,21651.020890399188
validation,3,2,2024-04-01,2024-06-01,2093,boosting,21026.0,21923.102684289595
validation,3,3,2024-04-01,2024-07-01,2093,boosting,21927.0,22822.05537465484
validation,3,1,2024-04-01,2024-05-01,2125,boosting,23180.0,21693.16281774349
validation,3,2,2024-04-01,2024-06-01,2125,boosting,23270.0,21600.64142122244
validation,3,3,2024-04-01,2024-07-01,2125,boosting,24752.0,22151.192798167864
validation,3,1,2024-04-01,2024-05-01,2127,boosting,24397.0,20977.513577253783
validation,3,2,2024-04-01,2024-06-01,2127,boosting,24707.0,20773.419978620263
validation,3,3,2024-04-01,2024-07-01,2127,boosting,25547.0,20796.10183258985
validation,3,1,2024-04-01,2024-05-01,2139,boosting,23798.0,23344.045007424265
validation,3,2,2024-04-01,2024-06-01,2139,boosting,24417.0,23380.145651488525
validation,3,3,2024-04-01,2024-07-01,2139,boosting,24975.0,24293.759363610945
validation,3,1,2024-04-01,2024-05-01,2217,boosting,45880.0,42587.35133463148
validation,3,2,2024-04-01,2024-06-01,2217,boosting,47893.0,42715.82478980744
validation,3,3,2024-04-01,2024-07-01,2217,boosting,49368.0,43238.21749552855
validation,3,1,2024-04-01,2024-05-01,2235,boosting,36563.0,34867.88177712248
validation,3,2,2024-04-01,2024-06-01,2235,boosting,37627.0,34913.0504756407
validation,3,3,2024-04-01,2024-07-01,2235,boosting,37565.0,35230.46433267879
validation,3,1,2024-04-01,2024-05-01,2245,boosting,46647.0,41635.39120144601
validation,3,2,2024-04-01,2024-06-01,2245,boosting,49992.0,41746.69416059525
validation,3,3,2024-04-01,2024-07-01,2245,boosting,52523.0,42266.0115898858
validation,3,1,2024-04-01,2024-05-01,2278,boosting,26664.0,26081.29405309819
validation,3,2,2024-04-01,2024-06-01,2278,boosting,26523.0,26053.486387461195
validation,3,3,2024-04-01,2024-07-01,2278,boosting,26621.0,27245.999055857617
validation,3,1,2024-04-01,2024-05-01,2310,boosting,26232.0,26153.00363877998
validation,3,2,2024-04-01,2024-06-01,2310,boosting,26529.0,26161.19297795598
validation,3,3,2024-04-01,2024-07-01,2310,boosting,26912.0,27275.148049232303
validation,3,1,2024-04-01,2024-05-01,2373,boosting,53297.0,53511.381292972095
validation,3,2,2024-04-01,2024-06-01,2373,boosting,53195.0,53672.89031315662
validation,3,3,2024-04-01,2024-07-01,2373,boosting,53847.0,55835.07178289243
validation,3,1,2024-04-01,2024-05-01,2395,boosting,39317.0,36734.95187098728
validation,3,2,2024-04-01,2024-06-01,2395,boosting,38695.0,36798.22325824719
validation,3,3,2024-04-01,2024-07-01,2395,boosting,38546.0,37985.83389677709
validation,3,1,2024-04-01,2024-05-01,2453,boosting,45293.0,45198.17183023072
validation,3,2,2024-04-01,2024-06-01,2453,boosting,44292.0,45307.76804980091
validation,3,3,2024-04-01,2024-07-01,2453,boosting,44684.0,47288.27267510592
validation,3,1,2024-04-01,2024-05-01,2478,boosting,46479.0,44910.60840983805
validation,3,2,2024-04-01,2024-06-01,2478,boosting,46919.0,45057.82977882158
validation,3,3,2024-04-01,2024-07-01,2478,boosting,47512.0,46542.18051340798
validation,3,1,2024-04-01,2024-05-01,2538,boosting,53871.0,51797.43807607547
validation,3,2,2024-04-01,2024-06-01,2538,boosting,54677.0,51962.83165943171
validation,3,3,2024-04-01,2024-07-01,2538,boosting,55583.0,53815.8611621311
validation,3,1,2024-04-01,2024-05-01,2562,boosting,50154.0,48885.089241381
validation,3,2,2024-04-01,2024-06-01,2562,boosting,51437.0,49054.75110071177
validation,3,3,2024-04-01,2024-07-01,2562,boosting,53037.0,50743.55098444093
validation,3,1,2024-04-01,2024-05-01,2573,boosting,55204.0,53818.41841088246
validation,3,2,2024-04-01,2024-06-01,2573,boosting,55950.0,53974.540906068905
validation,3,3,2024-04-01,2024-07-01,2573,boosting,57826.0,56280.20667058924
validation,3,1,2024-04-01,2024-05-01,188,boosting_news,21125.0,20714.284540877128
validation,3,2,2024-04-01,2024-06-01,188,boosting_news,21647.0,21042.49101595182
validation,3,3,2024-04-01,2024-07-01,188,boosting_news,23309.0,21560.335139973555
validation,3,1,2024-04-01,2024-05-01,235,boosting_news,24589.0,22012.85188224141
validation,3,2,2024-04-01,2024-06-01,235,boosting_news,23926.0,22465.48911002796
validation,3,3,2024-04-01,2024-07-01,235,boosting_news,25712.0,22486.817856217385
validation,3,1,2024-04-01,2024-05-01,269,boosting_news,29526.0,29879.054464149707
validation,3,2,2024-04-01,2024-06-01,269,boosting_news,29697.0,30381.14694013949
validation,3,3,2024-04-01,2024-07-01,269,boosting_news,30619.0,31552.712748729096
validation,3,1,2024-04-01,2024-05-01,305,boosting_news,20441.0,20528.45510384568
validation,3,2,2024-04-01,2024-06-01,305,boosting_news,20687.0,20859.89714022144
validation,3,3,2024-04-01,2024-07-01,305,boosting_news,21329.0,21663.422705129808
validation,3,1,2024-04-01,2024-05-01,312,boosting_news,44534.0,41384.883528198254
validation,3,2,2024-04-01,2024-06-01,312,boosting_news,48627.0,42284.41714539191
validation,3,3,2024-04-01,2024-07-01,312,boosting_news,50055.0,42558.68726079693
validation,3,1,2024-04-01,2024-05-01,322,boosting_news,40374.0,40765.8990075378
validation,3,2,2024-04-01,2024-06-01,322,boosting_news,51459.0,42183.4995225733
validation,3,3,2024-04-01,2024-07-01,322,boosting_news,57728.0,43197.02229706274
validation,3,1,2024-04-01,2024-05-01,324,boosting_news,31090.0,32797.79024847161
validation,3,2,2024-04-01,2024-06-01,324,boosting_news,37055.0,33770.88074979086
validation,3,3,2024-04-01,2024-07-01,324,boosting_news,38431.0,33990.854300442625
validation,3,1,2024-04-01,2024-05-01,397,boosting_news,26285.0,26267.74288803476
validation,3,2,2024-04-01,2024-06-01,397,boosting_news,27061.0,26695.488421583417
validation,3,3,2024-04-01,2024-07-01,397,boosting_news,27450.0,27848.235620627187
validation,3,1,2024-04-01,2024-05-01,486,boosting_news,19826.0,19590.805222794395
validation,3,2,2024-04-01,2024-06-01,486,boosting_news,20063.0,19830.178930454087
validation,3,3,2024-04-01,2024-07-01,486,boosting_news,20250.0,20467.836206837263
validation,3,1,2024-04-01,2024-05-01,506,boosting_news,32683.0,32458.797840382365
validation,3,2,2024-04-01,2024-06-01,506,boosting_news,32755.0,33199.30228355665
validation,3,3,2024-04-01,2024-07-01,506,boosting_news,33831.0,33766.88102301707
validation,3,1,2024-04-01,2024-05-01,541,boosting_news,20915.0,18914.81605686016
validation,3,2,2024-04-01,2024-06-01,541,boosting_news,22627.0,19271.61744251733
validation,3,3,2024-04-01,2024-07-01,541,boosting_news,22715.0,19236.06156160463
validation,3,1,2024-04-01,2024-05-01,571,boosting_news,21819.0,20256.15364541643
validation,3,2,2024-04-01,2024-06-01,571,boosting_news,23012.0,20809.051151149448
validation,3,3,2024-04-01,2024-07-01,571,boosting_news,22820.0,20909.96960120336
validation,3,1,2024-04-01,2024-05-01,581,boosting_news,34500.0,34159.89349280105
validation,3,2,2024-04-01,2024-06-01,581,boosting_news,35125.0,34891.72647689811
validation,3,3,2024-04-01,2024-07-01,581,boosting_news,36903.0,35163.66848654722
validation,3,1,2024-04-01,2024-05-01,694,boosting_news,30206.0,30885.724076704744
validation,3,2,2024-04-01,2024-06-01,694,boosting_news,31174.0,31171.539210301995
validation,3,3,2024-04-01,2024-07-01,694,boosting_news,31085.0,32053.064711006176
validation,3,1,2024-04-01,2024-05-01,811,boosting_news,26172.0,26771.964206345107
validation,3,2,2024-04-01,2024-06-01,811,boosting_news,27240.0,27240.45945628573
validation,3,3,2024-04-01,2024-07-01,811,boosting_news,28223.0,28427.06299786445
validation,3,1,2024-04-01,2024-05-01,1053,boosting_news,25996.0,24431.67912169768
validation,3,2,2024-04-01,2024-06-01,1053,boosting_news,25088.0,24794.96558366427
validation,3,3,2024-04-01,2024-07-01,1053,boosting_news,24419.0,25212.098233659213
validation,3,1,2024-04-01,2024-05-01,1110,boosting_news,31120.0,29044.51909707743
validation,3,2,2024-04-01,2024-06-01,1110,boosting_news,31312.0,29553.99664783046
validation,3,3,2024-04-01,2024-07-01,1110,boosting_news,31844.0,30584.519330867915
validation,3,1,2024-04-01,2024-05-01,1112,boosting_news,27374.0,26072.01727810016
validation,3,2,2024-04-01,2024-06-01,1112,boosting_news,27563.0,26515.51815454608
validation,3,3,2024-04-01,2024-07-01,1112,boosting_news,28238.0,27451.076139717927
validation,3,1,2024-04-01,2024-05-01,1120,boosting_news,24138.0,24193.29658337611
validation,3,2,2024-04-01,2024-06-01,1120,boosting_news,24413.0,24151.625990697583
validation,3,3,2024-04-01,2024-07-01,1120,boosting_news,24532.0,25212.693805843748
validation,3,1,2024-04-01,2024-05-01,1184,boosting_news,28443.0,30699.12385137968
validation,3,2,2024-04-01,2024-06-01,1184,boosting_news,29693.0,30823.20602869065
validation,3,3,2024-04-01,2024-07-01,1184,boosting_news,31431.0,31675.45754777425
validation,3,1,2024-04-01,2024-05-01,1238,boosting_news,32641.0,30947.40800185467
validation,3,2,2024-04-01,2024-06-01,1238,boosting_news,34167.0,31508.33168541825
validation,3,3,2024-04-01,2024-07-01,1238,boosting_news,35158.0,32559.066840053754
validation,3,1,2024-04-01,2024-05-01,1254,boosting_news,25462.0,22295.838860676
validation,3,2,2024-04-01,2024-06-01,1254,boosting_news,26901.0,22727.350539268977
validation,3,3,2024-04-01,2024-07-01,1254,boosting_news,28204.0,22669.25666942641
validation,3,1,2024-04-01,2024-05-01,1276,boosting_news,20337.0,20036.563641156976
validation,3,2,2024-04-01,2024-06-01,1276,boosting_news,19648.0,20507.610152548663
validation,3,3,2024-04-01,2024-07-01,1276,boosting_news,19632.0,20757.27812913197
validation,3,1,2024-04-01,2024-05-01,1286,boosting_news,22892.0,21236.652456395583
validation,3,2,2024-04-01,2024-06-01,1286,boosting_news,22300.0,21569.24235526548
validation,3,3,2024-04-01,2024-07-01,1286,boosting_news,23099.0,21952.587663208626
validation,3,1,2024-04-01,2024-05-01,1289,boosting_news,20317.0,20682.997544897986
validation,3,2,2024-04-01,2024-06-01,1289,boosting_news,20800.0,20866.026240335592
validation,3,3,2024-04-01,2024-07-01,1289,boosting_news,21769.0,21053.6285633944
validation,3,1,2024-04-01,2024-05-01,1292,boosting_news,21509.0,21463.27122831621
validation,3,2,2024-04-01,2024-06-01,1292,boosting_news,21132.0,21801.693122511697
validation,3,3,2024-04-01,2024-07-01,1292,boosting_news,21859.0,22595.297307765428
validation,3,1,2024-04-01,2024-05-01,1338,boosting_news,22431.0,22669.077119535217
validation,3,2,2024-04-01,2024-06-01,1338,boosting_news,22926.0,22740.479862710727
validation,3,3,2024-04-01,2024-07-01,1338,boosting_news,22342.0,23216.910932537223
validation,3,1,2024-04-01,2024-05-01,1426,boosting_news,25114.0,25333.803371059217
validation,3,2,2024-04-01,2024-06-01,1426,boosting_news,24919.0,25711.32611844561
validation,3,3,2024-04-01,2024-07-01,1426,boosting_news,25212.0,26737.051725361354
validation,3,1,2024-04-01,2024-05-01,1443,boosting_news,45673.0,44300.55868961542
validation,3,2,2024-04-01,2024-06-01,1443,boosting_news,45920.0,45074.66846411632
validation,3,3,2024-04-01,2024-07-01,1443,boosting_news,47223.0,46668.00645422327
validation,3,1,2024-04-01,2024-05-01,1461,boosting_news,46143.0,44678.24818747919
validation,3,2,2024-04-01,2024-06-01,1461,boosting_news,46682.0,45458.28579125781
validation,3,3,2024-04-01,2024-07-01,1461,boosting_news,47573.0,47031.1354714642
validation,3,1,2024-04-01,2024-05-01,1494,boosting_news,29557.0,29391.767411870074
validation,3,2,2024-04-01,2024-06-01,1494,boosting_news,29749.0,29653.423118010745
validation,3,3,2024-04-01,2024-07-01,1494,boosting_news,30682.0,30019.144531337297
validation,3,1,2024-04-01,2024-05-01,1555,boosting_news,25692.0,25673.882330232784
validation,3,2,2024-04-01,2024-06-01,1555,boosting_news,26266.0,26127.955901049954
validation,3,3,2024-04-01,2024-07-01,1555,boosting_news,27268.0,27122.905458261564
validation,3,1,2024-04-01,2024-05-01,1573,boosting_news,23278.0,22622.7143547357
validation,3,2,2024-04-01,2024-06-01,1573,boosting_news,25010.0,23032.19074345205
validation,3,3,2024-04-01,2024-07-01,1573,boosting_news,26491.0,23320.856900508563
validation,3,1,2024-04-01,2024-05-01,1577,boosting_news,31530.0,29780.05199319424
validation,3,2,2024-04-01,2024-06-01,1577,boosting_news,30905.0,30302.566852069885
validation,3,3,2024-04-01,2024-07-01,1577,boosting_news,31657.0,31291.071477450543
validation,3,1,2024-04-01,2024-05-01,1746,boosting_news,18612.0,19833.43755905751
validation,3,2,2024-04-01,2024-06-01,1746,boosting_news,18994.0,20081.41197804301
validation,3,3,2024-04-01,2024-07-01,1746,boosting_news,18405.0,20868.74714137105
validation,3,1,2024-04-01,2024-05-01,1763,boosting_news,17798.0,18316.45120985855
validation,3,1,2024-04-01,2024-05-01,1770,boosting_news,27639.0,26635.556661841943
validation,3,2,2024-04-01,2024-06-01,1770,boosting_news,27165.0,26604.616031435744
validation,3,3,2024-04-01,2024-07-01,1770,boosting_news,27155.0,27617.289182085213
validation,3,1,2024-04-01,2024-05-01,1909,boosting_news,21292.0,21178.428027519032
validation,3,2,2024-04-01,2024-06-01,1909,boosting_news,22169.0,21490.43192172235
validation,3,3,2024-04-01,2024-07-01,1909,boosting_news,22946.0,22224.963898527792
validation,3,1,2024-04-01,2024-05-01,1923,boosting_news,18606.0,17335.668569234724
validation,3,2,2024-04-01,2024-06-01,1923,boosting_news,19628.0,17714.807932775686
validation,3,3,2024-04-01,2024-07-01,1923,boosting_news,17721.0,17802.742100199575
validation,3,1,2024-04-01,2024-05-01,1930,boosting_news,22825.0,21680.85612870517
validation,3,2,2024-04-01,2024-06-01,1930,boosting_news,23584.0,22038.290281133817
validation,3,3,2024-04-01,2024-07-01,1930,boosting_news,23866.0,22780.121577254697
validation,3,1,2024-04-01,2024-05-01,1956,boosting_news,31625.0,33089.047351507616
validation,3,2,2024-04-01,2024-06-01,1956,boosting_news,32622.0,33898.962758728645
validation,3,3,2024-04-01,2024-07-01,1956,boosting_news,31096.0,34033.44654615062
validation,3,1,2024-04-01,2024-05-01,1970,boosting_news,55061.0,49404.60515258246
validation,3,2,2024-04-01,2024-06-01,1970,boosting_news,61009.0,50120.31403280192
validation,3,3,2024-04-01,2024-07-01,1970,boosting_news,65354.0,50536.24529128181
validation,3,1,2024-04-01,2024-05-01,2006,boosting_news,34140.0,35405.422755790736
validation,3,2,2024-04-01,2024-06-01,2006,boosting_news,35610.0,36055.78357015653
validation,3,3,2024-04-01,2024-07-01,2006,boosting_news,35747.0,37438.14973239887
validation,3,1,2024-04-01,2024-05-01,2061,boosting_news,23782.0,22342.21029226313
validation,3,2,2024-04-01,2024-06-01,2061,boosting_news,22001.0,22751.534911778326
validation,3,3,2024-04-01,2024-07-01,2061,boosting_news,22442.0,23196.14694383537
validation,3,1,2024-04-01,2024-05-01,2062,boosting_news,28145.0,26741.551362164504
validation,3,2,2024-04-01,2024-06-01,2062,boosting_news,28080.0,27211.67873170898
validation,3,3,2024-04-01,2024-07-01,2062,boosting_news,29163.0,28143.45117518369
validation,3,1,2024-04-01,2024-05-01,2066,boosting_news,25122.0,23067.10104809678
validation,3,2,2024-04-01,2024-06-01,2066,boosting_news,25364.0,23426.83691282088
validation,3,3,2024-04-01,2024-07-01,2066,boosting_news,26625.0,23795.45917055276
validation,3,1,2024-04-01,2024-05-01,2078,boosting_news,17520.0,17985.748528472763
validation,3,2,2024-04-01,2024-06-01,2078,boosting_news,18134.0,18267.735341653133
validation,3,3,2024-04-01,2024-07-01,2078,boosting_news,19996.0,18958.34662034641
validation,3,1,2024-04-01,2024-05-01,2079,boosting_news,21273.0,21502.90957604567
validation,3,2,2024-04-01,2024-06-01,2079,boosting_news,21503.0,21563.47253358071
validation,3,3,2024-04-01,2024-07-01,2079,boosting_news,22081.0,22256.86140380775
validation,3,1,2024-04-01,2024-05-01,2093,boosting_news,21899.0,21866.4643452275
validation,3,2,2024-04-01,2024-06-01,2093,boosting_news,21026.0,21920.470491311746
validation,3,3,2024-04-01,2024-07-01,2093,boosting_news,21927.0,22880.7307338288
validation,3,1,2024-04-01,2024-05-01,2125,boosting_news,23180.0,21934.56845971246
validation,3,2,2024-04-01,2024-06-01,2125,boosting_news,23270.0,22132.99331581737
validation,3,3,2024-04-01,2024-07-01,2125,boosting_news,24752.0,22671.969655284425
validation,3,1,2024-04-01,2024-05-01,2127,boosting_news,24397.0,21359.15228634056
validation,3,2,2024-04-01,2024-06-01,2127,boosting_news,24707.0,21444.346049805124
validation,3,3,2024-04-01,2024-07-01,2127,boosting_news,25547.0,21498.172246765367
validation,3,1,2024-04-01,2024-05-01,2139,boosting_news,23798.0,23570.700598384745
validation,3,2,2024-04-01,2024-06-01,2139,boosting_news,24417.0,23661.06665824044
validation,3,3,2024-04-01,2024-07-01,2139,boosting_news,24975.0,24458.95161845268
validation,3,1,2024-04-01,2024-05-01,2217,boosting_news,45880.0,42783.9138548748
validation,3,2,2024-04-01,2024-06-01,2217,boosting_news,47893.0,43538.03279635516
validation,3,3,2024-04-01,2024-07-01,2217,boosting_news,49368.0,44148.752678822006
validation,3,1,2024-04-01,2024-05-01,2235,boosting_news,36563.0,35020.4812459662
validation,3,2,2024-04-01,2024-06-01,2235,boosting_news,37627.0,35607.58543037602
validation,3,3,2024-04-01,2024-07-01,2235,boosting_news,37565.0,36050.43380252589
validation,3,1,2024-04-01,2024-05-01,2245,boosting_news,46647.0,42026.85725431499
validation,3,2,2024-04-01,2024-06-01,2245,boosting_news,49992.0,42777.510970608426
validation,3,3,2024-04-01,2024-07-01,2245,boosting_news,52523.0,43104.68642259073
validation,3,1,2024-04-01,2024-05-01,2278,boosting_news,26664.0,26383.583268336424
validation,3,2,2024-04-01,2024-06-01,2278,boosting_news,26523.0,26288.615346118502
validation,3,3,2024-04-01,2024-07-01,2278,boosting_news,26621.0,27382.871407511226
validation,3,1,2024-04-01,2024-05-01,2310,boosting_news,26232.0,26207.445022954584
validation,3,2,2024-04-01,2024-06-01,2310,boosting_news,26529.0,26485.85390507688
validation,3,3,2024-04-01,2024-07-01,2310,boosting_news,26912.0,27571.163310659133
validation,3,1,2024-04-01,2024-05-01,2373,boosting_news,53297.0,53260.5163668959
validation,3,2,2024-04-01,2024-06-01,2373,boosting_news,53195.0,54180.591735594426
validation,3,3,2024-04-01,2024-07-01,2373,boosting_news,53847.0,56283.10473216312
validation,3,1,2024-04-01,2024-05-01,2395,boosting_news,39317.0,36718.60936384864
validation,3,2,2024-04-01,2024-06-01,2395,boosting_news,38695.0,37314.19360528823
validation,3,3,2024-04-01,2024-07-01,2395,boosting_news,38546.0,38494.483908291135
validation,3,1,2024-04-01,2024-05-01,2453,boosting_news,45293.0,45279.23686982712
validation,3,2,2024-04-01,2024-06-01,2453,boosting_news,44292.0,46124.02439983429
validation,3,3,2024-04-01,2024-07-01,2453,boosting_news,44684.0,47869.52120228653
validation,3,1,2024-04-01,2024-05-01,2478,boosting_news,46479.0,45071.0058090581
validation,3,2,2024-04-01,2024-06-01,2478,boosting_news,46919.0,45831.17382677291
validation,3,3,2024-04-01,2024-07-01,2478,boosting_news,47512.0,47319.59995518402
validation,3,1,2024-04-01,2024-05-01,2538,boosting_news,53871.0,51946.2684227234
validation,3,2,2024-04-01,2024-06-01,2538,boosting_news,54677.0,52884.33619698498
validation,3,3,2024-04-01,2024-07-01,2538,boosting_news,55583.0,54595.73795196433
validation,3,1,2024-04-01,2024-05-01,2562,boosting_news,50154.0,49077.73542685419
validation,3,2,2024-04-01,2024-06-01,2562,boosting_news,51437.0,49963.95445660868
validation,3,3,2024-04-01,2024-07-01,2562,boosting_news,53037.0,51580.76386466217
validation,3,1,2024-04-01,2024-05-01,2573,boosting_news,55204.0,54361.421080608496
validation,3,2,2024-04-01,2024-06-01,2573,boosting_news,55950.0,55344.93040374444
validation,3,3,2024-04-01,2024-07-01,2573,boosting_news,57826.0,57131.3569991015
validation,3,1,2024-04-01,2024-05-01,188,prophet,21125.0,20761.17159219939
validation,3,2,2024-04-01,2024-06-01,188,prophet,21647.0,20882.46718875876
validation,3,3,2024-04-01,2024-07-01,188,prophet,23309.0,23169.474990283845
validation,3,1,2024-04-01,2024-05-01,235,prophet,24589.0,21159.874274976548
validation,3,2,2024-04-01,2024-06-01,235,prophet,23926.0,21196.52776939718
validation,3,3,2024-04-01,2024-07-01,235,prophet,25712.0,22382.14286410812
validation,3,1,2024-04-01,2024-05-01,269,prophet,29526.0,27910.551673150338
validation,3,2,2024-04-01,2024-06-01,269,prophet,29697.0,28078.527505775863
validation,3,3,2024-04-01,2024-07-01,269,prophet,30619.0,30065.67552661408
validation,3,1,2024-04-01,2024-05-01,305,prophet,20441.0,18798.241994412325
validation,3,2,2024-04-01,2024-06-01,305,prophet,20687.0,19512.1810609228
validation,3,3,2024-04-01,2024-07-01,305,prophet,21329.0,20908.25862867224
validation,3,1,2024-04-01,2024-05-01,312,prophet,44534.0,42645.136156482105
validation,3,2,2024-04-01,2024-06-01,312,prophet,48627.0,45100.39529598005
validation,3,3,2024-04-01,2024-07-01,312,prophet,50055.0,49859.04995477118
validation,3,1,2024-04-01,2024-05-01,322,prophet,40374.0,37540.07327706725
validation,3,2,2024-04-01,2024-06-01,322,prophet,51459.0,44386.57917322356
validation,3,3,2024-04-01,2024-07-01,322,prophet,57728.0,56207.016622082025
validation,3,1,2024-04-01,2024-05-01,324,prophet,31090.0,30979.718784608493
validation,3,2,2024-04-01,2024-06-01,324,prophet,37055.0,33754.51281967101
validation,3,3,2024-04-01,2024-07-01,324,prophet,38431.0,37898.54240282998
validation,3,1,2024-04-01,2024-05-01,397,prophet,26285.0,25048.52471339496
validation,3,2,2024-04-01,2024-06-01,397,prophet,27061.0,25594.37741363705
validation,3,3,2024-04-01,2024-07-01,397,prophet,27450.0,27431.91184335025
validation,3,1,2024-04-01,2024-05-01,486,prophet,19826.0,18472.30288615935
validation,3,2,2024-04-01,2024-06-01,486,prophet,20063.0,18574.32275485254
validation,3,3,2024-04-01,2024-07-01,486,prophet,20250.0,19549.771848521847
validation,3,1,2024-04-01,2024-05-01,506,prophet,32683.0,31350.38143114452
validation,3,2,2024-04-01,2024-06-01,506,prophet,32755.0,33367.49046119677
validation,3,3,2024-04-01,2024-07-01,506,prophet,33831.0,36138.438622450936
validation,3,1,2024-04-01,2024-05-01,541,prophet,20915.0,20135.088771576466
validation,3,2,2024-04-01,2024-06-01,541,prophet,22627.0,21192.321083649127
validation,3,3,2024-04-01,2024-07-01,541,prophet,22715.0,22868.63528842948
validation,3,1,2024-04-01,2024-05-01,571,prophet,21819.0,19982.48559337818
validation,3,2,2024-04-01,2024-06-01,571,prophet,23012.0,20953.71821211216
validation,3,3,2024-04-01,2024-07-01,571,prophet,22820.0,22653.067396378705
validation,3,1,2024-04-01,2024-05-01,581,prophet,34500.0,31465.750138690382
validation,3,2,2024-04-01,2024-06-01,581,prophet,35125.0,33059.908710576135
validation,3,3,2024-04-01,2024-07-01,581,prophet,36903.0,35797.164733009486
validation,3,1,2024-04-01,2024-05-01,694,prophet,30206.0,27249.578733359176
validation,3,2,2024-04-01,2024-06-01,694,prophet,31174.0,29031.43760153034
validation,3,3,2024-04-01,2024-07-01,694,prophet,31085.0,31965.766195084263
validation,3,1,2024-04-01,2024-05-01,811,prophet,26172.0,26015.861202442364
validation,3,2,2024-04-01,2024-06-01,811,prophet,27240.0,27063.278006156736
validation,3,3,2024-04-01,2024-07-01,811,prophet,28223.0,29556.439067728534
validation,3,1,2024-04-01,2024-05-01,1053,prophet,25996.0,23013.026095211346
validation,3,2,2024-04-01,2024-06-01,1053,prophet,25088.0,23030.07139964081
validation,3,3,2024-04-01,2024-07-01,1053,prophet,24419.0,24192.99301080352
validation,3,1,2024-04-01,2024-05-01,1110,prophet,31120.0,29465.11029102385
validation,3,2,2024-04-01,2024-06-01,1110,prophet,31312.0,30455.534362238654
validation,3,3,2024-04-01,2024-07-01,1110,prophet,31844.0,32374.64880307918
validation,3,1,2024-04-01,2024-05-01,1112,prophet,27374.0,26118.70436052201
validation,3,2,2024-04-01,2024-06-01,1112,prophet,27563.0,26616.22670383932
validation,3,3,2024-04-01,2024-07-01,1112,prophet,28238.0,28458.210540768487
validation,3,1,2024-04-01,2024-05-01,1120,prophet,24138.0,21311.62211440385
validation,3,2,2024-04-01,2024-06-01,1120,prophet,24413.0,20937.2991176052
validation,3,3,2024-04-01,2024-07-01,1120,prophet,24532.0,22322.61929690227
validation,3,1,2024-04-01,2024-05-01,1184,prophet,28443.0,27543.23685280728
validation,3,2,2024-04-01,2024-06-01,1184,prophet,29693.0,28745.76452431834
validation,3,3,2024-04-01,2024-07-01,1184,prophet,31431.0,31445.910133333648
validation,3,1,2024-04-01,2024-05-01,1238,prophet,32641.0,31500.319021950032
validation,3,2,2024-04-01,2024-06-01,1238,prophet,34167.0,32571.70629345517
validation,3,3,2024-04-01,2024-07-01,1238,prophet,35158.0,35074.94458680134
validation,3,1,2024-04-01,2024-05-01,1254,prophet,25462.0,23851.2389749532
validation,3,2,2024-04-01,2024-06-01,1254,prophet,26901.0,24638.520432820475
validation,3,3,2024-04-01,2024-07-01,1254,prophet,28204.0,26700.921236204304
validation,3,1,2024-04-01,2024-05-01,1276,prophet,20337.0,18569.36313686288
validation,3,2,2024-04-01,2024-06-01,1276,prophet,19648.0,18992.524114426626
validation,3,3,2024-04-01,2024-07-01,1276,prophet,19632.0,19461.42842441632
validation,3,1,2024-04-01,2024-05-01,1286,prophet,22892.0,20432.5150423486
validation,3,2,2024-04-01,2024-06-01,1286,prophet,22300.0,20619.65536287299
validation,3,3,2024-04-01,2024-07-01,1286,prophet,23099.0,21762.153899390527
validation,3,1,2024-04-01,2024-05-01,1289,prophet,20317.0,19115.96871365339
validation,3,2,2024-04-01,2024-06-01,1289,prophet,20800.0,19701.95470010949
validation,3,3,2024-04-01,2024-07-01,1289,prophet,21769.0,21013.87643576639
validation,3,1,2024-04-01,2024-05-01,1292,prophet,21509.0,20013.48085701427
validation,3,2,2024-04-01,2024-06-01,1292,prophet,21132.0,20327.41531567764
validation,3,3,2024-04-01,2024-07-01,1292,prophet,21859.0,21711.964715819737
validation,3,1,2024-04-01,2024-05-01,1338,prophet,22431.0,20600.14126061668
validation,3,2,2024-04-01,2024-06-01,1338,prophet,22926.0,21172.44913155523
validation,3,3,2024-04-01,2024-07-01,1338,prophet,22342.0,22934.50890539805
validation,3,1,2024-04-01,2024-05-01,1426,prophet,25114.0,23468.446806335847
validation,3,2,2024-04-01,2024-06-01,1426,prophet,24919.0,23583.34588910197
validation,3,3,2024-04-01,2024-07-01,1426,prophet,25212.0,25377.601327008
validation,3,1,2024-04-01,2024-05-01,1443,prophet,45673.0,44795.35880043869
validation,3,2,2024-04-01,2024-06-01,1443,prophet,45920.0,45490.30152357992
validation,3,3,2024-04-01,2024-07-01,1443,prophet,47223.0,48527.075921111966
validation,3,1,2024-04-01,2024-05-01,1461,prophet,46143.0,45535.37225072245
validation,3,2,2024-04-01,2024-06-01,1461,prophet,46682.0,46338.861419694615
validation,3,3,2024-04-01,2024-07-01,1461,prophet,47573.0,49163.18589523055
validation,3,1,2024-04-01,2024-05-01,1494,prophet,29557.0,27380.751983091723
validation,3,2,2024-04-01,2024-06-01,1494,prophet,29749.0,28046.621048541725
validation,3,3,2024-04-01,2024-07-01,1494,prophet,30682.0,29083.192670742512
validation,3,1,2024-04-01,2024-05-01,1555,prophet,25692.0,24115.137651780427
validation,3,2,2024-04-01,2024-06-01,1555,prophet,26266.0,24825.981741011183
validation,3,3,2024-04-01,2024-07-01,1555,prophet,27268.0,26620.726095216207
validation,3,1,2024-04-01,2024-05-01,1573,prophet,23278.0,22979.53260212444
validation,3,2,2024-04-01,2024-06-01,1573,prophet,25010.0,23970.60820236855
validation,3,3,2024-04-01,2024-07-01,1573,prophet,26491.0,25858.12595514855
validation,3,1,2024-04-01,2024-05-01,1577,prophet,31530.0,29616.26798036833
validation,3,2,2024-04-01,2024-06-01,1577,prophet,30905.0,29921.99096556424
validation,3,3,2024-04-01,2024-07-01,1577,prophet,31657.0,31835.569250916007
validation,3,1,2024-04-01,2024-05-01,1746,prophet,18612.0,17754.33274472622
validation,3,2,2024-04-01,2024-06-01,1746,prophet,18994.0,17868.16198454285
validation,3,3,2024-04-01,2024-07-01,1746,prophet,18405.0,19170.41132597202
validation,3,1,2024-04-01,2024-05-01,1763,prophet,17798.0,15364.340162355858
validation,3,1,2024-04-01,2024-05-01,1770,prophet,27639.0,24879.860238925176
validation,3,2,2024-04-01,2024-06-01,1770,prophet,27165.0,25464.4180561573
validation,3,3,2024-04-01,2024-07-01,1770,prophet,27155.0,27284.57948712943
validation,3,1,2024-04-01,2024-05-01,1909,prophet,21292.0,20935.53514246661
validation,3,2,2024-04-01,2024-06-01,1909,prophet,22169.0,21281.49582257443
validation,3,3,2024-04-01,2024-07-01,1909,prophet,22946.0,22552.03290507516
validation,3,1,2024-04-01,2024-05-01,1923,prophet,18606.0,16590.476856720692
validation,3,2,2024-04-01,2024-06-01,1923,prophet,19628.0,16480.81925407016
validation,3,3,2024-04-01,2024-07-01,1923,prophet,17721.0,17967.81903364759
validation,3,1,2024-04-01,2024-05-01,1930,prophet,22825.0,20728.900407429726
validation,3,2,2024-04-01,2024-06-01,1930,prophet,23584.0,20991.529073462418
validation,3,3,2024-04-01,2024-07-01,1930,prophet,23866.0,22560.001862917485
validation,3,1,2024-04-01,2024-05-01,1956,prophet,31625.0,29703.78900919588
validation,3,2,2024-04-01,2024-06-01,1956,prophet,32622.0,31244.269767442696
validation,3,3,2024-04-01,2024-07-01,1956,prophet,31096.0,33712.57393999604
validation,3,1,2024-04-01,2024-05-01,1970,prophet,55061.0,53789.13312001444
validation,3,2,2024-04-01,2024-06-01,1970,prophet,61009.0,59339.83020492422
validation,3,3,2024-04-01,2024-07-01,1970,prophet,65354.0,67157.87290023729
validation,3,1,2024-04-01,2024-05-01,2006,prophet,34140.0,33908.895419116845
validation,3,2,2024-04-01,2024-06-01,2006,prophet,35610.0,34531.126380878246
validation,3,3,2024-04-01,2024-07-01,2006,prophet,35747.0,36397.7824526796
validation,3,1,2024-04-01,2024-05-01,2061,prophet,23782.0,20864.28021403371
validation,3,2,2024-04-01,2024-06-01,2061,prophet,22001.0,21321.948514555927
validation,3,3,2024-04-01,2024-07-01,2061,prophet,22442.0,23277.02513580639
validation,3,1,2024-04-01,2024-05-01,2062,prophet,28145.0,26588.69404277345
validation,3,2,2024-04-01,2024-06-01,2062,prophet,28080.0,27271.02846857917
validation,3,3,2024-04-01,2024-07-01,2062,prophet,29163.0,28930.521695308777
validation,3,1,2024-04-01,2024-05-01,2066,prophet,25122.0,22148.62832592934
validation,3,2,2024-04-01,2024-06-01,2066,prophet,25364.0,22933.233852800167
validation,3,3,2024-04-01,2024-07-01,2066,prophet,26625.0,24860.612688630583
validation,3,1,2024-04-01,2024-05-01,2078,prophet,17520.0,15757.27473476254
validation,3,2,2024-04-01,2024-06-01,2078,prophet,18134.0,16116.843143042388
validation,3,3,2024-04-01,2024-07-01,2078,prophet,19996.0,17277.225916817708
validation,3,1,2024-04-01,2024-05-01,2079,prophet,21273.0,20435.59410275518
validation,3,2,2024-04-01,2024-06-01,2079,prophet,21503.0,21673.72001818073
validation,3,3,2024-04-01,2024-07-01,2079,prophet,22081.0,22766.650318171764
validation,3,1,2024-04-01,2024-05-01,2093,prophet,21899.0,19772.546900865964
validation,3,2,2024-04-01,2024-06-01,2093,prophet,21026.0,20396.00776155607
validation,3,3,2024-04-01,2024-07-01,2093,prophet,21927.0,22557.96639446682
validation,3,1,2024-04-01,2024-05-01,2125,prophet,23180.0,21548.21708981201
validation,3,2,2024-04-01,2024-06-01,2125,prophet,23270.0,21887.041728063585
validation,3,3,2024-04-01,2024-07-01,2125,prophet,24752.0,23382.518237866585
validation,3,1,2024-04-01,2024-05-01,2127,prophet,24397.0,21585.66946871481
validation,3,2,2024-04-01,2024-06-01,2127,prophet,24707.0,21127.34939713517
validation,3,3,2024-04-01,2024-07-01,2127,prophet,25547.0,22706.2864483204
validation,3,1,2024-04-01,2024-05-01,2139,prophet,23798.0,21882.214451630123
validation,3,2,2024-04-01,2024-06-01,2139,prophet,24417.0,22639.400136746142
validation,3,3,2024-04-01,2024-07-01,2139,prophet,24975.0,24506.50874619228
validation,3,1,2024-04-01,2024-05-01,2217,prophet,45880.0,44850.19152840802
validation,3,2,2024-04-01,2024-06-01,2217,prophet,47893.0,47047.67341384071
validation,3,3,2024-04-01,2024-07-01,2217,prophet,49368.0,49817.08354328779
validation,3,1,2024-04-01,2024-05-01,2235,prophet,36563.0,34754.56148812228
validation,3,2,2024-04-01,2024-06-01,2235,prophet,37627.0,35901.32992662288
validation,3,3,2024-04-01,2024-07-01,2235,prophet,37565.0,38239.60844489756
validation,3,1,2024-04-01,2024-05-01,2245,prophet,46647.0,43449.44086177526
validation,3,2,2024-04-01,2024-06-01,2245,prophet,49992.0,46132.22183572953
validation,3,3,2024-04-01,2024-07-01,2245,prophet,52523.0,49862.54093309855
validation,3,1,2024-04-01,2024-05-01,2278,prophet,26664.0,23555.93765477061
validation,3,2,2024-04-01,2024-06-01,2278,prophet,26523.0,23947.84602722361
validation,3,3,2024-04-01,2024-07-01,2278,prophet,26621.0,25730.651244012635
validation,3,1,2024-04-01,2024-05-01,2310,prophet,26232.0,24422.716448802494
validation,3,2,2024-04-01,2024-06-01,2310,prophet,26529.0,24788.63807530846
validation,3,3,2024-04-01,2024-07-01,2310,prophet,26912.0,26523.8197089404
validation,3,1,2024-04-01,2024-05-01,2373,prophet,53297.0,51375.09635418311
validation,3,2,2024-04-01,2024-06-01,2373,prophet,53195.0,51851.6240955657
validation,3,3,2024-04-01,2024-07-01,2373,prophet,53847.0,54487.17710611344
validation,3,1,2024-04-01,2024-05-01,2395,prophet,39317.0,38463.451663881526
validation,3,2,2024-04-01,2024-06-01,2395,prophet,38695.0,38504.79108190229
validation,3,3,2024-04-01,2024-07-01,2395,prophet,38546.0,40146.96732502201
validation,3,1,2024-04-01,2024-05-01,2453,prophet,45293.0,43957.574166287486
validation,3,2,2024-04-01,2024-06-01,2453,prophet,44292.0,44388.32774566366
validation,3,3,2024-04-01,2024-07-01,2453,prophet,44684.0,46532.25523491823
validation,3,1,2024-04-01,2024-05-01,2478,prophet,46479.0,44632.50807217501
validation,3,2,2024-04-01,2024-06-01,2478,prophet,46919.0,45286.24148187761
validation,3,3,2024-04-01,2024-07-01,2478,prophet,47512.0,47813.5501895091
validation,3,1,2024-04-01,2024-05-01,2538,prophet,53871.0,52669.735332174685
validation,3,2,2024-04-01,2024-06-01,2538,prophet,54677.0,53416.01252146755
validation,3,3,2024-04-01,2024-07-01,2538,prophet,55583.0,56634.6365261791
validation,3,1,2024-04-01,2024-05-01,2562,prophet,50154.0,48920.16481391046
validation,3,2,2024-04-01,2024-06-01,2562,prophet,51437.0,49295.18691102429
validation,3,3,2024-04-01,2024-07-01,2562,prophet,53037.0,52063.004203789824
validation,3,1,2024-04-01,2024-05-01,2573,prophet,55204.0,54855.66413133116
validation,3,2,2024-04-01,2024-06-01,2573,prophet,55950.0,55912.4704741631
validation,3,3,2024-04-01,2024-07-01,2573,prophet,57826.0,59387.08900132766
validation,3,1,2024-05-01,2024-06-01,188,last,21647.0,21125.0
validation,3,2,2024-05-01,2024-07-01,188,last,23309.0,21125.0
validation,3,3,2024-05-01,2024-08-01,188,last,25902.0,21125.0
validation,3,1,2024-05-01,2024-06-01,235,last,23926.0,24589.0
validation,3,2,2024-05-01,2024-07-01,235,last,25712.0,24589.0
validation,3,3,2024-05-01,2024-08-01,235,last,26241.0,24589.0
validation,3,1,2024-05-01,2024-06-01,269,last,29697.0,29526.0
validation,3,2,2024-05-01,2024-07-01,269,last,30619.0,29526.0
validation,3,3,2024-05-01,2024-08-01,269,last,31042.0,29526.0
validation,3,1,2024-05-01,2024-06-01,305,last,20687.0,20441.0
validation,3,2,2024-05-01,2024-07-01,305,last,21329.0,20441.0
validation,3,3,2024-05-01,2024-08-01,305,last,21503.0,20441.0
validation,3,1,2024-05-01,2024-06-01,312,last,48627.0,44534.0
validation,3,2,2024-05-01,2024-07-01,312,last,50055.0,44534.0
validation,3,3,2024-05-01,2024-08-01,312,last,50515.0,44534.0
validation,3,1,2024-05-01,2024-06-01,322,last,51459.0,40374.0
validation,3,2,2024-05-01,2024-07-01,322,last,57728.0,40374.0
validation,3,1,2024-05-01,2024-06-01,324,last,37055.0,31090.0
validation,3,2,2024-05-01,2024-07-01,324,last,38431.0,31090.0
validation,3,3,2024-05-01,2024-08-01,324,last,37755.0,31090.0
validation,3,1,2024-05-01,2024-06-01,397,last,27061.0,26285.0
validation,3,2,2024-05-01,2024-07-01,397,last,27450.0,26285.0
validation,3,3,2024-05-01,2024-08-01,397,last,27899.0,26285.0
validation,3,1,2024-05-01,2024-06-01,486,last,20063.0,19826.0
validation,3,2,2024-05-01,2024-07-01,486,last,20250.0,19826.0
validation,3,3,2024-05-01,2024-08-01,486,last,20625.0,19826.0
validation,3,1,2024-05-01,2024-06-01,506,last,32755.0,32683.0
validation,3,2,2024-05-01,2024-07-01,506,last,33831.0,32683.0
validation,3,3,2024-05-01,2024-08-01,506,last,34705.0,32683.0
validation,3,1,2024-05-01,2024-06-01,541,last,22627.0,20915.0
validation,3,2,2024-05-01,2024-07-01,541,last,22715.0,20915.0
validation,3,3,2024-05-01,2024-08-01,541,last,23169.0,20915.0
validation,3,1,2024-05-01,2024-06-01,571,last,23012.0,21819.0
validation,3,2,2024-05-01,2024-07-01,571,last,22820.0,21819.0
validation,3,3,2024-05-01,2024-08-01,571,last,23554.0,21819.0
validation,3,1,2024-05-01,2024-06-01,581,last,35125.0,34500.0
validation,3,2,2024-05-01,2024-07-01,581,last,36903.0,34500.0
validation,3,3,2024-05-01,2024-08-01,581,last,37031.0,34500.0
validation,3,1,2024-05-01,2024-06-01,694,last,31174.0,30206.0
validation,3,2,2024-05-01,2024-07-01,694,last,31085.0,30206.0
validation,3,3,2024-05-01,2024-08-01,694,last,30522.0,30206.0
validation,3,1,2024-05-01,2024-06-01,811,last,27240.0,26172.0
validation,3,2,2024-05-01,2024-07-01,811,last,28223.0,26172.0
validation,3,3,2024-05-01,2024-08-01,811,last,29342.0,26172.0
validation,3,1,2024-05-01,2024-06-01,1053,last,25088.0,25996.0
validation,3,2,2024-05-01,2024-07-01,1053,last,24419.0,25996.0
validation,3,3,2024-05-01,2024-08-01,1053,last,24705.0,25996.0
validation,3,1,2024-05-01,2024-06-01,1110,last,31312.0,31120.0
validation,3,2,2024-05-01,2024-07-01,1110,last,31844.0,31120.0
validation,3,3,2024-05-01,2024-08-01,1110,last,32398.0,31120.0
validation,3,1,2024-05-01,2024-06-01,1112,last,27563.0,27374.0
validation,3,2,2024-05-01,2024-07-01,1112,last,28238.0,27374.0
validation,3,3,2024-05-01,2024-08-01,1112,last,28399.0,27374.0
validation,3,1,2024-05-01,2024-06-01,1120,last,24413.0,24138.0
validation,3,2,2024-05-01,2024-07-01,1120,last,24532.0,24138.0
validation,3,3,2024-05-01,2024-08-01,1120,last,23802.0,24138.0
validation,3,1,2024-05-01,2024-06-01,1184,last,29693.0,28443.0
validation,3,2,2024-05-01,2024-07-01,1184,last,31431.0,28443.0
validation,3,3,2024-05-01,2024-08-01,1184,last,32481.0,28443.0
validation,3,1,2024-05-01,2024-06-01,1238,last,34167.0,32641.0
validation,3,2,2024-05-01,2024-07-01,1238,last,35158.0,32641.0
validation,3,3,2024-05-01,2024-08-01,1238,last,35402.0,32641.0
validation,3,1,2024-05-01,2024-06-01,1254,last,26901.0,25462.0
validation,3,2,2024-05-01,2024-07-01,1254,last,28204.0,25462.0
validation,3,3,2024-05-01,2024-08-01,1254,last,28330.0,25462.0
validation,3,1,2024-05-01,2024-06-01,1276,last,19648.0,20337.0
validation,3,2,2024-05-01,2024-07-01,1276,last,19632.0,20337.0
validation,3,3,2024-05-01,2024-08-01,1276,last,19803.0,20337.0
validation,3,1,2024-05-01,2024-06-01,1286,last,22300.0,22892.0
validation,3,2,2024-05-01,2024-07-01,1286,last,23099.0,22892.0
validation,3,3,2024-05-01,2024-08-01,1286,last,21734.0,22892.0
validation,3,1,2024-05-01,2024-06-01,1289,last,20800.0,20317.0
validation,3,2,2024-05-01,2024-07-01,1289,last,21769.0,20317.0
validation,3,3,2024-05-01,2024-08-01,1289,last,20715.0,20317.0
validation,3,1,2024-05-01,2024-06-01,1292,last,21132.0,21509.0
validation,3,2,2024-05-01,2024-07-01,1292,last,21859.0,21509.0
validation,3,3,2024-05-01,2024-08-01,1292,last,21498.0,21509.0
validation,3,1,2024-05-01,2024-06-01,1338,last,22926.0,22431.0
validation,3,2,2024-05-01,2024-07-01,1338,last,22342.0,22431.0
validation,3,3,2024-05-01,2024-08-01,1338,last,23310.0,22431.0
validation,3,1,2024-05-01,2024-06-01,1426,last,24919.0,25114.0
validation,3,2,2024-05-01,2024-07-01,1426,last,25212.0,25114.0
validation,3,3,2024-05-01,2024-08-01,1426,last,25984.0,25114.0
validation,3,1,2024-05-01,2024-06-01,1443,last,45920.0,45673.0
validation,3,2,2024-05-01,2024-07-01,1443,last,47223.0,45673.0
validation,3,3,2024-05-01,2024-08-01,1443,last,47939.0,45673.0
validation,3,1,2024-05-01,2024-06-01,1461,last,46682.0,46143.0
validation,3,2,2024-05-01,2024-07-01,1461,last,47573.0,46143.0
validation,3,3,2024-05-01,2024-08-01,1461,last,48612.0,46143.0
validation,3,1,2024-05-01,2024-06-01,1494,last,29749.0,29557.0
validation,3,2,2024-05-01,2024-07-01,1494,last,30682.0,29557.0
validation,3,3,2024-05-01,2024-08-01,1494,last,31586.0,29557.0
validation,3,1,2024-05-01,2024-06-01,1555,last,26266.0,25692.0
validation,3,2,2024-05-01,2024-07-01,1555,last,27268.0,25692.0
validation,3,3,2024-05-01,2024-08-01,1555,last,27756.0,25692.0
validation,3,1,2024-05-01,2024-06-01,1573,last,25010.0,23278.0
validation,3,2,2024-05-01,2024-07-01,1573,last,26491.0,23278.0
validation,3,3,2024-05-01,2024-08-01,1573,last,26258.0,23278.0
validation,3,1,2024-05-01,2024-06-01,1577,last,30905.0,31530.0
validation,3,2,2024-05-01,2024-07-01,1577,last,31657.0,31530.0
validation,3,3,2024-05-01,2024-08-01,1577,last,32053.0,31530.0
validation,3,1,2024-05-01,2024-06-01,1746,last,18994.0,18612.0
validation,3,2,2024-05-01,2024-07-01,1746,last,18405.0,18612.0
validation,3,3,2024-05-01,2024-08-01,1746,last,20102.0,18612.0
validation,3,1,2024-05-01,2024-06-01,1770,last,27165.0,27639.0
validation,3,2,2024-05-01,2024-07-01,1770,last,27155.0,27639.0
validation,3,3,2024-05-01,2024-08-01,1770,last,27847.0,27639.0
validation,3,1,2024-05-01,2024-06-01,1909,last,22169.0,21292.0
validation,3,2,2024-05-01,2024-07-01,1909,last,22946.0,21292.0
validation,3,3,2024-05-01,2024-08-01,1909,last,21618.0,21292.0
validation,3,1,2024-05-01,2024-06-01,1923,last,19628.0,18606.0
validation,3,2,2024-05-01,2024-07-01,1923,last,17721.0,18606.0
validation,3,3,2024-05-01,2024-08-01,1923,last,19528.0,18606.0
validation,3,1,2024-05-01,2024-06-01,1930,last,23584.0,22825.0
validation,3,2,2024-05-01,2024-07-01,1930,last,23866.0,22825.0
validation,3,3,2024-05-01,2024-08-01,1930,last,24490.0,22825.0
validation,3,1,2024-05-01,2024-06-01,1956,last,32622.0,31625.0
validation,3,2,2024-05-01,2024-07-01,1956,last,31096.0,31625.0
validation,3,3,2024-05-01,2024-08-01,1956,last,32917.0,31625.0
validation,3,1,2024-05-01,2024-06-01,1970,last,61009.0,55061.0
validation,3,2,2024-05-01,2024-07-01,1970,last,65354.0,55061.0
validation,3,3,2024-05-01,2024-08-01,1970,last,63316.0,55061.0
validation,3,1,2024-05-01,2024-06-01,2006,last,35610.0,34140.0
validation,3,2,2024-05-01,2024-07-01,2006,last,35747.0,34140.0
validation,3,3,2024-05-01,2024-08-01,2006,last,36529.0,34140.0
validation,3,1,2024-05-01,2024-06-01,2061,last,22001.0,23782.0
validation,3,2,2024-05-01,2024-07-01,2061,last,22442.0,23782.0
validation,3,3,2024-05-01,2024-08-01,2061,last,22520.0,23782.0
validation,3,1,2024-05-01,2024-06-01,2062,last,28080.0,28145.0
validation,3,2,2024-05-01,2024-07-01,2062,last,29163.0,28145.0
validation,3,3,2024-05-01,2024-08-01,2062,last,29024.0,28145.0
validation,3,1,2024-05-01,2024-06-01,2066,last,25364.0,25122.0
validation,3,2,2024-05-01,2024-07-01,2066,last,26625.0,25122.0
validation,3,3,2024-05-01,2024-08-01,2066,last,26061.0,25122.0
validation,3,1,2024-05-01,2024-06-01,2078,last,18134.0,17520.0
validation,3,2,2024-05-01,2024-07-01,2078,last,19996.0,17520.0
validation,3,3,2024-05-01,2024-08-01,2078,last,19420.0,17520.0
validation,3,1,2024-05-01,2024-06-01,2079,last,21503.0,21273.0
validation,3,2,2024-05-01,2024-07-01,2079,last,22081.0,21273.0
validation,3,3,2024-05-01,2024-08-01,2079,last,23091.0,21273.0
validation,3,1,2024-05-01,2024-06-01,2093,last,21026.0,21899.0
validation,3,2,2024-05-01,2024-07-01,2093,last,21927.0,21899.0
validation,3,3,2024-05-01,2024-08-01,2093,last,22334.0,21899.0
validation,3,1,2024-05-01,2024-06-01,2125,last,23270.0,23180.0
validation,3,2,2024-05-01,2024-07-01,2125,last,24752.0,23180.0
validation,3,3,2024-05-01,2024-08-01,2125,last,24243.0,23180.0
validation,3,1,2024-05-01,2024-06-01,2127,last,24707.0,24397.0
validation,3,2,2024-05-01,2024-07-01,2127,last,25547.0,24397.0
validation,3,3,2024-05-01,2024-08-01,2127,last,25426.0,24397.0
validation,3,1,2024-05-01,2024-06-01,2139,last,24417.0,23798.0
validation,3,2,2024-05-01,2024-07-01,2139,last,24975.0,23798.0
validation,3,3,2024-05-01,2024-08-01,2139,last,24565.0,23798.0
validation,3,1,2024-05-01,2024-06-01,2217,last,47893.0,45880.0
validation,3,2,2024-05-01,2024-07-01,2217,last,49368.0,45880.0
validation,3,3,2024-05-01,2024-08-01,2217,last,49128.0,45880.0
validation,3,1,2024-05-01,2024-06-01,2235,last,37627.0,36563.0
validation,3,2,2024-05-01,2024-07-01,2235,last,37565.0,36563.0
validation,3,3,2024-05-01,2024-08-01,2235,last,37501.0,36563.0
validation,3,1,2024-05-01,2024-06-01,2245,last,49992.0,46647.0
validation,3,2,2024-05-01,2024-07-01,2245,last,52523.0,46647.0
validation,3,3,2024-05-01,2024-08-01,2245,last,51739.0,46647.0
validation,3,1,2024-05-01,2024-06-01,2278,last,26523.0,26664.0
validation,3,2,2024-05-01,2024-07-01,2278,last,26621.0,26664.0
validation,3,3,2024-05-01,2024-08-01,2278,last,28767.0,26664.0
validation,3,1,2024-05-01,2024-06-01,2310,last,26529.0,26232.0
validation,3,2,2024-05-01,2024-07-01,2310,last,26912.0,26232.0
validation,3,3,2024-05-01,2024-08-01,2310,last,28432.0,26232.0
validation,3,1,2024-05-01,2024-06-01,2373,last,53195.0,53297.0
validation,3,2,2024-05-01,2024-07-01,2373,last,53847.0,53297.0
validation,3,3,2024-05-01,2024-08-01,2373,last,54787.0,53297.0
validation,3,1,2024-05-01,2024-06-01,2395,last,38695.0,39317.0
validation,3,2,2024-05-01,2024-07-01,2395,last,38546.0,39317.0
validation,3,3,2024-05-01,2024-08-01,2395,last,39804.0,39317.0
validation,3,1,2024-05-01,2024-06-01,2453,last,44292.0,45293.0
validation,3,2,2024-05-01,2024-07-01,2453,last,44684.0,45293.0
validation,3,3,2024-05-01,2024-08-01,2453,last,45161.0,45293.0
validation,3,1,2024-05-01,2024-06-01,2478,last,46919.0,46479.0
validation,3,2,2024-05-01,2024-07-01,2478,last,47512.0,46479.0
validation,3,3,2024-05-01,2024-08-01,2478,last,48040.0,46479.0
validation,3,1,2024-05-01,2024-06-01,2538,last,54677.0,53871.0
validation,3,2,2024-05-01,2024-07-01,2538,last,55583.0,53871.0
validation,3,3,2024-05-01,2024-08-01,2538,last,56235.0,53871.0
validation,3,1,2024-05-01,2024-06-01,2562,last,51437.0,50154.0
validation,3,2,2024-05-01,2024-07-01,2562,last,53037.0,50154.0
validation,3,3,2024-05-01,2024-08-01,2562,last,53434.0,50154.0
validation,3,1,2024-05-01,2024-06-01,2573,last,55950.0,55204.0
validation,3,2,2024-05-01,2024-07-01,2573,last,57826.0,55204.0
validation,3,3,2024-05-01,2024-08-01,2573,last,58310.0,55204.0
validation,3,1,2024-05-01,2024-06-01,188,seasonal,21647.0,17848.0
validation,3,2,2024-05-01,2024-07-01,188,seasonal,23309.0,18841.0
validation,3,3,2024-05-01,2024-08-01,188,seasonal,25902.0,20408.0
validation,3,1,2024-05-01,2024-06-01,235,seasonal,23926.0,22024.0
validation,3,2,2024-05-01,2024-07-01,235,seasonal,25712.0,22151.0
validation,3,3,2024-05-01,2024-08-01,235,seasonal,26241.0,21818.0
validation,3,1,2024-05-01,2024-06-01,269,seasonal,29697.0,24309.0
validation,3,2,2024-05-01,2024-07-01,269,seasonal,30619.0,25465.0
validation,3,3,2024-05-01,2024-08-01,269,seasonal,31042.0,26404.0
validation,3,1,2024-05-01,2024-06-01,305,seasonal,20687.0,17416.0
validation,3,2,2024-05-01,2024-07-01,305,seasonal,21329.0,18648.0
validation,3,3,2024-05-01,2024-08-01,305,seasonal,21503.0,18205.0
validation,3,1,2024-05-01,2024-06-01,312,seasonal,48627.0,39791.0
validation,3,2,2024-05-01,2024-07-01,312,seasonal,50055.0,41777.0
validation,3,3,2024-05-01,2024-08-01,312,seasonal,50515.0,42815.0
validation,3,1,2024-05-01,2024-06-01,322,seasonal,51459.0,39006.0
validation,3,2,2024-05-01,2024-07-01,322,seasonal,57728.0,49809.0
validation,3,1,2024-05-01,2024-06-01,324,seasonal,37055.0,30961.0
validation,3,2,2024-05-01,2024-07-01,324,seasonal,38431.0,31445.0
validation,3,3,2024-05-01,2024-08-01,324,seasonal,37755.0,32896.0
validation,3,1,2024-05-01,2024-06-01,397,seasonal,27061.0,21486.0
validation,3,2,2024-05-01,2024-07-01,397,seasonal,27450.0,23097.0
validation,3,3,2024-05-01,2024-08-01,397,seasonal,27899.0,23524.0
validation,3,1,2024-05-01,2024-06-01,486,seasonal,20063.0,17775.0
validation,3,2,2024-05-01,2024-07-01,486,seasonal,20250.0,18018.0
validation,3,3,2024-05-01,2024-08-01,486,seasonal,20625.0,18128.0
validation,3,1,2024-05-01,2024-06-01,506,seasonal,32755.0,29464.0
validation,3,2,2024-05-01,2024-07-01,506,seasonal,33831.0,30561.0
validation,3,3,2024-05-01,2024-08-01,506,seasonal,34705.0,31367.0
validation,3,1,2024-05-01,2024-06-01,541,seasonal,22627.0,18955.0
validation,3,2,2024-05-01,2024-07-01,541,seasonal,22715.0,19549.0
validation,3,3,2024-05-01,2024-08-01,541,seasonal,23169.0,19178.0
validation,3,1,2024-05-01,2024-06-01,571,seasonal,23012.0,20041.0
validation,3,2,2024-05-01,2024-07-01,571,seasonal,22820.0,20419.0
validation,3,3,2024-05-01,2024-08-01,571,seasonal,23554.0,20461.0
validation,3,1,2024-05-01,2024-06-01,581,seasonal,35125.0,31247.0
validation,3,2,2024-05-01,2024-07-01,581,seasonal,36903.0,31593.0
validation,3,3,2024-05-01,2024-08-01,581,seasonal,37031.0,32173.0
validation,3,1,2024-05-01,2024-06-01,694,seasonal,31174.0,26690.0
validation,3,2,2024-05-01,2024-07-01,694,seasonal,31085.0,28562.0
validation,3,3,2024-05-01,2024-08-01,694,seasonal,30522.0,27960.0
validation,3,1,2024-05-01,2024-06-01,811,seasonal,27240.0,22346.0
validation,3,2,2024-05-01,2024-07-01,811,seasonal,28223.0,23858.0
validation,3,3,2024-05-01,2024-08-01,811,seasonal,29342.0,24829.0
validation,3,1,2024-05-01,2024-06-01,1053,seasonal,25088.0,22314.0
validation,3,2,2024-05-01,2024-07-01,1053,seasonal,24419.0,22213.0
validation,3,3,2024-05-01,2024-08-01,1053,seasonal,24705.0,23278.0
validation,3,1,2024-05-01,2024-06-01,1110,seasonal,31312.0,26546.0
validation,3,2,2024-05-01,2024-07-01,1110,seasonal,31844.0,27125.0
validation,3,3,2024-05-01,2024-08-01,1110,seasonal,32398.0,27076.0
validation,3,1,2024-05-01,2024-06-01,1112,seasonal,27563.0,23000.0
validation,3,2,2024-05-01,2024-07-01,1112,seasonal,28238.0,24059.0
validation,3,3,2024-05-01,2024-08-01,1112,seasonal,28399.0,24114.0
validation,3,1,2024-05-01,2024-06-01,1120,seasonal,24413.0,19853.0
validation,3,2,2024-05-01,2024-07-01,1120,seasonal,24532.0,20090.0
validation,3,3,2024-05-01,2024-08-01,1120,seasonal,23802.0,20768.0
validation,3,1,2024-05-01,2024-06-01,1184,seasonal,29693.0,25678.0
validation,3,2,2024-05-01,2024-07-01,1184,seasonal,31431.0,28118.0
validation,3,3,2024-05-01,2024-08-01,1184,seasonal,32481.0,27981.0
validation,3,1,2024-05-01,2024-06-01,1238,seasonal,34167.0,27973.0
validation,3,2,2024-05-01,2024-07-01,1238,seasonal,35158.0,28979.0
validation,3,3,2024-05-01,2024-08-01,1238,seasonal,35402.0,29457.0
validation,3,1,2024-05-01,2024-06-01,1254,seasonal,26901.0,22750.0
validation,3,2,2024-05-01,2024-07-01,1254,seasonal,28204.0,23459.0
validation,3,3,2024-05-01,2024-08-01,1254,seasonal,28330.0,23732.0
validation,3,1,2024-05-01,2024-06-01,1276,seasonal,19648.0,18464.0
validation,3,2,2024-05-01,2024-07-01,1276,seasonal,19632.0,18889.0
validation,3,3,2024-05-01,2024-08-01,1276,seasonal,19803.0,17917.0
validation,3,1,2024-05-01,2024-06-01,1286,seasonal,22300.0,18782.0
validation,3,2,2024-05-01,2024-07-01,1286,seasonal,23099.0,19679.0
validation,3,3,2024-05-01,2024-08-01,1286,seasonal,21734.0,19764.0
validation,3,1,2024-05-01,2024-06-01,1289,seasonal,20800.0,18669.0
validation,3,2,2024-05-01,2024-07-01,1289,seasonal,21769.0,19069.0
validation,3,3,2024-05-01,2024-08-01,1289,seasonal,20715.0,18921.0
validation,3,1,2024-05-01,2024-06-01,1292,seasonal,21132.0,18932.0
validation,3,2,2024-05-01,2024-07-01,1292,seasonal,21859.0,19516.0
validation,3,3,2024-05-01,2024-08-01,1292,seasonal,21498.0,19642.0
validation,3,1,2024-05-01,2024-06-01,1338,seasonal,22926.0,19904.0
validation,3,2,2024-05-01,2024-07-01,1338,seasonal,22342.0,20632.0
validation,3,3,2024-05-01,2024-08-01,1338,seasonal,23310.0,20967.0
validation,3,1,2024-05-01,2024-06-01,1426,seasonal,24919.0,20663.0
validation,3,2,2024-05-01,2024-07-01,1426,seasonal,25212.0,21845.0
validation,3,3,2024-05-01,2024-08-01,1426,seasonal,25984.0,22535.0
validation,3,1,2024-05-01,2024-06-01,1443,seasonal,45920.0,38747.0
validation,3,2,2024-05-01,2024-07-01,1443,seasonal,47223.0,40538.0
validation,3,3,2024-05-01,2024-08-01,1443,seasonal,47939.0,41365.0
validation,3,1,2024-05-01,2024-06-01,1461,seasonal,46682.0,39692.0
validation,3,2,2024-05-01,2024-07-01,1461,seasonal,47573.0,41089.0
validation,3,3,2024-05-01,2024-08-01,1461,seasonal,48612.0,41877.0
validation,3,1,2024-05-01,2024-06-01,1494,seasonal,29749.0,26874.0
validation,3,2,2024-05-01,2024-07-01,1494,seasonal,30682.0,26771.0
validation,3,3,2024-05-01,2024-08-01,1494,seasonal,31586.0,25961.0
validation,3,1,2024-05-01,2024-06-01,1555,seasonal,26266.0,22422.0
validation,3,2,2024-05-01,2024-07-01,1555,seasonal,27268.0,23478.0
validation,3,3,2024-05-01,2024-08-01,1555,seasonal,27756.0,23967.0
validation,3,1,2024-05-01,2024-06-01,1573,seasonal,25010.0,21660.0
validation,3,2,2024-05-01,2024-07-01,1573,seasonal,26491.0,22650.0
validation,3,3,2024-05-01,2024-08-01,1573,seasonal,26258.0,22088.0
validation,3,1,2024-05-01,2024-06-01,1577,seasonal,30905.0,26520.0
validation,3,2,2024-05-01,2024-07-01,1577,seasonal,31657.0,27631.0
validation,3,3,2024-05-01,2024-08-01,1577,seasonal,32053.0,27956.0
validation,3,1,2024-05-01,2024-06-01,1746,seasonal,18994.0,16648.0
validation,3,2,2024-05-01,2024-07-01,1746,seasonal,18405.0,17216.0
validation,3,3,2024-05-01,2024-08-01,1746,seasonal,20102.0,17716.0
validation,3,1,2024-05-01,2024-06-01,1770,seasonal,27165.0,22838.0
validation,3,2,2024-05-01,2024-07-01,1770,seasonal,27155.0,24092.0
validation,3,3,2024-05-01,2024-08-01,1770,seasonal,27847.0,24402.0
validation,3,1,2024-05-01,2024-06-01,1909,seasonal,22169.0,18896.0
validation,3,2,2024-05-01,2024-07-01,1909,seasonal,22946.0,19810.0
validation,3,3,2024-05-01,2024-08-01,1909,seasonal,21618.0,19567.0
validation,3,1,2024-05-01,2024-06-01,1923,seasonal,19628.0,17795.0
validation,3,2,2024-05-01,2024-07-01,1923,seasonal,17721.0,17642.0
validation,3,3,2024-05-01,2024-08-01,1923,seasonal,19528.0,17637.0
validation,3,1,2024-05-01,2024-06-01,1930,seasonal,23584.0,19383.0
validation,3,2,2024-05-01,2024-07-01,1930,seasonal,23866.0,20415.0
validation,3,3,2024-05-01,2024-08-01,1930,seasonal,24490.0,19991.0
validation,3,1,2024-05-01,2024-06-01,1956,seasonal,32622.0,34993.0
validation,3,2,2024-05-01,2024-07-01,1956,seasonal,31096.0,35922.0
validation,3,3,2024-05-01,2024-08-01,1956,seasonal,32917.0,35448.0
validation,3,1,2024-05-01,2024-06-01,1970,seasonal,61009.0,51977.0
validation,3,2,2024-05-01,2024-07-01,1970,seasonal,65354.0,58689.0
validation,3,3,2024-05-01,2024-08-01,1970,seasonal,63316.0,58536.0
validation,3,1,2024-05-01,2024-06-01,2006,seasonal,35610.0,28862.0
validation,3,2,2024-05-01,2024-07-01,2006,seasonal,35747.0,29836.0
validation,3,3,2024-05-01,2024-08-01,2006,seasonal,36529.0,30605.0
validation,3,1,2024-05-01,2024-06-01,2061,seasonal,22001.0,19675.0
validation,3,2,2024-05-01,2024-07-01,2061,seasonal,22442.0,20738.0
validation,3,3,2024-05-01,2024-08-01,2061,seasonal,22520.0,20709.0
validation,3,1,2024-05-01,2024-06-01,2062,seasonal,28080.0,24238.0
validation,3,2,2024-05-01,2024-07-01,2062,seasonal,29163.0,24933.0
validation,3,3,2024-05-01,2024-08-01,2062,seasonal,29024.0,24770.0
validation,3,1,2024-05-01,2024-06-01,2066,seasonal,25364.0,20483.0
validation,3,2,2024-05-01,2024-07-01,2066,seasonal,26625.0,22573.0
validation,3,3,2024-05-01,2024-08-01,2066,seasonal,26061.0,21597.0
validation,3,1,2024-05-01,2024-06-01,2078,seasonal,18134.0,15545.0
validation,3,2,2024-05-01,2024-07-01,2078,seasonal,19996.0,16027.0
validation,3,3,2024-05-01,2024-08-01,2078,seasonal,19420.0,15677.0
validation,3,1,2024-05-01,2024-06-01,2079,seasonal,21503.0,18315.0
validation,3,2,2024-05-01,2024-07-01,2079,seasonal,22081.0,19469.0
validation,3,3,2024-05-01,2024-08-01,2079,seasonal,23091.0,18638.0
validation,3,1,2024-05-01,2024-06-01,2093,seasonal,21026.0,17888.0
validation,3,2,2024-05-01,2024-07-01,2093,seasonal,21927.0,18629.0
validation,3,3,2024-05-01,2024-08-01,2093,seasonal,22334.0,19651.0
validation,3,1,2024-05-01,2024-06-01,2125,seasonal,23270.0,18561.0
validation,3,2,2024-05-01,2024-07-01,2125,seasonal,24752.0,19893.0
validation,3,3,2024-05-01,2024-08-01,2125,seasonal,24243.0,20271.0
validation,3,1,2024-05-01,2024-06-01,2127,seasonal,24707.0,18975.0
validation,3,2,2024-05-01,2024-07-01,2127,seasonal,25547.0,18963.0
validation,3,3,2024-05-01,2024-08-01,2127,seasonal,25426.0,20950.0
validation,3,1,2024-05-01,2024-06-01,2139,seasonal,24417.0,20439.0
validation,3,2,2024-05-01,2024-07-01,2139,seasonal,24975.0,21352.0
validation,3,3,2024-05-01,2024-08-01,2139,seasonal,24565.0,21058.0
validation,3,1,2024-05-01,2024-06-01,2217,seasonal,47893.0,40112.0
validation,3,2,2024-05-01,2024-07-01,2217,seasonal,49368.0,43069.0
validation,3,3,2024-05-01,2024-08-01,2217,seasonal,49128.0,41875.0
validation,3,1,2024-05-01,2024-06-01,2235,seasonal,37627.0,32207.0
validation,3,2,2024-05-01,2024-07-01,2235,seasonal,37565.0,34305.0
validation,3,3,2024-05-01,2024-08-01,2235,seasonal,37501.0,33429.0
validation,3,1,2024-05-01,2024-06-01,2245,seasonal,49992.0,41895.0
validation,3,2,2024-05-01,2024-07-01,2245,seasonal,52523.0,45511.0
validation,3,3,2024-05-01,2024-08-01,2245,seasonal,51739.0,44366.0
validation,3,1,2024-05-01,2024-06-01,2278,seasonal,26523.0,21857.0
validation,3,2,2024-05-01,2024-07-01,2278,seasonal,26621.0,23228.0
validation,3,3,2024-05-01,2024-08-01,2278,seasonal,28767.0,23061.0
validation,3,1,2024-05-01,2024-06-01,2310,seasonal,26529.0,22778.0
validation,3,2,2024-05-01,2024-07-01,2310,seasonal,26912.0,23773.0
validation,3,3,2024-05-01,2024-08-01,2310,seasonal,28432.0,24356.0
validation,3,1,2024-05-01,2024-06-01,2373,seasonal,53195.0,44048.0
validation,3,2,2024-05-01,2024-07-01,2373,seasonal,53847.0,44885.0
validation,3,3,2024-05-01,2024-08-01,2373,seasonal,54787.0,46149.0
validation,3,1,2024-05-01,2024-06-01,2395,seasonal,38695.0,32877.0
validation,3,2,2024-05-01,2024-07-01,2395,seasonal,38546.0,32769.0
validation,3,3,2024-05-01,2024-08-01,2395,seasonal,39804.0,35042.0
validation,3,1,2024-05-01,2024-06-01,2453,seasonal,44292.0,38100.0
validation,3,2,2024-05-01,2024-07-01,2453,seasonal,44684.0,39164.0
validation,3,3,2024-05-01,2024-08-01,2453,seasonal,45161.0,39942.0
validation,3,1,2024-05-01,2024-06-01,2478,seasonal,46919.0,40942.0
validation,3,2,2024-05-01,2024-07-01,2478,seasonal,47512.0,42032.0
validation,3,3,2024-05-01,2024-08-01,2478,seasonal,48040.0,42522.0
validation,3,1,2024-05-01,2024-06-01,2538,seasonal,54677.0,45284.0
validation,3,2,2024-05-01,2024-07-01,2538,seasonal,55583.0,47175.0
validation,3,3,2024-05-01,2024-08-01,2538,seasonal,56235.0,48323.0
validation,3,1,2024-05-01,2024-06-01,2562,seasonal,51437.0,42367.0
validation,3,2,2024-05-01,2024-07-01,2562,seasonal,53037.0,43965.0
validation,3,3,2024-05-01,2024-08-01,2562,seasonal,53434.0,44413.0
validation,3,1,2024-05-01,2024-06-01,2573,seasonal,55950.0,47080.0
validation,3,2,2024-05-01,2024-07-01,2573,seasonal,57826.0,48937.0
validation,3,3,2024-05-01,2024-08-01,2573,seasonal,58310.0,49894.0
validation,3,1,2024-05-01,2024-06-01,188,seasonal_scaled,21647.0,21191.49055755396
validation,3,2,2024-05-01,2024-07-01,188,seasonal_scaled,23309.0,22370.5106227518
validation,3,3,2024-05-01,2024-08-01,188,seasonal_scaled,25902.0,24231.0589028777
validation,3,1,2024-05-01,2024-06-01,235,seasonal_scaled,23926.0,24632.8811744068
validation,3,2,2024-05-01,2024-07-01,235,seasonal_scaled,25712.0,24774.92512233404
validation,3,3,2024-05-01,2024-08-01,235,seasonal_scaled,26241.0,24402.479180131104
validation,3,1,2024-05-01,2024-06-01,269,seasonal_scaled,29697.0,28894.828260869566
validation,3,2,2024-05-01,2024-07-01,269,seasonal_scaled,30619.0,30268.90458937198
validation,3,3,2024-05-01,2024-08-01,269,seasonal_scaled,31042.0,31385.044444444447
validation,3,1,2024-05-01,2024-06-01,305,seasonal_scaled,20687.0,20030.40882237101
validation,3,2,2024-05-01,2024-07-01,305,seasonal_scaled,21329.0,21447.350925561244
validation,3,3,2024-05-01,2024-08-01,305,seasonal_scaled,21503.0,20937.84982839138
validation,3,1,2024-05-01,2024-06-01,312,seasonal_scaled,48627.0,48136.59288838182
validation,3,2,2024-05-01,2024-07-01,312,seasonal_scaled,50055.0,50539.127971097165
validation,3,3,2024-05-01,2024-08-01,312,seasonal_scaled,50515.0,51794.83361855866
validation,3,1,2024-05-01,2024-06-01,322,seasonal_scaled,51459.0,45747.03265393234
validation,3,2,2024-05-01,2024-07-01,322,seasonal_scaled,57728.0,58417.0114715612
validation,3,1,2024-05-01,2024-06-01,324,seasonal_scaled,37055.0,36406.10779122541
validation,3,2,2024-05-01,2024-07-01,324,seasonal_scaled,38431.0,36975.22881996974
validation,3,3,2024-05-01,2024-08-01,324,seasonal_scaled,37755.0,38681.41603630862
validation,3,1,2024-05-01,2024-06-01,397,seasonal_scaled,27061.0,25946.86713222457
validation,3,2,2024-05-01,2024-07-01,397,seasonal_scaled,27450.0,27892.3387393182
validation,3,3,2024-05-01,2024-08-01,397,seasonal_scaled,27899.0,28407.991362675733
validation,3,1,2024-05-01,2024-06-01,486,seasonal_scaled,20063.0,19684.25124280847
validation,3,2,2024-05-01,2024-07-01,486,seasonal_scaled,20250.0,19953.352399039268
validation,3,3,2024-05-01,2024-08-01,486,seasonal_scaled,20625.0,20075.16773725074
validation,3,1,2024-05-01,2024-06-01,506,seasonal_scaled,32755.0,34918.11995068533
validation,3,2,2024-05-01,2024-07-01,506,seasonal_scaled,33831.0,36218.187069403146
validation,3,3,2024-05-01,2024-08-01,506,seasonal_scaled,34705.0,37173.38679382116
validation,3,1,2024-05-01,2024-06-01,541,seasonal_scaled,22627.0,21929.62855404359
validation,3,2,2024-05-01,2024-07-01,541,seasonal_scaled,22715.0,22616.845613452813
validation,3,3,2024-05-01,2024-08-01,541,seasonal_scaled,23169.0,22187.62418409116
validation,3,1,2024-05-01,2024-06-01,571,seasonal_scaled,23012.0,22793.71241659716
validation,3,2,2024-05-01,2024-07-01,571,seasonal_scaled,22820.0,23223.63224562135
validation,3,3,2024-05-01,2024-08-01,571,seasonal_scaled,23554.0,23271.401115512926
validation,3,1,2024-05-01,2024-06-01,581,seasonal_scaled,35125.0,36486.20794693021
validation,3,2,2024-05-01,2024-07-01,581,seasonal_scaled,36903.0,36890.22202667028
validation,3,3,2024-05-01,2024-08-01,581,seasonal_scaled,37031.0,37567.4710620727
validation,3,1,2024-05-01,2024-06-01,694,seasonal_scaled,31174.0,31900.710551713044
validation,3,2,2024-05-01,2024-07-01,694,seasonal_scaled,31085.0,34138.182644362234
validation,3,3,2024-05-01,2024-08-01,694,seasonal_scaled,30522.0,33418.65369149107
validation,3,1,2024-05-01,2024-06-01,811,seasonal_scaled,27240.0,27301.07329214632
validation,3,2,2024-05-01,2024-07-01,811,seasonal_scaled,28223.0,29148.34899328859
validation,3,3,2024-05-01,2024-08-01,811,seasonal_scaled,29342.0,30334.66162940575
validation,3,1,2024-05-01,2024-06-01,1053,seasonal_scaled,25088.0,25339.627118644068
validation,3,2,2024-05-01,2024-07-01,1053,seasonal_scaled,24419.0,25224.93220338983
validation,3,3,2024-05-01,2024-08-01,1053,seasonal_scaled,24705.0,26434.33898305085
validation,3,1,2024-05-01,2024-06-01,1110,seasonal_scaled,31312.0,31880.196040597384
validation,3,2,2024-05-01,2024-07-01,1110,seasonal_scaled,31844.0,32575.54123412959
validation,3,3,2024-05-01,2024-08-01,1110,seasonal_scaled,32398.0,32516.695095126
validation,3,1,2024-05-01,2024-06-01,1112,seasonal_scaled,27563.0,27488.73559203633
validation,3,2,2024-05-01,2024-07-01,1112,seasonal_scaled,28238.0,28754.412591687043
validation,3,3,2024-05-01,2024-08-01,1112,seasonal_scaled,28399.0,28820.14652462452
validation,3,1,2024-05-01,2024-06-01,1120,seasonal_scaled,24413.0,22351.292630597018
validation,3,2,2024-05-01,2024-07-01,1120,seasonal_scaled,24532.0,22618.11660447761
validation,3,3,2024-05-01,2024-08-01,1120,seasonal_scaled,23802.0,23381.435820895524
validation,3,1,2024-05-01,2024-06-01,1184,seasonal_scaled,29693.0,28660.65039438057
validation,3,2,2024-05-01,2024-07-01,1184,seasonal_scaled,31431.0,31384.070713809208
validation,3,3,2024-05-01,2024-08-01,1184,seasonal_scaled,32481.0,31231.1573598085
validation,3,1,2024-05-01,2024-06-01,1238,seasonal_scaled,34167.0,33868.71519715123
validation,3,2,2024-05-01,2024-07-01,1238,seasonal_scaled,35158.0,35086.744278348604
validation,3,3,2024-05-01,2024-08-01,1238,seasonal_scaled,35402.0,35665.48970659149
validation,3,1,2024-05-01,2024-06-01,1254,seasonal_scaled,26901.0,26591.098971722364
validation,3,2,2024-05-01,2024-07-01,1254,seasonal_scaled,28204.0,27419.80618802791
validation,3,3,2024-05-01,2024-08-01,1254,seasonal_scaled,28330.0,27738.89937568858
validation,3,1,2024-05-01,2024-06-01,1276,seasonal_scaled,19648.0,19540.47528825853
validation,3,2,2024-05-01,2024-07-01,1276,seasonal_scaled,19632.0,19990.2533427164
validation,3,3,2024-05-01,2024-08-01,1276,seasonal_scaled,19803.0,18961.58447463866
validation,3,1,2024-05-01,2024-06-01,1286,seasonal_scaled,22300.0,22262.761083483227
validation,3,2,2024-05-01,2024-07-01,1286,seasonal_scaled,23099.0,23325.99698444609
validation,3,3,2024-05-01,2024-08-01,1286,seasonal_scaled,21734.0,23426.74955031213
validation,3,1,2024-05-01,2024-06-01,1289,seasonal_scaled,20800.0,20387.29615765716
validation,3,2,2024-05-01,2024-07-01,1289,seasonal_scaled,21769.0,20824.112187603216
validation,3,3,2024-05-01,2024-08-01,1289,seasonal_scaled,20715.0,20662.49025652317
validation,3,1,2024-05-01,2024-06-01,1292,seasonal_scaled,21132.0,21450.714661230624
validation,3,2,2024-05-01,2024-07-01,1292,seasonal_scaled,21859.0,22112.41006383778
validation,3,3,2024-05-01,2024-08-01,1292,seasonal_scaled,21498.0,22255.17311303041
validation,3,1,2024-05-01,2024-06-01,1338,seasonal_scaled,22926.0,22354.461664784976
validation,3,2,2024-05-01,2024-07-01,1338,seasonal_scaled,22342.0,23172.088679051627
validation,3,3,2024-05-01,2024-08-01,1338,seasonal_scaled,23310.0,23548.33187929796
validation,3,1,2024-05-01,2024-06-01,1426,seasonal_scaled,24919.0,24382.39825212611
validation,3,2,2024-05-01,2024-07-01,1426,seasonal_scaled,25212.0,25777.161584363104
validation,3,3,2024-05-01,2024-08-01,1426,seasonal_scaled,25984.0,26591.3635295776
validation,3,1,2024-05-01,2024-06-01,1443,seasonal_scaled,45920.0,46080.97154503006
validation,3,2,2024-05-01,2024-07-01,1443,seasonal_scaled,47223.0,48210.96922322834
validation,3,3,2024-05-01,2024-08-01,1443,seasonal_scaled,47939.0,49194.5024894874
validation,3,1,2024-05-01,2024-06-01,1461,seasonal_scaled,46682.0,47177.71318815376
validation,3,2,2024-05-01,2024-07-01,1461,seasonal_scaled,47573.0,48838.18041892698
validation,3,3,2024-05-01,2024-08-01,1461,seasonal_scaled,48612.0,49774.79328782412
validation,3,1,2024-05-01,2024-06-01,1494,seasonal_scaled,29749.0,29662.949590962213
validation,3,2,2024-05-01,2024-07-01,1494,seasonal_scaled,30682.0,29549.2603817686
validation,3,3,2024-05-01,2024-08-01,1494,seasonal_scaled,31586.0,28655.1996104402
validation,3,1,2024-05-01,2024-06-01,1555,seasonal_scaled,26266.0,25713.789403204926
validation,3,2,2024-05-01,2024-07-01,1555,seasonal_scaled,27268.0,26924.82149712092
validation,3,3,2024-05-01,2024-08-01,1555,seasonal_scaled,27756.0,27485.611926974063
validation,3,1,2024-05-01,2024-06-01,1573,seasonal_scaled,25010.0,24652.91805202425
validation,3,2,2024-05-01,2024-07-01,1573,seasonal_scaled,26491.0,25779.71347545472
validation,3,3,2024-05-01,2024-08-01,1573,seasonal_scaled,26258.0,25140.05789164874
validation,3,1,2024-05-01,2024-06-01,1577,seasonal_scaled,30905.0,30943.53236670853
validation,3,2,2024-05-01,2024-07-01,1577,seasonal_scaled,31657.0,32239.847014499373
validation,3,3,2024-05-01,2024-08-01,1577,seasonal_scaled,32053.0,32619.056969973743
validation,3,1,2024-05-01,2024-06-01,1746,seasonal_scaled,18994.0,18000.033461136285
validation,3,2,2024-05-01,2024-07-01,1746,seasonal_scaled,18405.0,18614.16242593238
validation,3,3,2024-05-01,2024-08-01,1746,seasonal_scaled,20102.0,19154.76890902753
validation,3,1,2024-05-01,2024-06-01,1770,seasonal_scaled,27165.0,26495.58402527076
validation,3,2,2024-05-01,2024-07-01,1770,seasonal_scaled,27155.0,27950.416425992786
validation,3,3,2024-05-01,2024-08-01,1770,seasonal_scaled,27847.0,28310.06398916968
validation,3,1,2024-05-01,2024-06-01,1909,seasonal_scaled,22169.0,21013.978481144888
validation,3,2,2024-05-01,2024-07-01,1909,seasonal_scaled,22946.0,22030.42515407918
validation,3,3,2024-05-01,2024-08-01,1909,seasonal_scaled,21618.0,21760.18823775201
validation,3,1,2024-05-01,2024-06-01,1923,seasonal_scaled,19628.0,18527.879195784168
validation,3,2,2024-05-01,2024-07-01,1923,seasonal_scaled,17721.0,18368.57795852904
validation,3,3,2024-05-01,2024-08-01,1923,seasonal_scaled,19528.0,18363.372035742927
validation,3,1,2024-05-01,2024-06-01,1930,seasonal_scaled,23584.0,22853.296916163024
validation,3,2,2024-05-01,2024-07-01,1930,seasonal_scaled,23866.0,24070.064311173097
validation,3,3,2024-05-01,2024-08-01,1930,seasonal_scaled,24490.0,23570.15212562632
validation,3,1,2024-05-01,2024-06-01,1956,seasonal_scaled,32622.0,31982.36012369228
validation,3,2,2024-05-01,2024-07-01,1956,seasonal_scaled,31096.0,32831.43315415294
validation,3,3,2024-05-01,2024-08-01,1956,seasonal_scaled,32917.0,32398.21397607075
validation,3,1,2024-05-01,2024-06-01,1970,seasonal_scaled,61009.0,60076.38783889468
validation,3,2,2024-05-01,2024-07-01,1970,seasonal_scaled,65354.0,67834.29451251304
validation,3,3,2024-05-01,2024-08-01,1970,seasonal_scaled,63316.0,67657.45307612096
validation,3,1,2024-05-01,2024-06-01,2006,seasonal_scaled,35610.0,34784.29180650192
validation,3,2,2024-05-01,2024-07-01,2006,seasonal_scaled,35747.0,35958.15017458219
validation,3,3,2024-05-01,2024-08-01,2006,seasonal_scaled,36529.0,36884.94389640327
validation,3,1,2024-05-01,2024-06-01,2061,seasonal_scaled,22001.0,22952.42705570292
validation,3,2,2024-05-01,2024-07-01,2061,seasonal_scaled,22442.0,24192.49973474801
validation,3,3,2024-05-01,2024-08-01,2061,seasonal_scaled,22520.0,24158.66896551724
validation,3,1,2024-05-01,2024-06-01,2062,seasonal_scaled,28080.0,29083.326654160985
validation,3,2,2024-05-01,2024-07-01,2062,seasonal_scaled,29163.0,29917.26146828104
validation,3,3,2024-05-01,2024-08-01,2062,seasonal_scaled,29024.0,29721.67675648022
validation,3,1,2024-05-01,2024-06-01,2066,seasonal_scaled,25364.0,24360.918832785577
validation,3,2,2024-05-01,2024-07-01,2066,seasonal_scaled,26625.0,26846.605517378743
validation,3,3,2024-05-01,2024-08-01,2066,seasonal_scaled,26061.0,25685.82551538692
validation,3,1,2024-05-01,2024-06-01,2078,seasonal_scaled,18134.0,18034.08473906168
validation,3,2,2024-05-01,2024-07-01,2078,seasonal_scaled,19996.0,18593.26317870321
validation,3,3,2024-05-01,2024-08-01,2078,seasonal_scaled,19420.0,18187.220743278864
validation,3,1,2024-05-01,2024-06-01,2079,seasonal_scaled,21503.0,21580.48763082778
validation,3,2,2024-05-01,2024-07-01,2079,seasonal_scaled,22081.0,22940.240987419387
validation,3,3,2024-05-01,2024-08-01,2079,seasonal_scaled,23091.0,21961.07717517708
validation,3,1,2024-05-01,2024-06-01,2093,seasonal_scaled,21026.0,21929.132521739128
validation,3,2,2024-05-01,2024-07-01,2093,seasonal_scaled,21927.0,22837.53408695652
validation,3,3,2024-05-01,2024-08-01,2093,seasonal_scaled,22334.0,24090.417217391303
validation,3,1,2024-05-01,2024-06-01,2125,seasonal_scaled,23270.0,21743.77015212008
validation,3,2,2024-05-01,2024-07-01,2125,seasonal_scaled,24752.0,23304.176479506747
validation,3,3,2024-05-01,2024-08-01,2125,seasonal_scaled,24243.0,23746.99449133269
validation,3,1,2024-05-01,2024-06-01,2127,seasonal_scaled,24707.0,23360.40142302064
validation,3,2,2024-05-01,2024-07-01,2127,seasonal_scaled,25547.0,23345.62804662664
validation,3,3,2024-05-01,2024-08-01,2127,seasonal_scaled,25426.0,25791.852954533988
validation,3,1,2024-05-01,2024-06-01,2139,seasonal_scaled,24417.0,24248.832045465875
validation,3,2,2024-05-01,2024-07-01,2139,seasonal_scaled,24975.0,25332.015354703624
validation,3,3,2024-05-01,2024-08-01,2139,seasonal_scaled,24565.0,24983.2137195274
validation,3,1,2024-05-01,2024-06-01,2217,seasonal_scaled,47893.0,47425.71739424612
validation,3,2,2024-05-01,2024-07-01,2217,seasonal_scaled,49368.0,50921.87431324257
validation,3,3,2024-05-01,2024-08-01,2217,seasonal_scaled,49128.0,49510.1694227178
validation,3,1,2024-05-01,2024-06-01,2235,seasonal_scaled,37627.0,36566.406067569245
validation,3,2,2024-05-01,2024-07-01,2235,seasonal_scaled,37565.0,38948.382654328656
validation,3,3,2024-05-01,2024-08-01,2235,seasonal_scaled,37501.0,37953.8109241088
validation,3,1,2024-05-01,2024-06-01,2245,seasonal_scaled,49992.0,47949.4581298918
validation,3,2,2024-05-01,2024-07-01,2245,seasonal_scaled,52523.0,52088.024560198246
validation,3,3,2024-05-01,2024-08-01,2245,seasonal_scaled,51739.0,50777.554824938044
validation,3,1,2024-05-01,2024-06-01,2278,seasonal_scaled,26523.0,25339.588479052825
validation,3,2,2024-05-01,2024-07-01,2278,seasonal_scaled,26621.0,26929.036976320585
validation,3,3,2024-05-01,2024-08-01,2278,seasonal_scaled,28767.0,26735.42800546448
validation,3,1,2024-05-01,2024-06-01,2310,seasonal_scaled,26529.0,25758.179764624736
validation,3,2,2024-05-01,2024-07-01,2310,seasonal_scaled,26912.0,26883.36146915549
validation,3,3,2024-05-01,2024-08-01,2310,seasonal_scaled,28432.0,27542.63878949864
validation,3,1,2024-05-01,2024-06-01,2373,seasonal_scaled,53195.0,53406.10792792373
validation,3,2,2024-05-01,2024-07-01,2373,seasonal_scaled,53847.0,54420.93067437469
validation,3,3,2024-05-01,2024-08-01,2373,seasonal_scaled,54787.0,55953.47064034127
validation,3,1,2024-05-01,2024-06-01,2395,seasonal_scaled,38695.0,38612.33112286047
validation,3,2,2024-05-01,2024-07-01,2395,seasonal_scaled,38546.0,38485.49072497535
validation,3,3,2024-05-01,2024-08-01,2395,seasonal_scaled,39804.0,41155.0113212056
validation,3,1,2024-05-01,2024-06-01,2453,seasonal_scaled,44292.0,44787.52400726706
validation,3,2,2024-05-01,2024-07-01,2453,seasonal_scaled,44684.0,46038.28320788995
validation,3,3,2024-05-01,2024-08-01,2453,seasonal_scaled,45161.0,46952.842097067216
validation,3,1,2024-05-01,2024-06-01,2478,seasonal_scaled,46919.0,46644.19486726965
validation,3,2,2024-05-01,2024-07-01,2478,seasonal_scaled,47512.0,47886.00455915876
validation,3,3,2024-05-01,2024-08-01,2478,seasonal_scaled,48040.0,48444.24928303552
validation,3,1,2024-05-01,2024-06-01,2538,seasonal_scaled,54677.0,54513.560005424224
validation,3,2,2024-05-01,2024-07-01,2538,seasonal_scaled,55583.0,56789.974234959096
validation,3,3,2024-05-01,2024-08-01,2538,seasonal_scaled,56235.0,58171.953894137325
validation,3,1,2024-05-01,2024-06-01,2562,seasonal_scaled,51437.0,50789.93305539011
validation,3,2,2024-05-01,2024-07-01,2562,seasonal_scaled,53037.0,52705.62954139368
validation,3,3,2024-05-01,2024-08-01,2562,seasonal_scaled,53434.0,53242.69589041096
validation,3,1,2024-05-01,2024-06-01,2573,seasonal_scaled,55950.0,56798.179924489
validation,3,2,2024-05-01,2024-07-01,2573,seasonal_scaled,57826.0,59038.49895846895
validation,3,3,2024-05-01,2024-08-01,2573,seasonal_scaled,58310.0,60193.04140085926
validation,3,1,2024-05-01,2024-06-01,188,ridge,21647.0,21406.35823029532
validation,3,2,2024-05-01,2024-07-01,188,ridge,23309.0,20203.099961489548
validation,3,3,2024-05-01,2024-08-01,188,ridge,25902.0,19135.495057203192
validation,3,1,2024-05-01,2024-06-01,235,ridge,23926.0,24350.64040461835
validation,3,2,2024-05-01,2024-07-01,235,ridge,25712.0,22594.41724142165
validation,3,3,2024-05-01,2024-08-01,235,ridge,26241.0,20606.107133807585
validation,3,1,2024-05-01,2024-06-01,269,ridge,29697.0,29291.452555392592
validation,3,2,2024-05-01,2024-07-01,269,ridge,30619.0,27529.516852347875
validation,3,3,2024-05-01,2024-08-01,269,ridge,31042.0,25604.82698453277
validation,3,1,2024-05-01,2024-06-01,305,ridge,20687.0,20316.1802754224
validation,3,2,2024-05-01,2024-07-01,305,ridge,21329.0,19245.61736255169
validation,3,3,2024-05-01,2024-08-01,305,ridge,21503.0,17535.276359836498
validation,3,1,2024-05-01,2024-06-01,312,ridge,48627.0,44557.92259301315
validation,3,2,2024-05-01,2024-07-01,312,ridge,50055.0,41984.19761908639
validation,3,3,2024-05-01,2024-08-01,312,ridge,50515.0,38950.4193435413
validation,3,1,2024-05-01,2024-06-01,322,ridge,51459.0,42093.887308465884
validation,3,2,2024-05-01,2024-07-01,322,ridge,57728.0,42872.68706441573
validation,3,1,2024-05-01,2024-06-01,324,ridge,37055.0,33004.60781939885
validation,3,2,2024-05-01,2024-07-01,324,ridge,38431.0,30895.86803815381
validation,3,3,2024-05-01,2024-08-01,324,ridge,37755.0,29029.02729952973
validation,3,1,2024-05-01,2024-06-01,397,ridge,27061.0,25918.46189385594
validation,3,2,2024-05-01,2024-07-01,397,ridge,27450.0,24551.08566183788
validation,3,3,2024-05-01,2024-08-01,397,ridge,27899.0,22696.30081477138
validation,3,1,2024-05-01,2024-06-01,486,ridge,20063.0,20206.816533115634
validation,3,2,2024-05-01,2024-07-01,486,ridge,20250.0,18839.38633050039
validation,3,3,2024-05-01,2024-08-01,486,ridge,20625.0,17367.064475003153
validation,3,1,2024-05-01,2024-06-01,506,ridge,32755.0,32832.423327941295
validation,3,2,2024-05-01,2024-07-01,506,ridge,33831.0,30818.97218416952
validation,3,3,2024-05-01,2024-08-01,506,ridge,34705.0,28607.804314624733
validation,3,1,2024-05-01,2024-06-01,541,ridge,22627.0,20858.397873212434
validation,3,2,2024-05-01,2024-07-01,541,ridge,22715.0,19532.58182211684
validation,3,3,2024-05-01,2024-08-01,541,ridge,23169.0,17811.021328018793
validation,3,1,2024-05-01,2024-06-01,571,ridge,23012.0,21653.28866620221
validation,3,2,2024-05-01,2024-07-01,571,ridge,22820.0,20186.62231141128
validation,3,3,2024-05-01,2024-08-01,571,ridge,23554.0,18538.96623358203
validation,3,1,2024-05-01,2024-06-01,581,ridge,35125.0,34469.05657042234
validation,3,2,2024-05-01,2024-07-01,581,ridge,36903.0,32062.969810340048
validation,3,3,2024-05-01,2024-08-01,581,ridge,37031.0,29635.2559029238
validation,3,1,2024-05-01,2024-06-01,694,ridge,31174.0,30717.122678449945
validation,3,2,2024-05-01,2024-07-01,694,ridge,31085.0,29152.92146208636
validation,3,3,2024-05-01,2024-08-01,694,ridge,30522.0,26643.71585191154
validation,3,1,2024-05-01,2024-06-01,811,ridge,27240.0,26512.624941985832
validation,3,2,2024-05-01,2024-07-01,811,ridge,28223.0,25119.297654435886
validation,3,3,2024-05-01,2024-08-01,811,ridge,29342.0,23461.178268974647
validation,3,1,2024-05-01,2024-06-01,1053,ridge,25088.0,25652.72734052905
validation,3,2,2024-05-01,2024-07-01,1053,ridge,24419.0,23714.681630749084
validation,3,3,2024-05-01,2024-08-01,1053,ridge,24705.0,22102.465116736
validation,3,1,2024-05-01,2024-06-01,1110,ridge,31312.0,30611.790901477125
validation,3,2,2024-05-01,2024-07-01,1110,ridge,31844.0,28533.69571653353
validation,3,3,2024-05-01,2024-08-01,1110,ridge,32398.0,26146.02976922503
validation,3,1,2024-05-01,2024-06-01,1112,ridge,27563.0,27086.54787277665
validation,3,2,2024-05-01,2024-07-01,1112,ridge,28238.0,25448.62483057264
validation,3,3,2024-05-01,2024-08-01,1112,ridge,28399.0,23382.2819039595
validation,3,1,2024-05-01,2024-06-01,1120,ridge,24413.0,23830.12472396958
validation,3,2,2024-05-01,2024-07-01,1120,ridge,24532.0,22144.94489042788
validation,3,3,2024-05-01,2024-08-01,1120,ridge,23802.0,20540.487868345444
validation,3,1,2024-05-01,2024-06-01,1184,ridge,29693.0,29377.41403782257
validation,3,2,2024-05-01,2024-07-01,1184,ridge,31431.0,28138.63331748664
validation,3,3,2024-05-01,2024-08-01,1184,ridge,32481.0,25924.480691204422
validation,3,1,2024-05-01,2024-06-01,1238,ridge,34167.0,32438.94449274461
validation,3,2,2024-05-01,2024-07-01,1238,ridge,35158.0,30397.11002864875
validation,3,3,2024-05-01,2024-08-01,1238,ridge,35402.0,28075.754356000594
validation,3,1,2024-05-01,2024-06-01,1254,ridge,26901.0,25235.682651309653
validation,3,2,2024-05-01,2024-07-01,1254,ridge,28204.0,23616.741826395795
validation,3,3,2024-05-01,2024-08-01,1254,ridge,28330.0,21771.416508460195
validation,3,1,2024-05-01,2024-06-01,1276,ridge,19648.0,20242.29541603065
validation,3,2,2024-05-01,2024-07-01,1276,ridge,19632.0,18900.37178300114
validation,3,3,2024-05-01,2024-08-01,1276,ridge,19803.0,17015.081814233195
validation,3,1,2024-05-01,2024-06-01,1286,ridge,22300.0,22191.91720987865
validation,3,2,2024-05-01,2024-07-01,1286,ridge,23099.0,20826.11280215648
validation,3,3,2024-05-01,2024-08-01,1286,ridge,21734.0,19111.580206514544
validation,3,1,2024-05-01,2024-06-01,1289,ridge,20800.0,20493.944950654088
validation,3,2,2024-05-01,2024-07-01,1289,ridge,21769.0,19144.843159513
validation,3,3,2024-05-01,2024-08-01,1289,ridge,20715.0,17545.927992924273
validation,3,1,2024-05-01,2024-06-01,1292,ridge,21132.0,21581.69699978824
validation,3,2,2024-05-01,2024-07-01,1292,ridge,21859.0,20208.93810985178
validation,3,3,2024-05-01,2024-08-01,1292,ridge,21498.0,18613.93611461488
validation,3,1,2024-05-01,2024-06-01,1338,ridge,22926.0,22605.637993186458
validation,3,2,2024-05-01,2024-07-01,1338,ridge,22342.0,21215.16059764206
validation,3,3,2024-05-01,2024-08-01,1338,ridge,23310.0,19622.17036228621
validation,3,1,2024-05-01,2024-06-01,1426,ridge,24919.0,25035.66263862914
validation,3,2,2024-05-01,2024-07-01,1426,ridge,25212.0,23605.711290291107
validation,3,3,2024-05-01,2024-08-01,1426,ridge,25984.0,21931.050737894213
validation,3,1,2024-05-01,2024-06-01,1443,ridge,45920.0,45575.03624816752
validation,3,2,2024-05-01,2024-07-01,1443,ridge,47223.0,42850.51650742044
validation,3,3,2024-05-01,2024-08-01,1443,ridge,47939.0,39657.02774925955
validation,3,1,2024-05-01,2024-06-01,1461,ridge,46682.0,46166.67938384143
validation,3,2,2024-05-01,2024-07-01,1461,ridge,47573.0,43271.54848062776
validation,3,3,2024-05-01,2024-08-01,1461,ridge,48612.0,40028.77300631676
validation,3,1,2024-05-01,2024-06-01,1494,ridge,29749.0,29647.498618975813
validation,3,2,2024-05-01,2024-07-01,1494,ridge,30682.0,27448.065707677983
validation,3,3,2024-05-01,2024-08-01,1494,ridge,31586.0,24916.39684362497
validation,3,1,2024-05-01,2024-06-01,1555,ridge,26266.0,25820.58479410252
validation,3,2,2024-05-01,2024-07-01,1555,ridge,27268.0,24304.76153301052
validation,3,3,2024-05-01,2024-08-01,1555,ridge,27756.0,22516.584507013456
validation,3,1,2024-05-01,2024-06-01,1573,ridge,25010.0,23790.570528214303
validation,3,2,2024-05-01,2024-07-01,1573,ridge,26491.0,22428.65706973732
validation,3,3,2024-05-01,2024-08-01,1573,ridge,26258.0,20461.05542545048
validation,3,1,2024-05-01,2024-06-01,1577,ridge,30905.0,31005.282623541927
validation,3,2,2024-05-01,2024-07-01,1577,ridge,31657.0,29081.080697331105
validation,3,3,2024-05-01,2024-08-01,1577,ridge,32053.0,26791.470136809035
validation,3,1,2024-05-01,2024-06-01,1746,ridge,18994.0,19050.376168175928
validation,3,2,2024-05-01,2024-07-01,1746,ridge,18405.0,17884.171493484315
validation,3,3,2024-05-01,2024-08-01,1746,ridge,20102.0,16639.152716787165
validation,3,1,2024-05-01,2024-06-01,1770,ridge,27165.0,26748.13955625167
validation,3,2,2024-05-01,2024-07-01,1770,ridge,27155.0,25158.22641020833
validation,3,3,2024-05-01,2024-08-01,1770,ridge,27847.0,23159.84750437346
validation,3,1,2024-05-01,2024-06-01,1909,ridge,22169.0,21732.67813998401
validation,3,2,2024-05-01,2024-07-01,1909,ridge,22946.0,20489.88427243893
validation,3,3,2024-05-01,2024-08-01,1909,ridge,21618.0,18783.85258305913
validation,3,1,2024-05-01,2024-06-01,1923,ridge,19628.0,18742.6531745433
validation,3,2,2024-05-01,2024-07-01,1923,ridge,17721.0,17327.64295255449
validation,3,3,2024-05-01,2024-08-01,1923,ridge,19528.0,15908.506189717153
validation,3,1,2024-05-01,2024-06-01,1930,ridge,23584.0,22581.38389999124
validation,3,2,2024-05-01,2024-07-01,1930,ridge,23866.0,21267.153050605342
validation,3,3,2024-05-01,2024-08-01,1930,ridge,24490.0,19381.766686560302
validation,3,1,2024-05-01,2024-06-01,1956,ridge,32622.0,33983.57287676738
validation,3,2,2024-05-01,2024-07-01,1956,ridge,31096.0,31989.499970985267
validation,3,3,2024-05-01,2024-08-01,1956,ridge,32917.0,29416.443425375383
validation,3,1,2024-05-01,2024-06-01,1970,ridge,61009.0,55337.04500721152
validation,3,2,2024-05-01,2024-07-01,1970,ridge,65354.0,53626.39920334949
validation,3,3,2024-05-01,2024-08-01,1970,ridge,63316.0,49378.95164379482
validation,3,1,2024-05-01,2024-06-01,2006,ridge,35610.0,34548.21954107042
validation,3,2,2024-05-01,2024-07-01,2006,ridge,35747.0,32385.58320709341
validation,3,3,2024-05-01,2024-08-01,2006,ridge,36529.0,30050.63017715893
validation,3,1,2024-05-01,2024-06-01,2061,ridge,22001.0,22762.946998355776
validation,3,2,2024-05-01,2024-07-01,2061,ridge,22442.0,21389.372010591705
validation,3,3,2024-05-01,2024-08-01,2061,ridge,22520.0,19567.630036010207
validation,3,1,2024-05-01,2024-06-01,2062,ridge,28080.0,28000.72994090797
validation,3,2,2024-05-01,2024-07-01,2062,ridge,29163.0,26180.53074450921
validation,3,3,2024-05-01,2024-08-01,2062,ridge,29024.0,23980.09178648813
validation,3,1,2024-05-01,2024-06-01,2066,ridge,25364.0,23982.92342503935
validation,3,2,2024-05-01,2024-07-01,2066,ridge,26625.0,22866.27583563988
validation,3,3,2024-05-01,2024-08-01,2066,ridge,26061.0,20615.080966775124
validation,3,1,2024-05-01,2024-06-01,2078,ridge,18134.0,17760.295218144616
validation,3,2,2024-05-01,2024-07-01,2078,ridge,19996.0,16644.304716343286
validation,3,3,2024-05-01,2024-08-01,2078,ridge,19420.0,15188.635466462032
validation,3,1,2024-05-01,2024-06-01,2079,ridge,21503.0,21334.254030621392
validation,3,2,2024-05-01,2024-07-01,2079,ridge,22081.0,20175.817494985324
validation,3,3,2024-05-01,2024-08-01,2079,ridge,23091.0,18267.96562591939
validation,3,1,2024-05-01,2024-06-01,2093,ridge,21026.0,21598.260258186387
validation,3,2,2024-05-01,2024-07-01,2093,ridge,21927.0,20251.22384805501
validation,3,3,2024-05-01,2024-08-01,2093,ridge,22334.0,18936.25269467955
validation,3,1,2024-05-01,2024-06-01,2125,ridge,23270.0,22608.783306072924
validation,3,2,2024-05-01,2024-07-01,2125,ridge,24752.0,21372.27136533232
validation,3,3,2024-05-01,2024-08-01,2125,ridge,24243.0,19737.086988180745
validation,3,1,2024-05-01,2024-06-01,2127,ridge,24707.0,22886.364399428352
validation,3,2,2024-05-01,2024-07-01,2127,ridge,25547.0,21096.14593179604
validation,3,3,2024-05-01,2024-08-01,2127,ridge,25426.0,19924.470646786904
validation,3,1,2024-05-01,2024-06-01,2139,ridge,24417.0,23489.68029482313
validation,3,2,2024-05-01,2024-07-01,2139,ridge,24975.0,22063.07998915192
validation,3,3,2024-05-01,2024-08-01,2139,ridge,24565.0,20148.51043318623
validation,3,1,2024-05-01,2024-06-01,2217,ridge,47893.0,45335.03040612564
validation,3,2,2024-05-01,2024-07-01,2217,ridge,49368.0,42998.43475964887
validation,3,3,2024-05-01,2024-08-01,2217,ridge,49128.0,39090.53074378686
validation,3,1,2024-05-01,2024-06-01,2235,ridge,37627.0,36402.53404714967
validation,3,2,2024-05-01,2024-07-01,2235,ridge,37565.0,34451.072441248645
validation,3,3,2024-05-01,2024-08-01,2235,ridge,37501.0,31362.86953456145
validation,3,1,2024-05-01,2024-06-01,2245,ridge,49992.0,45398.808230954
validation,3,2,2024-05-01,2024-07-01,2245,ridge,52523.0,43233.87341065722
validation,3,3,2024-05-01,2024-08-01,2245,ridge,51739.0,39284.47816910143
validation,3,1,2024-05-01,2024-06-01,2278,ridge,26523.0,25973.679121777008
validation,3,2,2024-05-01,2024-07-01,2278,ridge,26621.0,24495.59046280901
validation,3,3,2024-05-01,2024-08-01,2278,ridge,28767.0,22406.591568031432
validation,3,1,2024-05-01,2024-06-01,2310,ridge,26529.0,26362.51311850088
validation,3,2,2024-05-01,2024-07-01,2310,ridge,26912.0,24786.06992950525
validation,3,3,2024-05-01,2024-08-01,2310,ridge,28432.0,22989.25077116577
validation,3,1,2024-05-01,2024-06-01,2373,ridge,53195.0,52586.464212964456
validation,3,2,2024-05-01,2024-07-01,2373,ridge,53847.0,48974.01081110386
validation,3,3,2024-05-01,2024-08-01,2373,ridge,54787.0,45350.79234423451
validation,3,1,2024-05-01,2024-06-01,2395,ridge,38695.0,38472.22656205828
validation,3,2,2024-05-01,2024-07-01,2395,ridge,38546.0,35556.54927475026
validation,3,3,2024-05-01,2024-08-01,2395,ridge,39804.0,33347.13406606166
validation,3,1,2024-05-01,2024-06-01,2453,ridge,44292.0,44785.9630741478
validation,3,2,2024-05-01,2024-07-01,2453,ridge,44684.0,41837.943642293176
validation,3,3,2024-05-01,2024-08-01,2453,ridge,45161.0,38656.46438291692
validation,3,1,2024-05-01,2024-06-01,2478,ridge,46919.0,46849.204959477975
validation,3,2,2024-05-01,2024-07-01,2478,ridge,47512.0,43823.34815444359
validation,3,3,2024-05-01,2024-08-01,2478,ridge,48040.0,40451.95956774605
validation,3,1,2024-05-01,2024-06-01,2538,ridge,54677.0,53510.0263681684
validation,3,2,2024-05-01,2024-07-01,2538,ridge,55583.0,50219.91186669467
validation,3,3,2024-05-01,2024-08-01,2538,ridge,56235.0,46512.86556911492
validation,3,1,2024-05-01,2024-06-01,2562,ridge,51437.0,50264.56949931779
validation,3,2,2024-05-01,2024-07-01,2562,ridge,53037.0,47145.283245858445
validation,3,3,2024-05-01,2024-08-01,2562,ridge,53434.0,43479.41340928545
validation,3,1,2024-05-01,2024-06-01,2573,ridge,55950.0,55624.79807626349
validation,3,2,2024-05-01,2024-07-01,2573,ridge,57826.0,52225.3429456617
validation,3,3,2024-05-01,2024-08-01,2573,ridge,58310.0,48350.72107597176
validation,3,1,2024-05-01,2024-06-01,188,boosting,21647.0,21984.31321422453
validation,3,2,2024-05-01,2024-07-01,188,boosting,23309.0,22434.605924646497
validation,3,3,2024-05-01,2024-08-01,188,boosting,25902.0,23925.361695853368
validation,3,1,2024-05-01,2024-06-01,235,boosting,23926.0,25122.046798710784
validation,3,2,2024-05-01,2024-07-01,235,boosting,25712.0,25205.96695418284
validation,3,3,2024-05-01,2024-08-01,235,boosting,26241.0,24958.697862339137
validation,3,1,2024-05-01,2024-06-01,269,boosting,29697.0,30728.8624648841
validation,3,2,2024-05-01,2024-07-01,269,boosting,30619.0,30981.416211908054
validation,3,3,2024-05-01,2024-08-01,269,boosting,31042.0,31424.50432289603
validation,3,1,2024-05-01,2024-06-01,305,boosting,20687.0,21043.301222638733
validation,3,2,2024-05-01,2024-07-01,305,boosting,21329.0,21596.97815832696
validation,3,3,2024-05-01,2024-08-01,305,boosting,21503.0,21484.028662189005
validation,3,1,2024-05-01,2024-06-01,312,boosting,48627.0,45923.48077954324
validation,3,2,2024-05-01,2024-07-01,312,boosting,50055.0,48005.77655581468
validation,3,3,2024-05-01,2024-08-01,312,boosting,50515.0,48352.91855621577
validation,3,1,2024-05-01,2024-06-01,322,boosting,51459.0,43756.51749831948
validation,3,2,2024-05-01,2024-07-01,322,boosting,57728.0,47354.52511375772
validation,3,1,2024-05-01,2024-06-01,324,boosting,37055.0,34095.401721689224
validation,3,2,2024-05-01,2024-07-01,324,boosting,38431.0,35899.52461054453
validation,3,3,2024-05-01,2024-08-01,324,boosting,37755.0,36439.32846914652
validation,3,1,2024-05-01,2024-06-01,397,boosting,27061.0,27139.7393290249
validation,3,2,2024-05-01,2024-07-01,397,boosting,27450.0,27361.97752805444
validation,3,3,2024-05-01,2024-08-01,397,boosting,27899.0,27766.54575969729
validation,3,1,2024-05-01,2024-06-01,486,boosting,20063.0,20769.39636064309
validation,3,2,2024-05-01,2024-07-01,486,boosting,20250.0,21182.088614296965
validation,3,3,2024-05-01,2024-08-01,486,boosting,20625.0,21345.806276954303
validation,3,1,2024-05-01,2024-06-01,506,boosting,32755.0,33978.19526338372
validation,3,2,2024-05-01,2024-07-01,506,boosting,33831.0,34941.214849429416
validation,3,3,2024-05-01,2024-08-01,506,boosting,34705.0,35842.6383052348
validation,3,1,2024-05-01,2024-06-01,541,boosting,22627.0,21493.724579569363
validation,3,2,2024-05-01,2024-07-01,541,boosting,22715.0,21684.69573407371
validation,3,3,2024-05-01,2024-08-01,541,boosting,23169.0,21669.3751340682
validation,3,1,2024-05-01,2024-06-01,571,boosting,23012.0,22380.218383733594
validation,3,2,2024-05-01,2024-07-01,571,boosting,22820.0,22502.50913051026
validation,3,3,2024-05-01,2024-08-01,571,boosting,23554.0,22706.37011893409
validation,3,1,2024-05-01,2024-06-01,581,boosting,35125.0,36164.97112229797
validation,3,2,2024-05-01,2024-07-01,581,boosting,36903.0,36649.29554975152
validation,3,3,2024-05-01,2024-08-01,581,boosting,37031.0,37008.18232943589
validation,3,1,2024-05-01,2024-06-01,694,boosting,31174.0,31915.23600036593
validation,3,2,2024-05-01,2024-07-01,694,boosting,31085.0,33338.50023251105
validation,3,3,2024-05-01,2024-08-01,694,boosting,30522.0,33100.36098993865
validation,3,1,2024-05-01,2024-06-01,811,boosting,27240.0,27456.80435835268
validation,3,2,2024-05-01,2024-07-01,811,boosting,28223.0,28204.06177294651
validation,3,3,2024-05-01,2024-08-01,811,boosting,29342.0,29286.87887286926
validation,3,1,2024-05-01,2024-06-01,1053,boosting,25088.0,26158.68794841765
validation,3,2,2024-05-01,2024-07-01,1053,boosting,24419.0,26264.286038434548
validation,3,3,2024-05-01,2024-08-01,1053,boosting,24705.0,26293.784404239548
validation,3,1,2024-05-01,2024-06-01,1110,boosting,31312.0,32220.00779790625
validation,3,2,2024-05-01,2024-07-01,1110,boosting,31844.0,32497.052867005288
validation,3,3,2024-05-01,2024-08-01,1110,boosting,32398.0,32693.64248250001
validation,3,1,2024-05-01,2024-06-01,1112,boosting,27563.0,28248.185078861155
validation,3,2,2024-05-01,2024-07-01,1112,boosting,28238.0,28491.88147094075
validation,3,3,2024-05-01,2024-08-01,1112,boosting,28399.0,28783.3597796728
validation,3,1,2024-05-01,2024-06-01,1120,boosting,24413.0,25109.68760209329
validation,3,2,2024-05-01,2024-07-01,1120,boosting,24532.0,25296.752373000985
validation,3,3,2024-05-01,2024-08-01,1120,boosting,23802.0,25635.46041638201
validation,3,1,2024-05-01,2024-06-01,1184,boosting,29693.0,30140.1715482841
validation,3,2,2024-05-01,2024-07-01,1184,boosting,31431.0,32389.04465945301
validation,3,3,2024-05-01,2024-08-01,1184,boosting,32481.0,32444.864467301035
validation,3,1,2024-05-01,2024-06-01,1238,boosting,34167.0,33709.96329607748
validation,3,2,2024-05-01,2024-07-01,1238,boosting,35158.0,34031.2962318875
validation,3,3,2024-05-01,2024-08-01,1238,boosting,35402.0,34543.16076633761
validation,3,1,2024-05-01,2024-06-01,1254,boosting,26901.0,26355.84913454246
validation,3,2,2024-05-01,2024-07-01,1254,boosting,28204.0,27100.5100037906
validation,3,3,2024-05-01,2024-08-01,1254,boosting,28330.0,27256.97298207438
validation,3,1,2024-05-01,2024-06-01,1276,boosting,19648.0,20750.133886943026
validation,3,2,2024-05-01,2024-07-01,1276,boosting,19632.0,20800.48396351114
validation,3,3,2024-05-01,2024-08-01,1276,boosting,19803.0,20651.06222559293
validation,3,1,2024-05-01,2024-06-01,1286,boosting,22300.0,22872.598789979867
validation,3,2,2024-05-01,2024-07-01,1286,boosting,23099.0,23059.83775504398
validation,3,3,2024-05-01,2024-08-01,1286,boosting,21734.0,22792.73846134485
validation,3,1,2024-05-01,2024-06-01,1289,boosting,20800.0,21523.10468999926
validation,3,2,2024-05-01,2024-07-01,1289,boosting,21769.0,22110.966808308465
validation,3,3,2024-05-01,2024-08-01,1289,boosting,20715.0,21933.143059392693
validation,3,1,2024-05-01,2024-06-01,1292,boosting,21132.0,22226.566553255107
validation,3,2,2024-05-01,2024-07-01,1292,boosting,21859.0,22752.59927397385
validation,3,3,2024-05-01,2024-08-01,1292,boosting,21498.0,22930.214688384058
validation,3,1,2024-05-01,2024-06-01,1338,boosting,22926.0,23217.141459228653
validation,3,2,2024-05-01,2024-07-01,1338,boosting,22342.0,23910.21591303989
validation,3,3,2024-05-01,2024-08-01,1338,boosting,23310.0,24268.187645212456
validation,3,1,2024-05-01,2024-06-01,1426,boosting,24919.0,26049.78730673365
validation,3,2,2024-05-01,2024-07-01,1426,boosting,25212.0,26235.49476823155
validation,3,3,2024-05-01,2024-08-01,1426,boosting,25984.0,26655.722076438204
validation,3,1,2024-05-01,2024-06-01,1443,boosting,45920.0,47264.05291314896
validation,3,2,2024-05-01,2024-07-01,1443,boosting,47223.0,47664.20697449633
validation,3,3,2024-05-01,2024-08-01,1443,boosting,47939.0,48919.41558174607
validation,3,1,2024-05-01,2024-06-01,1461,boosting,46682.0,47744.30396229277
validation,3,2,2024-05-01,2024-07-01,1461,boosting,47573.0,48149.57106148688
validation,3,3,2024-05-01,2024-08-01,1461,boosting,48612.0,49417.69644769592
validation,3,1,2024-05-01,2024-06-01,1494,boosting,29749.0,31075.44100207614
validation,3,2,2024-05-01,2024-07-01,1494,boosting,30682.0,31284.60830488989
validation,3,3,2024-05-01,2024-08-01,1494,boosting,31586.0,31002.5344804393
validation,3,1,2024-05-01,2024-06-01,1555,boosting,26266.0,26549.5285079142
validation,3,2,2024-05-01,2024-07-01,1555,boosting,27268.0,27137.662162501
validation,3,3,2024-05-01,2024-08-01,1555,boosting,27756.0,27752.067558828297
validation,3,1,2024-05-01,2024-06-01,1573,boosting,25010.0,24702.40366628396
validation,3,2,2024-05-01,2024-07-01,1573,boosting,26491.0,25824.36874729816
validation,3,3,2024-05-01,2024-08-01,1573,boosting,26258.0,25705.23859947432
validation,3,1,2024-05-01,2024-06-01,1577,boosting,30905.0,32491.800499646448
validation,3,2,2024-05-01,2024-07-01,1577,boosting,31657.0,32781.81932652217
validation,3,3,2024-05-01,2024-08-01,1577,boosting,32053.0,32958.35048564019
validation,3,1,2024-05-01,2024-06-01,1746,boosting,18994.0,19551.128841881145
validation,3,2,2024-05-01,2024-07-01,1746,boosting,18405.0,20202.51670842839
validation,3,3,2024-05-01,2024-08-01,1746,boosting,20102.0,20922.97026926879
validation,3,1,2024-05-01,2024-06-01,1770,boosting,27165.0,28388.19055643036
validation,3,2,2024-05-01,2024-07-01,1770,boosting,27155.0,28604.125418808188
validation,3,3,2024-05-01,2024-08-01,1770,boosting,27847.0,28741.191736635777
validation,3,1,2024-05-01,2024-06-01,1909,boosting,22169.0,22255.88176383205
validation,3,2,2024-05-01,2024-07-01,1909,boosting,22946.0,22903.450746468752
validation,3,3,2024-05-01,2024-08-01,1909,boosting,21618.0,23170.331929191416
validation,3,1,2024-05-01,2024-06-01,1923,boosting,19628.0,19106.56324028
validation,3,2,2024-05-01,2024-07-01,1923,boosting,17721.0,19153.57919225605
validation,3,3,2024-05-01,2024-08-01,1923,boosting,19528.0,19001.890149740902
validation,3,1,2024-05-01,2024-06-01,1930,boosting,23584.0,23472.68876316474
validation,3,2,2024-05-01,2024-07-01,1930,boosting,23866.0,23723.451862327114
validation,3,3,2024-05-01,2024-08-01,1930,boosting,24490.0,23873.656446804784
validation,3,1,2024-05-01,2024-06-01,1956,boosting,32622.0,34387.82093963163
validation,3,2,2024-05-01,2024-07-01,1956,boosting,31096.0,36239.30109215335
validation,3,3,2024-05-01,2024-08-01,1956,boosting,32917.0,36473.59294442362
validation,3,1,2024-05-01,2024-06-01,1970,boosting,61009.0,56531.86748246454
validation,3,2,2024-05-01,2024-07-01,1970,boosting,65354.0,57721.96607017906
validation,3,3,2024-05-01,2024-08-01,1970,boosting,63316.0,57683.86894347557
validation,3,1,2024-05-01,2024-06-01,2006,boosting,35610.0,35530.82252134061
validation,3,2,2024-05-01,2024-07-01,2006,boosting,35747.0,35888.89279993133
validation,3,3,2024-05-01,2024-08-01,2006,boosting,36529.0,36697.26290873151
validation,3,1,2024-05-01,2024-06-01,2061,boosting,22001.0,23783.69874751998
validation,3,2,2024-05-01,2024-07-01,2061,boosting,22442.0,24024.204801828888
validation,3,3,2024-05-01,2024-08-01,2061,boosting,22520.0,23655.346960141087
validation,3,1,2024-05-01,2024-06-01,2062,boosting,28080.0,29041.94921088629
validation,3,2,2024-05-01,2024-07-01,2062,boosting,29163.0,29300.71806248126
validation,3,3,2024-05-01,2024-08-01,2062,boosting,29024.0,29475.49418112581
validation,3,1,2024-05-01,2024-06-01,2066,boosting,25364.0,25116.45745910597
validation,3,2,2024-05-01,2024-07-01,2066,boosting,26625.0,25568.90560922712
validation,3,3,2024-05-01,2024-08-01,2066,boosting,26061.0,25062.54833955296
validation,3,1,2024-05-01,2024-06-01,2078,boosting,18134.0,18085.49314623541
validation,3,2,2024-05-01,2024-07-01,2078,boosting,19996.0,18536.602619893325
validation,3,3,2024-05-01,2024-08-01,2078,boosting,19420.0,18494.47364353786
validation,3,1,2024-05-01,2024-06-01,2079,boosting,21503.0,22242.3876374342
validation,3,2,2024-05-01,2024-07-01,2079,boosting,22081.0,22829.18578778296
validation,3,3,2024-05-01,2024-08-01,2079,boosting,23091.0,22724.02473632372
validation,3,1,2024-05-01,2024-06-01,2093,boosting,21026.0,22588.14987459384
validation,3,2,2024-05-01,2024-07-01,2093,boosting,21927.0,22810.95152580716
validation,3,3,2024-05-01,2024-08-01,2093,boosting,22334.0,23206.11447602613
validation,3,1,2024-05-01,2024-06-01,2125,boosting,23270.0,23617.78055407878
validation,3,2,2024-05-01,2024-07-01,2125,boosting,24752.0,23973.660179432805
validation,3,3,2024-05-01,2024-08-01,2125,boosting,24243.0,24086.85241397276
validation,3,1,2024-05-01,2024-06-01,2127,boosting,24707.0,24195.95563121888
validation,3,2,2024-05-01,2024-07-01,2127,boosting,25547.0,24231.365937784773
validation,3,3,2024-05-01,2024-08-01,2127,boosting,25426.0,24368.804519339094
validation,3,1,2024-05-01,2024-06-01,2139,boosting,24417.0,24477.664689747693
validation,3,2,2024-05-01,2024-07-01,2139,boosting,24975.0,24797.77296007798
validation,3,3,2024-05-01,2024-08-01,2139,boosting,24565.0,24910.36208156084
validation,3,1,2024-05-01,2024-06-01,2217,boosting,47893.0,47053.44224607196
validation,3,2,2024-05-01,2024-07-01,2217,boosting,49368.0,47606.58238075701
validation,3,3,2024-05-01,2024-08-01,2217,boosting,49128.0,47307.3682279507
validation,3,1,2024-05-01,2024-06-01,2235,boosting,37627.0,37746.52475880954
validation,3,2,2024-05-01,2024-07-01,2235,boosting,37565.0,39234.313080609885
validation,3,3,2024-05-01,2024-08-01,2235,boosting,37501.0,38718.27256258355
validation,3,1,2024-05-01,2024-06-01,2245,boosting,49992.0,47595.38936527044
validation,3,2,2024-05-01,2024-07-01,2245,boosting,52523.0,47752.268176968944
validation,3,3,2024-05-01,2024-08-01,2245,boosting,51739.0,47320.18762011465
validation,3,1,2024-05-01,2024-06-01,2278,boosting,26523.0,27516.31102944004
validation,3,2,2024-05-01,2024-07-01,2278,boosting,26621.0,27728.672816755898
validation,3,3,2024-05-01,2024-08-01,2278,boosting,28767.0,27919.99329442967
validation,3,1,2024-05-01,2024-06-01,2310,boosting,26529.0,27193.074315203303
validation,3,2,2024-05-01,2024-07-01,2310,boosting,26912.0,27749.49550238625
validation,3,3,2024-05-01,2024-08-01,2310,boosting,28432.0,28336.88531008567
validation,3,1,2024-05-01,2024-06-01,2373,boosting,53195.0,55069.35913516258
validation,3,2,2024-05-01,2024-07-01,2373,boosting,53847.0,55446.52832479832
validation,3,3,2024-05-01,2024-08-01,2373,boosting,54787.0,55983.12637255268
validation,3,1,2024-05-01,2024-06-01,2395,boosting,38695.0,40514.45116273854
validation,3,2,2024-05-01,2024-07-01,2395,boosting,38546.0,40738.94330520009
validation,3,3,2024-05-01,2024-08-01,2395,boosting,39804.0,41172.29924837159
validation,3,1,2024-05-01,2024-06-01,2453,boosting,44292.0,46919.51330134627
validation,3,2,2024-05-01,2024-07-01,2453,boosting,44684.0,47281.88515729327
validation,3,3,2024-05-01,2024-08-01,2453,boosting,45161.0,47712.52573117388
validation,3,1,2024-05-01,2024-06-01,2478,boosting,46919.0,48142.99943804333
validation,3,2,2024-05-01,2024-07-01,2478,boosting,47512.0,49140.07882614332
validation,3,3,2024-05-01,2024-08-01,2478,boosting,48040.0,49843.56795995696
validation,3,1,2024-05-01,2024-06-01,2538,boosting,54677.0,55626.17472679719
validation,3,2,2024-05-01,2024-07-01,2538,boosting,55583.0,56070.00151284799
validation,3,3,2024-05-01,2024-08-01,2538,boosting,56235.0,57126.37245150081
validation,3,1,2024-05-01,2024-06-01,2562,boosting,51437.0,51987.68568141397
validation,3,2,2024-05-01,2024-07-01,2562,boosting,53037.0,52449.127944760345
validation,3,3,2024-05-01,2024-08-01,2562,boosting,53434.0,53200.40507547597
validation,3,1,2024-05-01,2024-06-01,2573,boosting,55950.0,57356.37047055968
validation,3,2,2024-05-01,2024-07-01,2573,boosting,57826.0,57865.24620943138
validation,3,3,2024-05-01,2024-08-01,2573,boosting,58310.0,59318.37976377285
validation,3,1,2024-05-01,2024-06-01,188,boosting_news,21647.0,21982.649159922308
validation,3,2,2024-05-01,2024-07-01,188,boosting_news,23309.0,22454.812235333586
validation,3,3,2024-05-01,2024-08-01,188,boosting_news,25902.0,23984.036739638763
validation,3,1,2024-05-01,2024-06-01,235,boosting_news,23926.0,25111.591486677426
validation,3,2,2024-05-01,2024-07-01,235,boosting_news,25712.0,25195.8519735142
validation,3,3,2024-05-01,2024-08-01,235,boosting_news,26241.0,24997.81710967329
validation,3,1,2024-05-01,2024-06-01,269,boosting_news,29697.0,30707.75000134608
validation,3,2,2024-05-01,2024-07-01,269,boosting_news,30619.0,30934.727212741072
validation,3,3,2024-05-01,2024-08-01,269,boosting_news,31042.0,31389.473832220425
validation,3,1,2024-05-01,2024-06-01,305,boosting_news,20687.0,21091.52054415168
validation,3,2,2024-05-01,2024-07-01,305,boosting_news,21329.0,21633.39887829616
validation,3,3,2024-05-01,2024-08-01,305,boosting_news,21503.0,21528.956369551823
validation,3,1,2024-05-01,2024-06-01,312,boosting_news,48627.0,45933.27562347514
validation,3,2,2024-05-01,2024-07-01,312,boosting_news,50055.0,47901.13982275676
validation,3,3,2024-05-01,2024-08-01,312,boosting_news,50515.0,48274.2123435265
validation,3,1,2024-05-01,2024-06-01,322,boosting_news,51459.0,43861.07637536041
validation,3,2,2024-05-01,2024-07-01,322,boosting_news,57728.0,47395.88489766734
validation,3,1,2024-05-01,2024-06-01,324,boosting_news,37055.0,34065.348292940114
validation,3,2,2024-05-01,2024-07-01,324,boosting_news,38431.0,35880.617882341656
validation,3,3,2024-05-01,2024-08-01,324,boosting_news,37755.0,36311.07942656957
validation,3,1,2024-05-01,2024-06-01,397,boosting_news,27061.0,27139.388916290885
validation,3,2,2024-05-01,2024-07-01,397,boosting_news,27450.0,27401.8998310937
validation,3,3,2024-05-01,2024-08-01,397,boosting_news,27899.0,27758.830072926365
validation,3,1,2024-05-01,2024-06-01,486,boosting_news,20063.0,20782.53097405043
validation,3,2,2024-05-01,2024-07-01,486,boosting_news,20250.0,21179.26296952613
validation,3,3,2024-05-01,2024-08-01,486,boosting_news,20625.0,21347.14431910928
validation,3,1,2024-05-01,2024-06-01,506,boosting_news,32755.0,34020.26412776621
validation,3,2,2024-05-01,2024-07-01,506,boosting_news,33831.0,34912.51333654357
validation,3,3,2024-05-01,2024-08-01,506,boosting_news,34705.0,35923.6929613522
validation,3,1,2024-05-01,2024-06-01,541,boosting_news,22627.0,21467.180109187382
validation,3,2,2024-05-01,2024-07-01,541,boosting_news,22715.0,21634.94856760064
validation,3,3,2024-05-01,2024-08-01,541,boosting_news,23169.0,21628.332220877128
validation,3,1,2024-05-01,2024-06-01,571,boosting_news,23012.0,22350.10765719587
validation,3,2,2024-05-01,2024-07-01,571,boosting_news,22820.0,22448.19282778265
validation,3,3,2024-05-01,2024-08-01,571,boosting_news,23554.0,22627.01904202332
validation,3,1,2024-05-01,2024-06-01,581,boosting_news,35125.0,36162.84088560883
validation,3,2,2024-05-01,2024-07-01,581,boosting_news,36903.0,36609.15129060986
validation,3,3,2024-05-01,2024-08-01,581,boosting_news,37031.0,36957.32579156419
validation,3,1,2024-05-01,2024-06-01,694,boosting_news,31174.0,31958.86713315873
validation,3,2,2024-05-01,2024-07-01,694,boosting_news,31085.0,33321.78305093084
validation,3,3,2024-05-01,2024-08-01,694,boosting_news,30522.0,33118.597476205265
validation,3,1,2024-05-01,2024-06-01,811,boosting_news,27240.0,27534.03813567092
validation,3,2,2024-05-01,2024-07-01,811,boosting_news,28223.0,28300.90128994827
validation,3,3,2024-05-01,2024-08-01,811,boosting_news,29342.0,29343.52645115159
validation,3,1,2024-05-01,2024-06-01,1053,boosting_news,25088.0,26144.497533492075
validation,3,2,2024-05-01,2024-07-01,1053,boosting_news,24419.0,26249.448110709844
validation,3,3,2024-05-01,2024-08-01,1053,boosting_news,24705.0,26359.51387032425
validation,3,1,2024-05-01,2024-06-01,1110,boosting_news,31312.0,32236.961326579283
validation,3,2,2024-05-01,2024-07-01,1110,boosting_news,31844.0,32555.7612194659
validation,3,3,2024-05-01,2024-08-01,1110,boosting_news,32398.0,32734.59784343052
validation,3,1,2024-05-01,2024-06-01,1112,boosting_news,27563.0,28298.467085719723
validation,3,2,2024-05-01,2024-07-01,1112,boosting_news,28238.0,28560.410987377287
validation,3,3,2024-05-01,2024-08-01,1112,boosting_news,28399.0,28839.16462975453
validation,3,1,2024-05-01,2024-06-01,1120,boosting_news,24413.0,25142.67150024515
validation,3,2,2024-05-01,2024-07-01,1120,boosting_news,24532.0,25312.583783499733
validation,3,3,2024-05-01,2024-08-01,1120,boosting_news,23802.0,25679.00449056724
validation,3,1,2024-05-01,2024-06-01,1184,boosting_news,29693.0,30143.81056758296
validation,3,2,2024-05-01,2024-07-01,1184,boosting_news,31431.0,32362.51796022123
validation,3,3,2024-05-01,2024-08-01,1184,boosting_news,32481.0,32455.80565221502
validation,3,1,2024-05-01,2024-06-01,1238,boosting_news,34167.0,33750.83655585684
validation,3,2,2024-05-01,2024-07-01,1238,boosting_news,35158.0,34081.97095982499
validation,3,3,2024-05-01,2024-08-01,1238,boosting_news,35402.0,34607.81294097462
validation,3,1,2024-05-01,2024-06-01,1254,boosting_news,26901.0,26395.777081953696
validation,3,2,2024-05-01,2024-07-01,1254,boosting_news,28204.0,27124.26106145244
validation,3,3,2024-05-01,2024-08-01,1254,boosting_news,28330.0,27275.95715390696
validation,3,1,2024-05-01,2024-06-01,1276,boosting_news,19648.0,20737.987978304594
validation,3,2,2024-05-01,2024-07-01,1276,boosting_news,19632.0,20787.669334206235
validation,3,3,2024-05-01,2024-08-01,1276,boosting_news,19803.0,20646.711301714586
validation,3,1,2024-05-01,2024-06-01,1286,boosting_news,22300.0,22854.28368681636
validation,3,2,2024-05-01,2024-07-01,1286,boosting_news,23099.0,23076.27214418573
validation,3,3,2024-05-01,2024-08-01,1286,boosting_news,21734.0,22861.63170432761
validation,3,1,2024-05-01,2024-06-01,1289,boosting_news,20800.0,21498.519284683603
validation,3,2,2024-05-01,2024-07-01,1289,boosting_news,21769.0,22070.02588168717
validation,3,3,2024-05-01,2024-08-01,1289,boosting_news,20715.0,21900.65751474274
validation,3,1,2024-05-01,2024-06-01,1292,boosting_news,21132.0,22242.44251864024
validation,3,2,2024-05-01,2024-07-01,1292,boosting_news,21859.0,22733.86442410404
validation,3,3,2024-05-01,2024-08-01,1292,boosting_news,21498.0,22971.259624087856
validation,3,1,2024-05-01,2024-06-01,1338,boosting_news,22926.0,23279.61178275471
validation,3,2,2024-05-01,2024-07-01,1338,boosting_news,22342.0,23954.92468563749
validation,3,3,2024-05-01,2024-08-01,1338,boosting_news,23310.0,24305.93157363054
validation,3,1,2024-05-01,2024-06-01,1426,boosting_news,24919.0,26044.895818515302
validation,3,2,2024-05-01,2024-07-01,1426,boosting_news,25212.0,26286.343819345817
validation,3,3,2024-05-01,2024-08-01,1426,boosting_news,25984.0,26720.908865450045
validation,3,1,2024-05-01,2024-06-01,1443,boosting_news,45920.0,47349.284181381576
validation,3,2,2024-05-01,2024-07-01,1443,boosting_news,47223.0,47772.23520016827
validation,3,3,2024-05-01,2024-08-01,1443,boosting_news,47939.0,49044.00534255198
validation,3,1,2024-05-01,2024-06-01,1461,boosting_news,46682.0,47840.18695972256
validation,3,2,2024-05-01,2024-07-01,1461,boosting_news,47573.0,48289.31787641507
validation,3,3,2024-05-01,2024-08-01,1461,boosting_news,48612.0,49574.17522495823
validation,3,1,2024-05-01,2024-06-01,1494,boosting_news,29749.0,31090.03486852039
validation,3,2,2024-05-01,2024-07-01,1494,boosting_news,30682.0,31283.530622155173
validation,3,3,2024-05-01,2024-08-01,1494,boosting_news,31586.0,30974.8961886122
validation,3,1,2024-05-01,2024-06-01,1555,boosting_news,26266.0,26593.288562837108
validation,3,2,2024-05-01,2024-07-01,1555,boosting_news,27268.0,27184.93688236557
validation,3,3,2024-05-01,2024-08-01,1555,boosting_news,27756.0,27796.83266578672
validation,3,1,2024-05-01,2024-06-01,1573,boosting_news,25010.0,24754.726477557386
validation,3,2,2024-05-01,2024-07-01,1573,boosting_news,26491.0,25897.13775331812
validation,3,3,2024-05-01,2024-08-01,1573,boosting_news,26258.0,25727.752433670907
validation,3,1,2024-05-01,2024-06-01,1577,boosting_news,30905.0,32477.420615831823
validation,3,2,2024-05-01,2024-07-01,1577,boosting_news,31657.0,32765.96422728372
validation,3,3,2024-05-01,2024-08-01,1577,boosting_news,32053.0,32971.889268719184
validation,3,1,2024-05-01,2024-06-01,1746,boosting_news,18994.0,19578.502356588106
validation,3,2,2024-05-01,2024-07-01,1746,boosting_news,18405.0,20224.037781955496
validation,3,3,2024-05-01,2024-08-01,1746,boosting_news,20102.0,20948.25429204467
validation,3,1,2024-05-01,2024-06-01,1770,boosting_news,27165.0,28405.460040127844
validation,3,2,2024-05-01,2024-07-01,1770,boosting_news,27155.0,28658.852185230444
validation,3,3,2024-05-01,2024-08-01,1770,boosting_news,27847.0,28776.96358872902
validation,3,1,2024-05-01,2024-06-01,1909,boosting_news,22169.0,22272.085908434365
validation,3,2,2024-05-01,2024-07-01,1909,boosting_news,22946.0,22901.833546905287
validation,3,3,2024-05-01,2024-08-01,1909,boosting_news,21618.0,23177.575880040604
validation,3,1,2024-05-01,2024-06-01,1923,boosting_news,19628.0,19106.276240814925
validation,3,2,2024-05-01,2024-07-01,1923,boosting_news,17721.0,19194.460101412733
validation,3,3,2024-05-01,2024-08-01,1923,boosting_news,19528.0,19046.53279507438
validation,3,1,2024-05-01,2024-06-01,1930,boosting_news,23584.0,23523.29801776477
validation,3,2,2024-05-01,2024-07-01,1930,boosting_news,23866.0,23783.30487609327
validation,3,3,2024-05-01,2024-08-01,1930,boosting_news,24490.0,23922.89937400892
validation,3,1,2024-05-01,2024-06-01,1956,boosting_news,32622.0,34418.492544328656
validation,3,2,2024-05-01,2024-07-01,1956,boosting_news,31096.0,36308.59152373063
validation,3,3,2024-05-01,2024-08-01,1956,boosting_news,32917.0,36497.45112383489
validation,3,1,2024-05-01,2024-06-01,1970,boosting_news,61009.0,56316.80972940459
validation,3,2,2024-05-01,2024-07-01,1970,boosting_news,65354.0,57558.339626090405
validation,3,3,2024-05-01,2024-08-01,1970,boosting_news,63316.0,57420.68598170409
validation,3,1,2024-05-01,2024-06-01,2006,boosting_news,35610.0,35456.35965567244
validation,3,2,2024-05-01,2024-07-01,2006,boosting_news,35747.0,35763.3469413371
validation,3,3,2024-05-01,2024-08-01,2006,boosting_news,36529.0,36579.91654197296
validation,3,1,2024-05-01,2024-06-01,2061,boosting_news,22001.0,23782.38523948446
validation,3,2,2024-05-01,2024-07-01,2061,boosting_news,22442.0,24050.99969270864
validation,3,3,2024-05-01,2024-08-01,2061,boosting_news,22520.0,23683.744743855445
validation,3,1,2024-05-01,2024-06-01,2062,boosting_news,28080.0,29117.157758539062
validation,3,2,2024-05-01,2024-07-01,2062,boosting_news,29163.0,29394.08030947628
validation,3,3,2024-05-01,2024-08-01,2062,boosting_news,29024.0,29595.09463991354
validation,3,1,2024-05-01,2024-06-01,2066,boosting_news,25364.0,25076.24685113464
validation,3,2,2024-05-01,2024-07-01,2066,boosting_news,26625.0,25618.19134348553
validation,3,3,2024-05-01,2024-08-01,2066,boosting_news,26061.0,25080.473221882872
validation,3,1,2024-05-01,2024-06-01,2078,boosting_news,18134.0,18100.836615070963
validation,3,2,2024-05-01,2024-07-01,2078,boosting_news,19996.0,18548.536869880376
validation,3,3,2024-05-01,2024-08-01,2078,boosting_news,19420.0,18507.50525538625
validation,3,1,2024-05-01,2024-06-01,2079,boosting_news,21503.0,22281.03420648948
validation,3,2,2024-05-01,2024-07-01,2079,boosting_news,22081.0,22858.6017659398
validation,3,3,2024-05-01,2024-08-01,2079,boosting_news,23091.0,22762.29395761075
validation,3,1,2024-05-01,2024-06-01,2093,boosting_news,21026.0,22617.504765857026
validation,3,2,2024-05-01,2024-07-01,2093,boosting_news,21927.0,22821.55459732845
validation,3,3,2024-05-01,2024-08-01,2093,boosting_news,22334.0,23243.23193429307
validation,3,1,2024-05-01,2024-06-01,2125,boosting_news,23270.0,23658.51858188704
validation,3,2,2024-05-01,2024-07-01,2125,boosting_news,24752.0,24069.547721206058
validation,3,3,2024-05-01,2024-08-01,2125,boosting_news,24243.0,24212.72906223152
validation,3,1,2024-05-01,2024-06-01,2127,boosting_news,24707.0,24230.49043112735
validation,3,2,2024-05-01,2024-07-01,2127,boosting_news,25547.0,24233.57733482341
validation,3,3,2024-05-01,2024-08-01,2127,boosting_news,25426.0,24417.725284109645
validation,3,1,2024-05-01,2024-06-01,2139,boosting_news,24417.0,24503.468370119645
validation,3,2,2024-05-01,2024-07-01,2139,boosting_news,24975.0,24842.39168749054
validation,3,3,2024-05-01,2024-08-01,2139,boosting_news,24565.0,24935.50493209537
validation,3,1,2024-05-01,2024-06-01,2217,boosting_news,47893.0,47114.43927695816
validation,3,2,2024-05-01,2024-07-01,2217,boosting_news,49368.0,47552.88867524549
validation,3,3,2024-05-01,2024-08-01,2217,boosting_news,49128.0,47288.44727167306
validation,3,1,2024-05-01,2024-06-01,2235,boosting_news,37627.0,37777.63696993079
validation,3,2,2024-05-01,2024-07-01,2235,boosting_news,37565.0,39186.253327588856
validation,3,3,2024-05-01,2024-08-01,2235,boosting_news,37501.0,38763.60467701632
validation,3,1,2024-05-01,2024-06-01,2245,boosting_news,49992.0,47709.40586742205
validation,3,2,2024-05-01,2024-07-01,2245,boosting_news,52523.0,47835.43000937479
validation,3,3,2024-05-01,2024-08-01,2245,boosting_news,51739.0,47399.59442328837
validation,3,1,2024-05-01,2024-06-01,2278,boosting_news,26523.0,27505.81935948941
validation,3,2,2024-05-01,2024-07-01,2278,boosting_news,26621.0,27767.64173111838
validation,3,3,2024-05-01,2024-08-01,2278,boosting_news,28767.0,27966.433982378712
validation,3,1,2024-05-01,2024-06-01,2310,boosting_news,26529.0,27227.787309647727
validation,3,2,2024-05-01,2024-07-01,2310,boosting_news,26912.0,27780.318932541984
validation,3,3,2024-05-01,2024-08-01,2310,boosting_news,28432.0,28365.14637974966
validation,3,1,2024-05-01,2024-06-01,2373,boosting_news,53195.0,55220.46220386608
validation,3,2,2024-05-01,2024-07-01,2373,boosting_news,53847.0,55586.63251867277
validation,3,3,2024-05-01,2024-08-01,2373,boosting_news,54787.0,56127.55080787499
validation,3,1,2024-05-01,2024-06-01,2395,boosting_news,38695.0,40507.61804801973
validation,3,2,2024-05-01,2024-07-01,2395,boosting_news,38546.0,40689.35820815992
validation,3,3,2024-05-01,2024-08-01,2395,boosting_news,39804.0,41168.35558890394
validation,3,1,2024-05-01,2024-06-01,2453,boosting_news,44292.0,46979.416735132654
validation,3,2,2024-05-01,2024-07-01,2453,boosting_news,44684.0,47354.33734758464
validation,3,3,2024-05-01,2024-08-01,2453,boosting_news,45161.0,47762.01735935106
validation,3,1,2024-05-01,2024-06-01,2478,boosting_news,46919.0,48257.51536453414
validation,3,2,2024-05-01,2024-07-01,2478,boosting_news,47512.0,49256.50215873272
validation,3,3,2024-05-01,2024-08-01,2478,boosting_news,48040.0,49956.67991802508
validation,3,1,2024-05-01,2024-06-01,2538,boosting_news,54677.0,55738.12910239381
validation,3,2,2024-05-01,2024-07-01,2538,boosting_news,55583.0,56224.683884639686
validation,3,3,2024-05-01,2024-08-01,2538,boosting_news,56235.0,57242.62865790789
validation,3,1,2024-05-01,2024-06-01,2562,boosting_news,51437.0,52119.48830616978
validation,3,2,2024-05-01,2024-07-01,2562,boosting_news,53037.0,52620.50407346316
validation,3,3,2024-05-01,2024-08-01,2562,boosting_news,53434.0,53360.467029881904
validation,3,1,2024-05-01,2024-06-01,2573,boosting_news,55950.0,57484.11835170541
validation,3,2,2024-05-01,2024-07-01,2573,boosting_news,57826.0,58047.17814378189
validation,3,3,2024-05-01,2024-08-01,2573,boosting_news,58310.0,59478.97009310924
validation,3,1,2024-05-01,2024-06-01,188,prophet,21647.0,21033.58276129893
validation,3,2,2024-05-01,2024-07-01,188,prophet,23309.0,23242.69515939028
validation,3,3,2024-05-01,2024-08-01,188,prophet,25902.0,23458.311931631768
validation,3,1,2024-05-01,2024-06-01,235,prophet,23926.0,22614.424289548075
validation,3,2,2024-05-01,2024-07-01,235,prophet,25712.0,23060.59407752406
validation,3,3,2024-05-01,2024-08-01,235,prophet,26241.0,21871.08462564417
validation,3,1,2024-05-01,2024-06-01,269,prophet,29697.0,28754.22067368044
validation,3,2,2024-05-01,2024-07-01,269,prophet,30619.0,30385.24351479224
validation,3,3,2024-05-01,2024-08-01,269,prophet,31042.0,30507.46862988296
validation,3,1,2024-05-01,2024-06-01,305,prophet,20687.0,20188.892737780607
validation,3,2,2024-05-01,2024-07-01,305,prophet,21329.0,21232.9392116816
validation,3,3,2024-05-01,2024-08-01,305,prophet,21503.0,20360.38001946512
validation,3,1,2024-05-01,2024-06-01,312,prophet,48627.0,45881.531089479045
validation,3,2,2024-05-01,2024-07-01,312,prophet,50055.0,50232.23017337691
validation,3,3,2024-05-01,2024-08-01,312,prophet,50515.0,49559.61241730616
validation,3,1,2024-05-01,2024-06-01,322,prophet,51459.0,45529.46672614747
validation,3,2,2024-05-01,2024-07-01,322,prophet,57728.0,56758.65176289852
validation,3,1,2024-05-01,2024-06-01,324,prophet,37055.0,33797.872685123344
validation,3,2,2024-05-01,2024-07-01,324,prophet,38431.0,37928.29019536601
validation,3,3,2024-05-01,2024-08-01,324,prophet,37755.0,36877.57980269421
validation,3,1,2024-05-01,2024-06-01,397,prophet,27061.0,26128.856418867428
validation,3,2,2024-05-01,2024-07-01,397,prophet,27450.0,27700.85151172133
validation,3,3,2024-05-01,2024-08-01,397,prophet,27899.0,27885.02231273241
validation,3,1,2024-05-01,2024-06-01,486,prophet,20063.0,19137.61130970736
validation,3,2,2024-05-01,2024-07-01,486,prophet,20250.0,19823.40141449097
validation,3,3,2024-05-01,2024-08-01,486,prophet,20625.0,19258.618787989653
validation,3,1,2024-05-01,2024-06-01,506,prophet,32755.0,33912.17020663609
validation,3,2,2024-05-01,2024-07-01,506,prophet,33831.0,36393.46974686071
validation,3,3,2024-05-01,2024-08-01,506,prophet,34705.0,35925.173144676475
validation,3,1,2024-05-01,2024-06-01,541,prophet,22627.0,21498.48547254924
validation,3,2,2024-05-01,2024-07-01,541,prophet,22715.0,22996.29884636757
validation,3,3,2024-05-01,2024-08-01,541,prophet,23169.0,22235.118470915928
validation,3,1,2024-05-01,2024-06-01,571,prophet,23012.0,21714.32912088077
validation,3,2,2024-05-01,2024-07-01,571,prophet,22820.0,23017.16941848096
validation,3,3,2024-05-01,2024-08-01,571,prophet,23554.0,22039.359100589816
validation,3,1,2024-05-01,2024-06-01,581,prophet,35125.0,34318.22230840808
validation,3,2,2024-05-01,2024-07-01,581,prophet,36903.0,36400.90196649992
validation,3,3,2024-05-01,2024-08-01,581,prophet,37031.0,34946.79510518766
validation,3,1,2024-05-01,2024-06-01,694,prophet,31174.0,30249.19248865945
validation,3,2,2024-05-01,2024-07-01,694,prophet,31085.0,32546.201228449136
validation,3,3,2024-05-01,2024-08-01,694,prophet,30522.0,31420.060080924774
validation,3,1,2024-05-01,2024-06-01,811,prophet,27240.0,27134.36307622186
validation,3,2,2024-05-01,2024-07-01,811,prophet,28223.0,29594.81593700238
validation,3,3,2024-05-01,2024-08-01,811,prophet,29342.0,29685.118615396408
validation,3,1,2024-05-01,2024-06-01,1053,prophet,25088.0,24249.61218898428
validation,3,2,2024-05-01,2024-07-01,1053,prophet,24419.0,24768.34750429864
validation,3,3,2024-05-01,2024-08-01,1053,prophet,24705.0,23691.82948686163
validation,3,1,2024-05-01,2024-06-01,1110,prophet,31312.0,31129.80994179108
validation,3,2,2024-05-01,2024-07-01,1110,prophet,31844.0,32685.22721017982
validation,3,3,2024-05-01,2024-08-01,1110,prophet,32398.0,31679.53579006052
validation,3,1,2024-05-01,2024-06-01,1112,prophet,27563.0,27097.98144012826
validation,3,2,2024-05-01,2024-07-01,1112,prophet,28238.0,28665.985154122263
validation,3,3,2024-05-01,2024-08-01,1112,prophet,28399.0,28369.609809972306
validation,3,1,2024-05-01,2024-06-01,1120,prophet,24413.0,22101.721707847857
validation,3,2,2024-05-01,2024-07-01,1120,prophet,24532.0,22877.657064830844
validation,3,3,2024-05-01,2024-08-01,1120,prophet,23802.0,22333.20308638182
validation,3,1,2024-05-01,2024-06-01,1184,prophet,29693.0,29118.97233452259
validation,3,2,2024-05-01,2024-07-01,1184,prophet,31431.0,31625.60276013217
validation,3,3,2024-05-01,2024-08-01,1184,prophet,32481.0,31257.93495547061
validation,3,1,2024-05-01,2024-06-01,1238,prophet,34167.0,33063.658938842964
validation,3,2,2024-05-01,2024-07-01,1238,prophet,35158.0,35325.09832175901
validation,3,3,2024-05-01,2024-08-01,1238,prophet,35402.0,34926.35254619973
validation,3,1,2024-05-01,2024-06-01,1254,prophet,26901.0,25299.21540321086
validation,3,2,2024-05-01,2024-07-01,1254,prophet,28204.0,27005.181127481195
validation,3,3,2024-05-01,2024-08-01,1254,prophet,28330.0,26116.83791992527
validation,3,1,2024-05-01,2024-06-01,1276,prophet,19648.0,19727.059236090096
validation,3,2,2024-05-01,2024-07-01,1276,prophet,19632.0,19815.076984222786
validation,3,3,2024-05-01,2024-08-01,1276,prophet,19803.0,18669.54293239606
validation,3,1,2024-05-01,2024-06-01,1286,prophet,22300.0,21644.477420184823
validation,3,2,2024-05-01,2024-07-01,1286,prophet,23099.0,22257.35262276386
validation,3,3,2024-05-01,2024-08-01,1286,prophet,21734.0,21798.47329083572
validation,3,1,2024-05-01,2024-06-01,1289,prophet,20800.0,20220.67158356616
validation,3,2,2024-05-01,2024-07-01,1289,prophet,21769.0,21302.11736947104
validation,3,3,2024-05-01,2024-08-01,1289,prophet,20715.0,20298.897282313857
validation,3,1,2024-05-01,2024-06-01,1292,prophet,21132.0,20934.441383894977
validation,3,2,2024-05-01,2024-07-01,1292,prophet,21859.0,21991.12955193599
validation,3,3,2024-05-01,2024-08-01,1292,prophet,21498.0,21502.59810086092
validation,3,1,2024-05-01,2024-06-01,1338,prophet,22926.0,21928.83892601017
validation,3,2,2024-05-01,2024-07-01,1338,prophet,22342.0,23289.71526093513
validation,3,3,2024-05-01,2024-08-01,1338,prophet,23310.0,22608.459524329843
validation,3,1,2024-05-01,2024-06-01,1426,prophet,24919.0,24266.471341465127
validation,3,2,2024-05-01,2024-07-01,1426,prophet,25212.0,25706.497138536204
validation,3,3,2024-05-01,2024-08-01,1426,prophet,25984.0,25641.3146144523
validation,3,1,2024-05-01,2024-06-01,1443,prophet,45920.0,45870.32537874303
validation,3,2,2024-05-01,2024-07-01,1443,prophet,47223.0,48724.30910591252
validation,3,3,2024-05-01,2024-08-01,1443,prophet,47939.0,48752.154895068175
validation,3,1,2024-05-01,2024-06-01,1461,prophet,46682.0,46591.65704901045
validation,3,2,2024-05-01,2024-07-01,1461,prophet,47573.0,49285.8807197022
validation,3,3,2024-05-01,2024-08-01,1461,prophet,48612.0,49129.74369309633
validation,3,1,2024-05-01,2024-06-01,1494,prophet,29749.0,28952.401443608604
validation,3,2,2024-05-01,2024-07-01,1494,prophet,30682.0,29518.093648207123
validation,3,3,2024-05-01,2024-08-01,1494,prophet,31586.0,27987.50569273299
validation,3,1,2024-05-01,2024-06-01,1555,prophet,26266.0,25472.208358298725
validation,3,2,2024-05-01,2024-07-01,1555,prophet,27268.0,26926.58097942789
validation,3,3,2024-05-01,2024-08-01,1555,prophet,27756.0,26671.370226019226
validation,3,1,2024-05-01,2024-06-01,1573,prophet,25010.0,24097.61451140024
validation,3,2,2024-05-01,2024-07-01,1573,prophet,26491.0,25918.244357180083
validation,3,3,2024-05-01,2024-08-01,1573,prophet,26258.0,25218.36638879173
validation,3,1,2024-05-01,2024-06-01,1577,prophet,30905.0,30715.167627714563
validation,3,2,2024-05-01,2024-07-01,1577,prophet,31657.0,32219.482579213724
validation,3,3,2024-05-01,2024-08-01,1577,prophet,32053.0,31769.07511875965
validation,3,1,2024-05-01,2024-06-01,1746,prophet,18994.0,18221.41020647917
validation,3,2,2024-05-01,2024-07-01,1746,prophet,18405.0,19333.714796253804
validation,3,3,2024-05-01,2024-08-01,1746,prophet,20102.0,18945.912526233013
validation,3,1,2024-05-01,2024-06-01,1770,prophet,27165.0,26605.36957696644
validation,3,2,2024-05-01,2024-07-01,1770,prophet,27155.0,27831.373152923014
validation,3,3,2024-05-01,2024-08-01,1770,prophet,27847.0,27557.46960531484
validation,3,1,2024-05-01,2024-06-01,1909,prophet,22169.0,21443.185864875
validation,3,2,2024-05-01,2024-07-01,1909,prophet,22946.0,22641.362404004703
validation,3,3,2024-05-01,2024-08-01,1909,prophet,21618.0,22217.905670470675
validation,3,1,2024-05-01,2024-06-01,1923,prophet,19628.0,17341.15672486144
validation,3,2,2024-05-01,2024-07-01,1923,prophet,17721.0,18396.419475272363
validation,3,3,2024-05-01,2024-08-01,1923,prophet,19528.0,17943.587527905023
validation,3,1,2024-05-01,2024-06-01,1930,prophet,23584.0,21850.98051557436
validation,3,2,2024-05-01,2024-07-01,1930,prophet,23866.0,22973.24861867301
validation,3,3,2024-05-01,2024-08-01,1930,prophet,24490.0,22498.76124033759
validation,3,1,2024-05-01,2024-06-01,1956,prophet,32622.0,32074.114395236847
validation,3,2,2024-05-01,2024-07-01,1956,prophet,31096.0,34151.63070782913
validation,3,3,2024-05-01,2024-08-01,1956,prophet,32917.0,31691.28966895635
validation,3,1,2024-05-01,2024-06-01,1970,prophet,61009.0,59876.67766715646
validation,3,2,2024-05-01,2024-07-01,1970,prophet,65354.0,67424.28119887164
validation,3,3,2024-05-01,2024-08-01,1970,prophet,63316.0,65166.85240240828
validation,3,1,2024-05-01,2024-06-01,2006,prophet,35610.0,34641.848659309835
validation,3,2,2024-05-01,2024-07-01,2006,prophet,35747.0,36457.45338223685
validation,3,3,2024-05-01,2024-08-01,2006,prophet,36529.0,36189.21839970268
validation,3,1,2024-05-01,2024-06-01,2061,prophet,22001.0,22546.18724867603
validation,3,2,2024-05-01,2024-07-01,2061,prophet,22442.0,23858.02483591388
validation,3,3,2024-05-01,2024-08-01,2061,prophet,22520.0,23621.558303063663
validation,3,1,2024-05-01,2024-06-01,2062,prophet,28080.0,27906.397058145107
validation,3,2,2024-05-01,2024-07-01,2062,prophet,29163.0,29233.01598551496
validation,3,3,2024-05-01,2024-08-01,2062,prophet,29024.0,28599.381044233192
validation,3,1,2024-05-01,2024-06-01,2066,prophet,25364.0,24147.56810570005
validation,3,2,2024-05-01,2024-07-01,2066,prophet,26625.0,25432.29475295509
validation,3,3,2024-05-01,2024-08-01,2066,prophet,26061.0,24866.2697769592
validation,3,1,2024-05-01,2024-06-01,2078,prophet,18134.0,16849.52270353136
validation,3,2,2024-05-01,2024-07-01,2078,prophet,19996.0,17631.290216024747
validation,3,3,2024-05-01,2024-08-01,2078,prophet,19420.0,17178.570506884524
validation,3,1,2024-05-01,2024-06-01,2079,prophet,21503.0,22012.72092548479
validation,3,2,2024-05-01,2024-07-01,2079,prophet,22081.0,22926.697431496985
validation,3,3,2024-05-01,2024-08-01,2079,prophet,23091.0,21571.964264379512
validation,3,1,2024-05-01,2024-06-01,2093,prophet,21026.0,21277.136034370225
validation,3,2,2024-05-01,2024-07-01,2093,prophet,21927.0,22979.903238356208
validation,3,3,2024-05-01,2024-08-01,2093,prophet,22334.0,23052.39320915864
validation,3,1,2024-05-01,2024-06-01,2125,prophet,23270.0,22556.12482585405
validation,3,2,2024-05-01,2024-07-01,2125,prophet,24752.0,23694.953088169907
validation,3,3,2024-05-01,2024-08-01,2125,prophet,24243.0,23062.337657464384
validation,3,1,2024-05-01,2024-06-01,2127,prophet,24707.0,22318.20076950673
validation,3,2,2024-05-01,2024-07-01,2127,prophet,25547.0,23293.70952547048
validation,3,3,2024-05-01,2024-08-01,2127,prophet,25426.0,23174.744353090824
validation,3,1,2024-05-01,2024-06-01,2139,prophet,24417.0,23435.739089410374
validation,3,2,2024-05-01,2024-07-01,2139,prophet,24975.0,24872.78570172868
validation,3,3,2024-05-01,2024-08-01,2139,prophet,24565.0,24235.246520879955
validation,3,1,2024-05-01,2024-06-01,2217,prophet,47893.0,47485.04262875301
validation,3,2,2024-05-01,2024-07-01,2217,prophet,49368.0,50039.26668244513
validation,3,3,2024-05-01,2024-08-01,2217,prophet,49128.0,48738.68597825724
validation,3,1,2024-05-01,2024-06-01,2235,prophet,37627.0,36654.900406722125
validation,3,2,2024-05-01,2024-07-01,2235,prophet,37565.0,38607.94243508084
validation,3,3,2024-05-01,2024-08-01,2235,prophet,37501.0,37297.617604011975
validation,3,1,2024-05-01,2024-06-01,2245,prophet,49992.0,47450.446928122925
validation,3,2,2024-05-01,2024-07-01,2245,prophet,52523.0,50489.56228056484
validation,3,3,2024-05-01,2024-08-01,2245,prophet,51739.0,48947.09660972642
validation,3,1,2024-05-01,2024-06-01,2278,prophet,26523.0,25232.8493385322
validation,3,2,2024-05-01,2024-07-01,2278,prophet,26621.0,26348.04641431243
validation,3,3,2024-05-01,2024-08-01,2278,prophet,28767.0,25612.780544875728
validation,3,1,2024-05-01,2024-06-01,2310,prophet,26529.0,25516.34830694006
validation,3,2,2024-05-01,2024-07-01,2310,prophet,26912.0,26857.312063432502
validation,3,3,2024-05-01,2024-08-01,2310,prophet,28432.0,26410.8758923862
validation,3,1,2024-05-01,2024-06-01,2373,prophet,53195.0,52657.919673936725
validation,3,2,2024-05-01,2024-07-01,2373,prophet,53847.0,54881.32326085871
validation,3,3,2024-05-01,2024-08-01,2373,prophet,54787.0,54623.31974667567
validation,3,1,2024-05-01,2024-06-01,2395,prophet,38695.0,38855.46819744772
validation,3,2,2024-05-01,2024-07-01,2395,prophet,38546.0,40312.94769320056
validation,3,3,2024-05-01,2024-08-01,2395,prophet,39804.0,40589.42147241024
validation,3,1,2024-05-01,2024-06-01,2453,prophet,44292.0,44946.76603823314
validation,3,2,2024-05-01,2024-07-01,2453,prophet,44684.0,46802.938091239565
validation,3,3,2024-05-01,2024-08-01,2453,prophet,45161.0,46507.36078238361
validation,3,1,2024-05-01,2024-06-01,2478,prophet,46919.0,46078.39032865052
validation,3,2,2024-05-01,2024-07-01,2478,prophet,47512.0,48217.92422476569
validation,3,3,2024-05-01,2024-08-01,2478,prophet,48040.0,47604.49899316682
validation,3,1,2024-05-01,2024-06-01,2538,prophet,54677.0,53913.130010939305
validation,3,2,2024-05-01,2024-07-01,2538,prophet,55583.0,56872.4967774741
validation,3,3,2024-05-01,2024-08-01,2538,prophet,56235.0,56934.02003835739
validation,3,1,2024-05-01,2024-06-01,2562,prophet,51437.0,49825.34522881607
validation,3,2,2024-05-01,2024-07-01,2562,prophet,53037.0,52331.68348545993
validation,3,3,2024-05-01,2024-08-01,2562,prophet,53434.0,52252.33257301242
validation,3,1,2024-05-01,2024-06-01,2573,prophet,55950.0,56086.58648097599
validation,3,2,2024-05-01,2024-07-01,2573,prophet,57826.0,59498.27157042252
validation,3,3,2024-05-01,2024-08-01,2573,prophet,58310.0,59432.85417611066
test,1,1,2024-09-01,2024-10-01,188,last,22856.0,21614.0
test,1,1,2024-09-01,2024-10-01,235,last,24065.0,22581.0
test,1,1,2024-09-01,2024-10-01,269,last,31460.0,29658.0
test,1,1,2024-09-01,2024-10-01,305,last,20684.0,19526.0
test,1,1,2024-09-01,2024-10-01,312,last,46153.0,44433.0
test,1,1,2024-09-01,2024-10-01,322,last,41303.0,45455.0
test,1,1,2024-09-01,2024-10-01,324,last,32506.0,32655.0
test,1,1,2024-09-01,2024-10-01,397,last,27743.0,26302.0
test,1,1,2024-09-01,2024-10-01,486,last,21030.0,19777.0
test,1,1,2024-09-01,2024-10-01,506,last,34296.0,32313.0
test,1,1,2024-09-01,2024-10-01,541,last,21066.0,19594.0
test,1,1,2024-09-01,2024-10-01,571,last,22583.0,21609.0
test,1,1,2024-09-01,2024-10-01,581,last,35463.0,32960.0
test,1,1,2024-09-01,2024-10-01,694,last,29686.0,26883.0
test,1,1,2024-09-01,2024-10-01,811,last,28959.0,27556.0
test,1,1,2024-09-01,2024-10-01,1053,last,25741.0,23267.0
test,1,1,2024-09-01,2024-10-01,1110,last,31918.0,30321.0
test,1,1,2024-09-01,2024-10-01,1112,last,27851.0,26964.0
test,1,1,2024-09-01,2024-10-01,1120,last,22177.0,22073.0
test,1,1,2024-09-01,2024-10-01,1184,last,34593.0,30581.0
test,1,1,2024-09-01,2024-10-01,1238,last,34429.0,33100.0
test,1,1,2024-09-01,2024-10-01,1254,last,28506.0,26191.0
test,1,1,2024-09-01,2024-10-01,1276,last,20025.0,19461.0
test,1,1,2024-09-01,2024-10-01,1286,last,21871.0,21351.0
test,1,1,2024-09-01,2024-10-01,1289,last,20454.0,18986.0
test,1,1,2024-09-01,2024-10-01,1292,last,21076.0,19694.0
test,1,1,2024-09-01,2024-10-01,1338,last,22914.0,21152.0
test,1,1,2024-09-01,2024-10-01,1426,last,25286.0,24135.0
test,1,1,2024-09-01,2024-10-01,1443,last,47672.0,45112.0
test,1,1,2024-09-01,2024-10-01,1461,last,47994.0,45896.0
test,1,1,2024-09-01,2024-10-01,1494,last,29725.0,27846.0
test,1,1,2024-09-01,2024-10-01,1555,last,28211.0,27237.0
test,1,1,2024-09-01,2024-10-01,1573,last,24762.0,24409.0
test,1,1,2024-09-01,2024-10-01,1577,last,31761.0,30049.0
test,1,1,2024-09-01,2024-10-01,1746,last,18862.0,17025.0
test,1,1,2024-09-01,2024-10-01,1763,last,17098.0,17798.0
test,1,1,2024-09-01,2024-10-01,1770,last,27539.0,25981.0
test,1,1,2024-09-01,2024-10-01,1909,last,21752.0,21760.0
test,1,1,2024-09-01,2024-10-01,1923,last,20559.0,18456.0
test,1,1,2024-09-01,2024-10-01,1930,last,24337.0,22129.0
test,1,1,2024-09-01,2024-10-01,1956,last,31586.0,30115.0
test,1,1,2024-09-01,2024-10-01,1970,last,58772.0,57290.0
test,1,1,2024-09-01,2024-10-01,2006,last,35021.0,33974.0
test,1,1,2024-09-01,2024-10-01,2061,last,22276.0,21797.0
test,1,1,2024-09-01,2024-10-01,2062,last,28636.0,27209.0
test,1,1,2024-09-01,2024-10-01,2066,last,26811.0,24668.0
test,1,1,2024-09-01,2024-10-01,2078,last,18073.0,16769.0
test,1,1,2024-09-01,2024-10-01,2079,last,26439.0,19848.0
test,1,1,2024-09-01,2024-10-01,2093,last,21742.0,19988.0
test,1,1,2024-09-01,2024-10-01,2125,last,22571.0,22181.0
test,1,1,2024-09-01,2024-10-01,2127,last,24270.0,22863.0
test,1,1,2024-09-01,2024-10-01,2139,last,24117.0,23281.0
test,1,1,2024-09-01,2024-10-01,2217,last,45426.0,43001.0
test,1,1,2024-09-01,2024-10-01,2235,last,35511.0,34259.0
test,1,1,2024-09-01,2024-10-01,2245,last,45215.0,45475.0
test,1,1,2024-09-01,2024-10-01,2278,last,27013.0,26016.0
test,1,1,2024-09-01,2024-10-01,2310,last,26844.0,26217.0
test,1,1,2024-09-01,2024-10-01,2373,last,54910.0,52061.0
test,1,1,2024-09-01,2024-10-01,2395,last,40531.0,37352.0
test,1,1,2024-09-01,2024-10-01,2453,last,45769.0,43687.0
test,1,1,2024-09-01,2024-10-01,2478,last,48564.0,45942.0
test,1,1,2024-09-01,2024-10-01,2538,last,56442.0,53699.0
test,1,1,2024-09-01,2024-10-01,2562,last,53551.0,50636.0
test,1,1,2024-09-01,2024-10-01,2573,last,58402.0,55459.0
test,1,1,2024-09-01,2024-10-01,188,seasonal,22856.0,18241.0
test,1,1,2024-09-01,2024-10-01,235,seasonal,24065.0,20005.0
test,1,1,2024-09-01,2024-10-01,269,seasonal,31460.0,25826.0
test,1,1,2024-09-01,2024-10-01,305,seasonal,20684.0,18094.0
test,1,1,2024-09-01,2024-10-01,312,seasonal,46153.0,38193.0
test,1,1,2024-09-01,2024-10-01,322,seasonal,41303.0,37252.0
test,1,1,2024-09-01,2024-10-01,324,seasonal,32506.0,30011.0
test,1,1,2024-09-01,2024-10-01,397,seasonal,27743.0,23836.0
test,1,1,2024-09-01,2024-10-01,486,seasonal,21030.0,17339.0
test,1,1,2024-09-01,2024-10-01,506,seasonal,34296.0,30367.0
test,1,1,2024-09-01,2024-10-01,541,seasonal,21066.0,18156.0
test,1,1,2024-09-01,2024-10-01,571,seasonal,22583.0,19392.0
test,1,1,2024-09-01,2024-10-01,581,seasonal,35463.0,29065.0
test,1,1,2024-09-01,2024-10-01,694,seasonal,29686.0,27714.0
test,1,1,2024-09-01,2024-10-01,811,seasonal,28959.0,24332.0
test,1,1,2024-09-01,2024-10-01,1053,seasonal,25741.0,21869.0
test,1,1,2024-09-01,2024-10-01,1110,seasonal,31918.0,26392.0
test,1,1,2024-09-01,2024-10-01,1112,seasonal,27851.0,23751.0
test,1,1,2024-09-01,2024-10-01,1120,seasonal,22177.0,19767.0
test,1,1,2024-09-01,2024-10-01,1184,seasonal,34593.0,28674.0
test,1,1,2024-09-01,2024-10-01,1238,seasonal,34429.0,28999.0
test,1,1,2024-09-01,2024-10-01,1254,seasonal,28506.0,21483.0
test,1,1,2024-09-01,2024-10-01,1276,seasonal,20025.0,19303.0
test,1,1,2024-09-01,2024-10-01,1286,seasonal,21871.0,19920.0
test,1,1,2024-09-01,2024-10-01,1289,seasonal,20454.0,17260.0
test,1,1,2024-09-01,2024-10-01,1292,seasonal,21076.0,18509.0
test,1,1,2024-09-01,2024-10-01,1338,seasonal,22914.0,20029.0
test,1,1,2024-09-01,2024-10-01,1426,seasonal,25286.0,21585.0
test,1,1,2024-09-01,2024-10-01,1443,seasonal,47672.0,41459.0
test,1,1,2024-09-01,2024-10-01,1461,seasonal,47994.0,42259.0
test,1,1,2024-09-01,2024-10-01,1494,seasonal,29725.0,25768.0
test,1,1,2024-09-01,2024-10-01,1555,seasonal,28211.0,24013.0
test,1,1,2024-09-01,2024-10-01,1573,seasonal,24762.0,21039.0
test,1,1,2024-09-01,2024-10-01,1577,seasonal,31761.0,27150.0
test,1,1,2024-09-01,2024-10-01,1746,seasonal,18862.0,16721.0
test,1,1,2024-09-01,2024-10-01,1763,seasonal,17098.0,14782.0
test,1,1,2024-09-01,2024-10-01,1770,seasonal,27539.0,23229.0
test,1,1,2024-09-01,2024-10-01,1909,seasonal,21752.0,19009.0
test,1,1,2024-09-01,2024-10-01,1923,seasonal,20559.0,15779.0
test,1,1,2024-09-01,2024-10-01,1930,seasonal,24337.0,19696.0
test,1,1,2024-09-01,2024-10-01,1956,seasonal,31586.0,31059.0
test,1,1,2024-09-01,2024-10-01,1970,seasonal,58772.0,45381.0
test,1,1,2024-09-01,2024-10-01,2006,seasonal,35021.0,31020.0
test,1,1,2024-09-01,2024-10-01,2061,seasonal,22276.0,18880.0
test,1,1,2024-09-01,2024-10-01,2062,seasonal,28636.0,24353.0
test,1,1,2024-09-01,2024-10-01,2066,seasonal,26811.0,21223.0
test,1,1,2024-09-01,2024-10-01,2078,seasonal,18073.0,15287.0
test,1,1,2024-09-01,2024-10-01,2079,seasonal,26439.0,19904.0
test,1,1,2024-09-01,2024-10-01,2093,seasonal,21742.0,18651.0
test,1,1,2024-09-01,2024-10-01,2125,seasonal,22571.0,18708.0
test,1,1,2024-09-01,2024-10-01,2127,seasonal,24270.0,19485.0
test,1,1,2024-09-01,2024-10-01,2139,seasonal,24117.0,19395.0
test,1,1,2024-09-01,2024-10-01,2217,seasonal,45426.0,39783.0
test,1,1,2024-09-01,2024-10-01,2235,seasonal,35511.0,31015.0
test,1,1,2024-09-01,2024-10-01,2245,seasonal,45215.0,38615.0
test,1,1,2024-09-01,2024-10-01,2278,seasonal,27013.0,21947.0
test,1,1,2024-09-01,2024-10-01,2310,seasonal,26844.0,24080.0
test,1,1,2024-09-01,2024-10-01,2373,seasonal,54910.0,46342.0
test,1,1,2024-09-01,2024-10-01,2395,seasonal,40531.0,35132.0
test,1,1,2024-09-01,2024-10-01,2453,seasonal,45769.0,40125.0
test,1,1,2024-09-01,2024-10-01,2478,seasonal,48564.0,42823.0
test,1,1,2024-09-01,2024-10-01,2538,seasonal,56442.0,48539.0
test,1,1,2024-09-01,2024-10-01,2562,seasonal,53551.0,45419.0
test,1,1,2024-09-01,2024-10-01,2573,seasonal,58402.0,50762.0
test,1,1,2024-09-01,2024-10-01,188,seasonal_scaled,22856.0,22566.714558675227
test,1,1,2024-09-01,2024-10-01,235,seasonal_scaled,24065.0,23340.544848610105
test,1,1,2024-09-01,2024-10-01,269,seasonal_scaled,31460.0,30423.717349857005
test,1,1,2024-09-01,2024-10-01,305,seasonal_scaled,20684.0,20702.18235087308
test,1,1,2024-09-01,2024-10-01,312,seasonal_scaled,46153.0,45061.76328389583
test,1,1,2024-09-01,2024-10-01,322,seasonal_scaled,41303.0,43174.5960770142
test,1,1,2024-09-01,2024-10-01,324,seasonal_scaled,32506.0,34919.266167824695
test,1,1,2024-09-01,2024-10-01,397,seasonal_scaled,27743.0,28269.02584594457
test,1,1,2024-09-01,2024-10-01,486,seasonal_scaled,21030.0,19727.32099514564
test,1,1,2024-09-01,2024-10-01,506,seasonal_scaled,34296.0,33598.58242739185
test,1,1,2024-09-01,2024-10-01,541,seasonal_scaled,21066.0,21096.40083891759
test,1,1,2024-09-01,2024-10-01,571,seasonal_scaled,22583.0,22069.9282667088
test,1,1,2024-09-01,2024-10-01,581,seasonal_scaled,35463.0,33453.7038821372
test,1,1,2024-09-01,2024-10-01,694,seasonal_scaled,29686.0,30162.092640571387
test,1,1,2024-09-01,2024-10-01,811,seasonal_scaled,28959.0,28754.663659430506
test,1,1,2024-09-01,2024-10-01,1053,seasonal_scaled,25741.0,24040.83694233107
test,1,1,2024-09-01,2024-10-01,1110,seasonal_scaled,31918.0,30983.478267281105
test,1,1,2024-09-01,2024-10-01,1112,seasonal_scaled,27851.0,27876.50101832994
test,1,1,2024-09-01,2024-10-01,1120,seasonal_scaled,22177.0,22654.76377118644
test,1,1,2024-09-01,2024-10-01,1184,seasonal_scaled,34593.0,32951.771598211264
test,1,1,2024-09-01,2024-10-01,1238,seasonal_scaled,34429.0,34851.56662253454
test,1,1,2024-09-01,2024-10-01,1254,seasonal_scaled,28506.0,25828.318854171102
test,1,1,2024-09-01,2024-10-01,1276,seasonal_scaled,20025.0,21334.894736842107
test,1,1,2024-09-01,2024-10-01,1286,seasonal_scaled,21871.0,23018.45104724793
test,1,1,2024-09-01,2024-10-01,1289,seasonal_scaled,20454.0,19088.854197005883
test,1,1,2024-09-01,2024-10-01,1292,seasonal_scaled,21076.0,20257.94124834538
test,1,1,2024-09-01,2024-10-01,1338,seasonal_scaled,22914.0,22003.397112288352
test,1,1,2024-09-01,2024-10-01,1426,seasonal_scaled,25286.0,24911.92584115358
test,1,1,2024-09-01,2024-10-01,1443,seasonal_scaled,47672.0,48047.93910310649
test,1,1,2024-09-01,2024-10-01,1461,seasonal_scaled,47994.0,48927.63043636984
test,1,1,2024-09-01,2024-10-01,1494,seasonal_scaled,29725.0,29532.47080796384
test,1,1,2024-09-01,2024-10-01,1555,seasonal_scaled,28211.0,27889.36382996848
test,1,1,2024-09-01,2024-10-01,1573,seasonal_scaled,24762.0,24802.75059164453
test,1,1,2024-09-01,2024-10-01,1577,seasonal_scaled,31761.0,31113.624575721748
test,1,1,2024-09-01,2024-10-01,1746,seasonal_scaled,18862.0,17875.81348745353
test,1,1,2024-09-01,2024-10-01,1763,seasonal_scaled,17098.0,16298.47825548259
test,1,1,2024-09-01,2024-10-01,1770,seasonal_scaled,27539.0,26272.806974010706
test,1,1,2024-09-01,2024-10-01,1909,seasonal_scaled,21752.0,22018.19858657244
test,1,1,2024-09-01,2024-10-01,1923,seasonal_scaled,20559.0,17470.789363270396
test,1,1,2024-09-01,2024-10-01,1930,seasonal_scaled,24337.0,23025.458535390644
test,1,1,2024-09-01,2024-10-01,1956,seasonal_scaled,31586.0,28841.376184834124
test,1,1,2024-09-01,2024-10-01,1970,seasonal_scaled,58772.0,50534.68067269847
test,1,1,2024-09-01,2024-10-01,2006,seasonal_scaled,35021.0,37024.32870446005
test,1,1,2024-09-01,2024-10-01,2061,seasonal_scaled,22276.0,20431.33185456649
test,1,1,2024-09-01,2024-10-01,2062,seasonal_scaled,28636.0,28484.600288773912
test,1,1,2024-09-01,2024-10-01,2066,seasonal_scaled,26811.0,25032.66623842644
test,1,1,2024-09-01,2024-10-01,2078,seasonal_scaled,18073.0,18936.88460802449
test,1,1,2024-09-01,2024-10-01,2079,seasonal_scaled,26439.0,23170.357302052784
test,1,1,2024-09-01,2024-10-01,2093,seasonal_scaled,21742.0,21197.46750801486
test,1,1,2024-09-01,2024-10-01,2125,seasonal_scaled,22571.0,23201.68565837294
test,1,1,2024-09-01,2024-10-01,2127,seasonal_scaled,24270.0,24415.518743834265
test,1,1,2024-09-01,2024-10-01,2139,seasonal_scaled,24117.0,22625.0439262988
test,1,1,2024-09-01,2024-10-01,2217,seasonal_scaled,45426.0,45601.41038798208
test,1,1,2024-09-01,2024-10-01,2235,seasonal_scaled,35511.0,34792.94968440575
test,1,1,2024-09-01,2024-10-01,2245,seasonal_scaled,45215.0,44564.51506229264
test,1,1,2024-09-01,2024-10-01,2278,seasonal_scaled,27013.0,26136.279044218623
test,1,1,2024-09-01,2024-10-01,2310,seasonal_scaled,26844.0,28109.811134833308
test,1,1,2024-09-01,2024-10-01,2373,seasonal_scaled,54910.0,55016.1250297948
test,1,1,2024-09-01,2024-10-01,2395,seasonal_scaled,40531.0,39906.23046629758
test,1,1,2024-09-01,2024-10-01,2453,seasonal_scaled,45769.0,45780.44888162598
test,1,1,2024-09-01,2024-10-01,2478,seasonal_scaled,48564.0,48380.06020412962
test,1,1,2024-09-01,2024-10-01,2538,seasonal_scaled,56442.0,56486.36601618277
test,1,1,2024-09-01,2024-10-01,2562,seasonal_scaled,53551.0,54644.334901943126
test,1,1,2024-09-01,2024-10-01,2573,seasonal_scaled,58402.0,59324.41215376598
test,1,1,2024-09-01,2024-10-01,188,ridge,22856.0,20906.48528149952
test,1,1,2024-09-01,2024-10-01,235,ridge,24065.0,22510.09757713716
test,1,1,2024-09-01,2024-10-01,269,ridge,31460.0,28223.93334204291
test,1,1,2024-09-01,2024-10-01,305,ridge,20684.0,19367.78574438521
test,1,1,2024-09-01,2024-10-01,312,ridge,46153.0,44205.78342111386
test,1,1,2024-09-01,2024-10-01,322,ridge,41303.0,47420.19675835165
test,1,1,2024-09-01,2024-10-01,324,ridge,32506.0,33574.231663111575
test,1,1,2024-09-01,2024-10-01,397,ridge,27743.0,25515.072572150653
test,1,1,2024-09-01,2024-10-01,486,ridge,21030.0,18641.47806291312
test,1,1,2024-09-01,2024-10-01,506,ridge,34296.0,32011.107637614467
test,1,1,2024-09-01,2024-10-01,541,ridge,21066.0,20014.23641614979
test,1,1,2024-09-01,2024-10-01,571,ridge,22583.0,21019.905893146533
test,1,1,2024-09-01,2024-10-01,581,ridge,35463.0,32794.19206067435
test,1,1,2024-09-01,2024-10-01,694,ridge,29686.0,28329.52099688005
test,1,1,2024-09-01,2024-10-01,811,ridge,28959.0,26341.02033593222
test,1,1,2024-09-01,2024-10-01,1053,ridge,25741.0,22483.08216154267
test,1,1,2024-09-01,2024-10-01,1110,ridge,31918.0,29150.575127837576
test,1,1,2024-09-01,2024-10-01,1112,ridge,27851.0,25863.4017095525
test,1,1,2024-09-01,2024-10-01,1120,ridge,22177.0,21575.889460790942
test,1,1,2024-09-01,2024-10-01,1184,ridge,34593.0,29918.957346530144
test,1,1,2024-09-01,2024-10-01,1238,ridge,34429.0,32078.547962787663
test,1,1,2024-09-01,2024-10-01,1254,ridge,28506.0,24871.67707658892
test,1,1,2024-09-01,2024-10-01,1276,ridge,20025.0,19064.8610304449
test,1,1,2024-09-01,2024-10-01,1286,ridge,21871.0,20748.80499990624
test,1,1,2024-09-01,2024-10-01,1289,ridge,20454.0,18891.47495889979
test,1,1,2024-09-01,2024-10-01,1292,ridge,21076.0,19605.03834785119
test,1,1,2024-09-01,2024-10-01,1338,ridge,22914.0,20931.13655830862
test,1,1,2024-09-01,2024-10-01,1426,ridge,25286.0,23236.959097285904
test,1,1,2024-09-01,2024-10-01,1443,ridge,47672.0,44374.79460699172
test,1,1,2024-09-01,2024-10-01,1461,ridge,47994.0,45057.57714669463
test,1,1,2024-09-01,2024-10-01,1494,ridge,29725.0,28023.02107121687
test,1,1,2024-09-01,2024-10-01,1555,ridge,28211.0,25658.55483674107
test,1,1,2024-09-01,2024-10-01,1573,ridge,24762.0,23541.47792927494
test,1,1,2024-09-01,2024-10-01,1577,ridge,31761.0,29227.07070137764
test,1,1,2024-09-01,2024-10-01,1746,ridge,18862.0,17159.001459376588
test,1,1,2024-09-01,2024-10-01,1763,ridge,17098.0,16200.19023840732
test,1,1,2024-09-01,2024-10-01,1770,ridge,27539.0,25112.462849469623
test,1,1,2024-09-01,2024-10-01,1909,ridge,21752.0,20441.652440561786
test,1,1,2024-09-01,2024-10-01,1923,ridge,20559.0,16841.946065457996
test,1,1,2024-09-01,2024-10-01,1930,ridge,24337.0,21614.06260178136
test,1,1,2024-09-01,2024-10-01,1956,ridge,31586.0,30687.47759286153
test,1,1,2024-09-01,2024-10-01,1970,ridge,58772.0,55636.67107103358
test,1,1,2024-09-01,2024-10-01,2006,ridge,35021.0,33256.35904750904
test,1,1,2024-09-01,2024-10-01,2061,ridge,22276.0,20396.20663902741
test,1,1,2024-09-01,2024-10-01,2062,ridge,28636.0,26475.12684487385
test,1,1,2024-09-01,2024-10-01,2066,ridge,26811.0,23702.48411775089
test,1,1,2024-09-01,2024-10-01,2078,ridge,18073.0,17082.06956196843
test,1,1,2024-09-01,2024-10-01,2079,ridge,26439.0,20625.78540720107
test,1,1,2024-09-01,2024-10-01,2093,ridge,21742.0,19901.187043116428
test,1,1,2024-09-01,2024-10-01,2125,ridge,22571.0,21367.708863288004
test,1,1,2024-09-01,2024-10-01,2127,ridge,24270.0,22209.992194653933
test,1,1,2024-09-01,2024-10-01,2139,ridge,24117.0,22023.28085525177
test,1,1,2024-09-01,2024-10-01,2217,ridge,45426.0,44161.44635322626
test,1,1,2024-09-01,2024-10-01,2235,ridge,35511.0,33904.22161654296
test,1,1,2024-09-01,2024-10-01,2245,ridge,45215.0,45526.02134549774
test,1,1,2024-09-01,2024-10-01,2278,ridge,27013.0,24604.321799471527
test,1,1,2024-09-01,2024-10-01,2310,ridge,26844.0,25531.97696660663
test,1,1,2024-09-01,2024-10-01,2373,ridge,54910.0,50477.84531060529
test,1,1,2024-09-01,2024-10-01,2395,ridge,40531.0,36791.01542570399
test,1,1,2024-09-01,2024-10-01,2453,ridge,45769.0,42396.47090085238
test,1,1,2024-09-01,2024-10-01,2478,ridge,48564.0,45171.31399847563
test,1,1,2024-09-01,2024-10-01,2538,ridge,56442.0,52373.39673740656
test,1,1,2024-09-01,2024-10-01,2562,ridge,53551.0,49406.57738416869
test,1,1,2024-09-01,2024-10-01,2573,ridge,58402.0,54462.99763978783
test,1,1,2024-09-01,2024-10-01,188,boosting,22856.0,22755.912294425834
test,1,1,2024-09-01,2024-10-01,235,boosting,24065.0,23884.29164167326
test,1,1,2024-09-01,2024-10-01,269,boosting,31460.0,29739.658019187216
test,1,1,2024-09-01,2024-10-01,305,boosting,20684.0,20157.62960220769
test,1,1,2024-09-01,2024-10-01,312,boosting,46153.0,46828.286429452506
test,1,1,2024-09-01,2024-10-01,322,boosting,41303.0,48218.74473453877
test,1,1,2024-09-01,2024-10-01,324,boosting,32506.0,34300.81428127932
test,1,1,2024-09-01,2024-10-01,397,boosting,27743.0,26680.82812679826
test,1,1,2024-09-01,2024-10-01,486,boosting,21030.0,19842.16509341183
test,1,1,2024-09-01,2024-10-01,506,boosting,34296.0,33219.51862631673
test,1,1,2024-09-01,2024-10-01,541,boosting,21066.0,20832.124655047257
test,1,1,2024-09-01,2024-10-01,571,boosting,22583.0,21831.9592338236
test,1,1,2024-09-01,2024-10-01,581,boosting,35463.0,34412.023434512485
test,1,1,2024-09-01,2024-10-01,694,boosting,29686.0,28777.588276078885
test,1,1,2024-09-01,2024-10-01,811,boosting,28959.0,27683.38738593156
test,1,1,2024-09-01,2024-10-01,1053,boosting,25741.0,23946.79967191892
test,1,1,2024-09-01,2024-10-01,1110,boosting,31918.0,30517.51101047368
test,1,1,2024-09-01,2024-10-01,1112,boosting,27851.0,27258.592936132725
test,1,1,2024-09-01,2024-10-01,1120,boosting,22177.0,23107.538165421487
test,1,1,2024-09-01,2024-10-01,1184,boosting,34593.0,31457.10090130267
test,1,1,2024-09-01,2024-10-01,1238,boosting,34429.0,33852.59244244998
test,1,1,2024-09-01,2024-10-01,1254,boosting,28506.0,27450.094700172765
test,1,1,2024-09-01,2024-10-01,1276,boosting,20025.0,19892.98532270628
test,1,1,2024-09-01,2024-10-01,1286,boosting,21871.0,22076.936940265925
test,1,1,2024-09-01,2024-10-01,1289,boosting,20454.0,20107.72054257318
test,1,1,2024-09-01,2024-10-01,1292,boosting,21076.0,20724.01066553063
test,1,1,2024-09-01,2024-10-01,1338,boosting,22914.0,21774.996568932936
test,1,1,2024-09-01,2024-10-01,1426,boosting,25286.0,24427.626883790424
test,1,1,2024-09-01,2024-10-01,1443,boosting,47672.0,46162.04492691415
test,1,1,2024-09-01,2024-10-01,1461,boosting,47994.0,46991.56666909568
test,1,1,2024-09-01,2024-10-01,1494,boosting,29725.0,29102.5811666633
test,1,1,2024-09-01,2024-10-01,1555,boosting,28211.0,27023.29351075528
test,1,1,2024-09-01,2024-10-01,1573,boosting,24762.0,25131.02846133081
test,1,1,2024-09-01,2024-10-01,1577,boosting,31761.0,30271.73769611494
test,1,1,2024-09-01,2024-10-01,1746,boosting,18862.0,17750.871518908825
test,1,1,2024-09-01,2024-10-01,1763,boosting,17098.0,16886.893607956226
test,1,1,2024-09-01,2024-10-01,1770,boosting,27539.0,26251.856603432843
test,1,1,2024-09-01,2024-10-01,1909,boosting,21752.0,21959.16599392468
test,1,1,2024-09-01,2024-10-01,1923,boosting,20559.0,18620.660683390342
test,1,1,2024-09-01,2024-10-01,1930,boosting,24337.0,22729.90145248108
test,1,1,2024-09-01,2024-10-01,1956,boosting,31586.0,31599.440078947504
test,1,1,2024-09-01,2024-10-01,1970,boosting,58772.0,60632.159666795
test,1,1,2024-09-01,2024-10-01,2006,boosting,35021.0,34777.8411968788
test,1,1,2024-09-01,2024-10-01,2061,boosting,22276.0,21845.324904192334
test,1,1,2024-09-01,2024-10-01,2062,boosting,28636.0,27934.98690417237
test,1,1,2024-09-01,2024-10-01,2066,boosting,26811.0,25347.75294411324
test,1,1,2024-09-01,2024-10-01,2078,boosting,18073.0,17777.337347937082
test,1,1,2024-09-01,2024-10-01,2079,boosting,26439.0,21089.05132582729
test,1,1,2024-09-01,2024-10-01,2093,boosting,21742.0,20753.12117208342
test,1,1,2024-09-01,2024-10-01,2125,boosting,22571.0,23760.05972888016
test,1,1,2024-09-01,2024-10-01,2127,boosting,24270.0,24677.144380441703
test,1,1,2024-09-01,2024-10-01,2139,boosting,24117.0,24425.700749503587
test,1,1,2024-09-01,2024-10-01,2217,boosting,45426.0,45477.44781740153
test,1,1,2024-09-01,2024-10-01,2235,boosting,35511.0,35272.75232122721
test,1,1,2024-09-01,2024-10-01,2245,boosting,45215.0,48874.55521171177
test,1,1,2024-09-01,2024-10-01,2278,boosting,27013.0,24995.73710215132
test,1,1,2024-09-01,2024-10-01,2310,boosting,26844.0,26913.363136880955
test,1,1,2024-09-01,2024-10-01,2373,boosting,54910.0,52210.61477244978
test,1,1,2024-09-01,2024-10-01,2395,boosting,40531.0,38185.20384108671
test,1,1,2024-09-01,2024-10-01,2453,boosting,45769.0,44461.1936433797
test,1,1,2024-09-01,2024-10-01,2478,boosting,48564.0,47126.043632318986
test,1,1,2024-09-01,2024-10-01,2538,boosting,56442.0,53833.71673510751
test,1,1,2024-09-01,2024-10-01,2562,boosting,53551.0,50762.83027239941
test,1,1,2024-09-01,2024-10-01,2573,boosting,58402.0,56658.63617293083
test,1,1,2024-09-01,2024-10-01,188,boosting_news,22856.0,22704.073564088696
test,1,1,2024-09-01,2024-10-01,235,boosting_news,24065.0,24088.17288292089
test,1,1,2024-09-01,2024-10-01,269,boosting_news,31460.0,29735.117050449408
test,1,1,2024-09-01,2024-10-01,305,boosting_news,20684.0,20384.46667802833
test,1,1,2024-09-01,2024-10-01,312,boosting_news,46153.0,47335.92584474303
test,1,1,2024-09-01,2024-10-01,322,boosting_news,41303.0,47630.69612229355
test,1,1,2024-09-01,2024-10-01,324,boosting_news,32506.0,34825.14712673164
test,1,1,2024-09-01,2024-10-01,397,boosting_news,27743.0,26885.42627767533
test,1,1,2024-09-01,2024-10-01,486,boosting_news,21030.0,19930.708015724085
test,1,1,2024-09-01,2024-10-01,506,boosting_news,34296.0,33553.313718695696
test,1,1,2024-09-01,2024-10-01,541,boosting_news,21066.0,21014.030737595785
test,1,1,2024-09-01,2024-10-01,571,boosting_news,22583.0,21973.00322346725
test,1,1,2024-09-01,2024-10-01,581,boosting_news,35463.0,34845.46965727876
test,1,1,2024-09-01,2024-10-01,694,boosting_news,29686.0,28967.50037316329
test,1,1,2024-09-01,2024-10-01,811,boosting_news,28959.0,27898.821469970582
test,1,1,2024-09-01,2024-10-01,1053,boosting_news,25741.0,24062.13262548737
test,1,1,2024-09-01,2024-10-01,1110,boosting_news,31918.0,30714.91216354997
test,1,1,2024-09-01,2024-10-01,1112,boosting_news,27851.0,27467.32212519804
test,1,1,2024-09-01,2024-10-01,1120,boosting_news,22177.0,23343.050399845783
test,1,1,2024-09-01,2024-10-01,1184,boosting_news,34593.0,31726.38006194543
test,1,1,2024-09-01,2024-10-01,1238,boosting_news,34429.0,34119.73375849366
test,1,1,2024-09-01,2024-10-01,1254,boosting_news,28506.0,27437.525801460204
test,1,1,2024-09-01,2024-10-01,1276,boosting_news,20025.0,19982.17759009928
test,1,1,2024-09-01,2024-10-01,1286,boosting_news,21871.0,22172.93450126063
test,1,1,2024-09-01,2024-10-01,1289,boosting_news,20454.0,20260.138569637715
test,1,1,2024-09-01,2024-10-01,1292,boosting_news,21076.0,20874.418024055063
test,1,1,2024-09-01,2024-10-01,1338,boosting_news,22914.0,21991.60192248144
test,1,1,2024-09-01,2024-10-01,1426,boosting_news,25286.0,24671.2561429142
test,1,1,2024-09-01,2024-10-01,1443,boosting_news,47672.0,46401.32558645941
test,1,1,2024-09-01,2024-10-01,1461,boosting_news,47994.0,47235.00577954279
test,1,1,2024-09-01,2024-10-01,1494,boosting_news,29725.0,29426.505726160485
test,1,1,2024-09-01,2024-10-01,1555,boosting_news,28211.0,27165.77177898038
test,1,1,2024-09-01,2024-10-01,1573,boosting_news,24762.0,25302.591356697627
test,1,1,2024-09-01,2024-10-01,1577,boosting_news,31761.0,30404.99648785879
test,1,1,2024-09-01,2024-10-01,1746,boosting_news,18862.0,17890.286446335183
test,1,1,2024-09-01,2024-10-01,1763,boosting_news,17098.0,17007.171784749808
test,1,1,2024-09-01,2024-10-01,1770,boosting_news,27539.0,26435.458303584503
test,1,1,2024-09-01,2024-10-01,1909,boosting_news,21752.0,22030.31236688069
test,1,1,2024-09-01,2024-10-01,1923,boosting_news,20559.0,18709.456759316337
test,1,1,2024-09-01,2024-10-01,1930,boosting_news,24337.0,22999.36814529405
test,1,1,2024-09-01,2024-10-01,1956,boosting_news,31586.0,31838.88260609107
test,1,1,2024-09-01,2024-10-01,1970,boosting_news,58772.0,60889.17564951973
test,1,1,2024-09-01,2024-10-01,2006,boosting_news,35021.0,35206.21931895669
test,1,1,2024-09-01,2024-10-01,2061,boosting_news,22276.0,21996.04135382949
test,1,1,2024-09-01,2024-10-01,2062,boosting_news,28636.0,28170.694355350453
test,1,1,2024-09-01,2024-10-01,2066,boosting_news,26811.0,25462.39825889936
test,1,1,2024-09-01,2024-10-01,2078,boosting_news,18073.0,17923.389317118745
test,1,1,2024-09-01,2024-10-01,2079,boosting_news,26439.0,21235.02518579709
test,1,1,2024-09-01,2024-10-01,2093,boosting_news,21742.0,20929.345835154905
test,1,1,2024-09-01,2024-10-01,2125,boosting_news,22571.0,23812.187336240324
test,1,1,2024-09-01,2024-10-01,2127,boosting_news,24270.0,24762.57777071705
test,1,1,2024-09-01,2024-10-01,2139,boosting_news,24117.0,24445.8930769302
test,1,1,2024-09-01,2024-10-01,2217,boosting_news,45426.0,46143.07109688639
test,1,1,2024-09-01,2024-10-01,2235,boosting_news,35511.0,35673.48977646254
test,1,1,2024-09-01,2024-10-01,2245,boosting_news,45215.0,49138.83595917517
test,1,1,2024-09-01,2024-10-01,2278,boosting_news,27013.0,24986.72829741661
test,1,1,2024-09-01,2024-10-01,2310,boosting_news,26844.0,27196.25576307565
test,1,1,2024-09-01,2024-10-01,2373,boosting_news,54910.0,52485.5859165941
test,1,1,2024-09-01,2024-10-01,2395,boosting_news,40531.0,38365.408597211805
test,1,1,2024-09-01,2024-10-01,2453,boosting_news,45769.0,44710.39264753292
test,1,1,2024-09-01,2024-10-01,2478,boosting_news,48564.0,47345.25967677208
test,1,1,2024-09-01,2024-10-01,2538,boosting_news,56442.0,54175.33990064792
test,1,1,2024-09-01,2024-10-01,2562,boosting_news,53551.0,51131.73296973229
test,1,1,2024-09-01,2024-10-01,2573,boosting_news,58402.0,56987.0097279722
test,1,1,2024-09-01,2024-10-01,188,prophet,22856.0,21526.54157987772
test,1,1,2024-09-01,2024-10-01,235,prophet,24065.0,21252.329008582623
test,1,1,2024-09-01,2024-10-01,269,prophet,31460.0,30404.86863551964
test,1,1,2024-09-01,2024-10-01,305,prophet,20684.0,20681.55459475818
test,1,1,2024-09-01,2024-10-01,312,prophet,46153.0,45137.46787808395
test,1,1,2024-09-01,2024-10-01,322,prophet,41303.0,42555.839530547964
test,1,1,2024-09-01,2024-10-01,324,prophet,32506.0,33496.427135361795
test,1,1,2024-09-01,2024-10-01,397,prophet,27743.0,27774.544343975205
test,1,1,2024-09-01,2024-10-01,486,prophet,21030.0,19248.85411596745
test,1,1,2024-09-01,2024-10-01,506,prophet,34296.0,34236.11647090655
test,1,1,2024-09-01,2024-10-01,541,prophet,21066.0,21236.56085883681
test,1,1,2024-09-01,2024-10-01,571,prophet,22583.0,21969.502300194068
test,1,1,2024-09-01,2024-10-01,581,prophet,35463.0,33001.33846645672
test,1,1,2024-09-01,2024-10-01,694,prophet,29686.0,30191.77417616933
test,1,1,2024-09-01,2024-10-01,811,prophet,28959.0,29189.145505878045
test,1,1,2024-09-01,2024-10-01,1053,prophet,25741.0,23848.108868862382
test,1,1,2024-09-01,2024-10-01,1110,prophet,31918.0,31623.25004850636
test,1,1,2024-09-01,2024-10-01,1112,prophet,27851.0,27883.22810539084
test,1,1,2024-09-01,2024-10-01,1120,prophet,22177.0,22807.831493042235
test,1,1,2024-09-01,2024-10-01,1184,prophet,34593.0,31819.961336625653
test,1,1,2024-09-01,2024-10-01,1238,prophet,34429.0,34313.52731269488
test,1,1,2024-09-01,2024-10-01,1254,prophet,28506.0,24747.01249213649
test,1,1,2024-09-01,2024-10-01,1276,prophet,20025.0,19936.81053950056
test,1,1,2024-09-01,2024-10-01,1286,prophet,21871.0,22132.33728257337
test,1,1,2024-09-01,2024-10-01,1289,prophet,20454.0,19171.610679000823
test,1,1,2024-09-01,2024-10-01,1292,prophet,21076.0,20198.70739546205
test,1,1,2024-09-01,2024-10-01,1338,prophet,22914.0,22151.47542954211
test,1,1,2024-09-01,2024-10-01,1426,prophet,25286.0,24765.680100429294
test,1,1,2024-09-01,2024-10-01,1443,prophet,47672.0,47937.45014754648
test,1,1,2024-09-01,2024-10-01,1461,prophet,47994.0,48584.42190355626
test,1,1,2024-09-01,2024-10-01,1494,prophet,29725.0,28494.92831237475
test,1,1,2024-09-01,2024-10-01,1555,prophet,28211.0,27838.280637138825
test,1,1,2024-09-01,2024-10-01,1573,prophet,24762.0,23997.44974244036
test,1,1,2024-09-01,2024-10-01,1577,prophet,31761.0,31063.922947471456
test,1,1,2024-09-01,2024-10-01,1746,prophet,18862.0,18442.0019579108
test,1,1,2024-09-01,2024-10-01,1763,prophet,17098.0,16846.371049687874
test,1,1,2024-09-01,2024-10-01,1770,prophet,27539.0,26356.79128053112
test,1,1,2024-09-01,2024-10-01,1909,prophet,21752.0,22037.38768895598
test,1,1,2024-09-01,2024-10-01,1923,prophet,20559.0,17230.3066257636
test,1,1,2024-09-01,2024-10-01,1930,prophet,24337.0,22567.626726100963
test,1,1,2024-09-01,2024-10-01,1956,prophet,31586.0,28752.764797497413
test,1,1,2024-09-01,2024-10-01,1970,prophet,58772.0,54137.18659184523
test,1,1,2024-09-01,2024-10-01,2006,prophet,35021.0,36292.24718812444
test,1,1,2024-09-01,2024-10-01,2061,prophet,22276.0,21919.53443512032
test,1,1,2024-09-01,2024-10-01,2062,prophet,28636.0,28041.38784984315
test,1,1,2024-09-01,2024-10-01,2066,prophet,26811.0,25142.03825841509
test,1,1,2024-09-01,2024-10-01,2078,prophet,18073.0,17242.154979394403
test,1,1,2024-09-01,2024-10-01,2079,prophet,26439.0,22235.11502711044
test,1,1,2024-09-01,2024-10-01,2093,prophet,21742.0,21500.405453204454
test,1,1,2024-09-01,2024-10-01,2125,prophet,22571.0,22454.996502425733
test,1,1,2024-09-01,2024-10-01,2127,prophet,24270.0,23323.47439657999
test,1,1,2024-09-01,2024-10-01,2139,prophet,24117.0,23125.50784824157
test,1,1,2024-09-01,2024-10-01,2217,prophet,45426.0,45219.67949149145
test,1,1,2024-09-01,2024-10-01,2235,prophet,35511.0,34410.56159866629
test,1,1,2024-09-01,2024-10-01,2245,prophet,45215.0,43841.95056976895
test,1,1,2024-09-01,2024-10-01,2278,prophet,27013.0,25933.161371351867
test,1,1,2024-09-01,2024-10-01,2310,prophet,26844.0,26582.7407772727
test,1,1,2024-09-01,2024-10-01,2373,prophet,54910.0,54731.11869552208
test,1,1,2024-09-01,2024-10-01,2395,prophet,40531.0,39717.73507194205
test,1,1,2024-09-01,2024-10-01,2453,prophet,45769.0,46037.39673538023
test,1,1,2024-09-01,2024-10-01,2478,prophet,48564.0,48028.17259110602
test,1,1,2024-09-01,2024-10-01,2538,prophet,56442.0,56341.84206652152
test,1,1,2024-09-01,2024-10-01,2562,prophet,53551.0,53084.57261050653
test,1,1,2024-09-01,2024-10-01,2573,prophet,58402.0,59161.45918698097
test,1,1,2024-10-01,2024-11-01,188,last,20266.0,22856.0
test,1,1,2024-10-01,2024-11-01,235,last,23560.0,24065.0
test,1,1,2024-10-01,2024-11-01,269,last,32221.0,31460.0
test,1,1,2024-10-01,2024-11-01,305,last,20928.0,20684.0
test,1,1,2024-10-01,2024-11-01,312,last,45441.0,46153.0
test,1,1,2024-10-01,2024-11-01,322,last,36654.0,41303.0
test,1,1,2024-10-01,2024-11-01,324,last,30410.0,32506.0
test,1,1,2024-10-01,2024-11-01,397,last,27685.0,27743.0
test,1,1,2024-10-01,2024-11-01,486,last,20679.0,21030.0
test,1,1,2024-10-01,2024-11-01,506,last,34082.0,34296.0
test,1,1,2024-10-01,2024-11-01,541,last,21921.0,21066.0
test,1,1,2024-10-01,2024-11-01,571,last,22311.0,22583.0
test,1,1,2024-10-01,2024-11-01,581,last,34061.0,35463.0
test,1,1,2024-10-01,2024-11-01,694,last,30860.0,29686.0
test,1,1,2024-10-01,2024-11-01,811,last,29141.0,28959.0
test,1,1,2024-10-01,2024-11-01,1053,last,25488.0,25741.0
test,1,1,2024-10-01,2024-11-01,1110,last,31856.0,31918.0
test,1,1,2024-10-01,2024-11-01,1112,last,28146.0,27851.0
test,1,1,2024-10-01,2024-11-01,1120,last,23343.0,22177.0
test,1,1,2024-10-01,2024-11-01,1184,last,34925.0,34593.0
test,1,1,2024-10-01,2024-11-01,1238,last,34687.0,34429.0
test,1,1,2024-10-01,2024-11-01,1254,last,26984.0,28506.0
test,1,1,2024-10-01,2024-11-01,1276,last,18688.0,20025.0
test,1,1,2024-10-01,2024-11-01,1286,last,22115.0,21871.0
test,1,1,2024-10-01,2024-11-01,1289,last,19936.0,20454.0
test,1,1,2024-10-01,2024-11-01,1292,last,20235.0,21076.0
test,1,1,2024-10-01,2024-11-01,1338,last,22683.0,22914.0
test,1,1,2024-10-01,2024-11-01,1426,last,25946.0,25286.0
test,1,1,2024-10-01,2024-11-01,1443,last,48360.0,47672.0
test,1,1,2024-10-01,2024-11-01,1461,last,48527.0,47994.0
test,1,1,2024-10-01,2024-11-01,1494,last,29450.0,29725.0
test,1,1,2024-10-01,2024-11-01,1555,last,28609.0,28211.0
test,1,1,2024-10-01,2024-11-01,1573,last,24828.0,24762.0
test,1,1,2024-10-01,2024-11-01,1577,last,32759.0,31761.0
test,1,1,2024-10-01,2024-11-01,1746,last,18732.0,18862.0
test,1,1,2024-10-01,2024-11-01,1763,last,18179.0,17098.0
test,1,1,2024-10-01,2024-11-01,1770,last,26068.0,27539.0
test,1,1,2024-10-01,2024-11-01,1909,last,22405.0,21752.0
test,1,1,2024-10-01,2024-11-01,1923,last,20959.0,20559.0
test,1,1,2024-10-01,2024-11-01,1930,last,24248.0,24337.0
test,1,1,2024-10-01,2024-11-01,1956,last,31964.0,31586.0
test,1,1,2024-10-01,2024-11-01,1970,last,54514.0,58772.0
test,1,1,2024-10-01,2024-11-01,2006,last,36137.0,35021.0
test,1,1,2024-10-01,2024-11-01,2061,last,23003.0,22276.0
test,1,1,2024-10-01,2024-11-01,2062,last,28149.0,28636.0
test,1,1,2024-10-01,2024-11-01,2066,last,25165.0,26811.0
test,1,1,2024-10-01,2024-11-01,2078,last,19518.0,18073.0
test,1,1,2024-10-01,2024-11-01,2079,last,23111.0,26439.0
test,1,1,2024-10-01,2024-11-01,2093,last,21839.0,21742.0
test,1,1,2024-10-01,2024-11-01,2125,last,23957.0,22571.0
test,1,1,2024-10-01,2024-11-01,2127,last,24629.0,24270.0
test,1,1,2024-10-01,2024-11-01,2139,last,24305.0,24117.0
test,1,1,2024-10-01,2024-11-01,2217,last,44997.0,45426.0
test,1,1,2024-10-01,2024-11-01,2235,last,35222.0,35511.0
test,1,1,2024-10-01,2024-11-01,2245,last,43221.0,45215.0
test,1,1,2024-10-01,2024-11-01,2278,last,27542.0,27013.0
test,1,1,2024-10-01,2024-11-01,2310,last,27662.0,26844.0
test,1,1,2024-10-01,2024-11-01,2373,last,55619.0,54910.0
test,1,1,2024-10-01,2024-11-01,2395,last,40208.0,40531.0
test,1,1,2024-10-01,2024-11-01,2453,last,46785.0,45769.0
test,1,1,2024-10-01,2024-11-01,2478,last,49192.0,48564.0
test,1,1,2024-10-01,2024-11-01,2538,last,57137.0,56442.0
test,1,1,2024-10-01,2024-11-01,2562,last,54147.0,53551.0
test,1,1,2024-10-01,2024-11-01,2573,last,59183.0,58402.0
test,1,1,2024-10-01,2024-11-01,188,seasonal,20266.0,19283.0
test,1,1,2024-10-01,2024-11-01,235,seasonal,23560.0,19699.0
test,1,1,2024-10-01,2024-11-01,269,seasonal,32221.0,26945.0
test,1,1,2024-10-01,2024-11-01,305,seasonal,20928.0,19301.0
test,1,1,2024-10-01,2024-11-01,312,seasonal,45441.0,38716.0
test,1,1,2024-10-01,2024-11-01,322,seasonal,36654.0,35391.0
test,1,1,2024-10-01,2024-11-01,324,seasonal,30410.0,27235.0
test,1,1,2024-10-01,2024-11-01,397,seasonal,27685.0,24012.0
test,1,1,2024-10-01,2024-11-01,486,seasonal,20679.0,17569.0
test,1,1,2024-10-01,2024-11-01,506,seasonal,34082.0,30658.0
test,1,1,2024-10-01,2024-11-01,541,seasonal,21921.0,19055.0
test,1,1,2024-10-01,2024-11-01,571,seasonal,22311.0,20093.0
test,1,1,2024-10-01,2024-11-01,581,seasonal,34061.0,29869.0
test,1,1,2024-10-01,2024-11-01,694,seasonal,30860.0,28140.0
test,1,1,2024-10-01,2024-11-01,811,seasonal,29141.0,25888.0
test,1,1,2024-10-01,2024-11-01,1053,seasonal,25488.0,23626.0
test,1,1,2024-10-01,2024-11-01,1110,seasonal,31856.0,28107.0
test,1,1,2024-10-01,2024-11-01,1112,seasonal,28146.0,24261.0
test,1,1,2024-10-01,2024-11-01,1120,seasonal,23343.0,21236.0
test,1,1,2024-10-01,2024-11-01,1184,seasonal,34925.0,29712.0
test,1,1,2024-10-01,2024-11-01,1238,seasonal,34687.0,29344.0
test,1,1,2024-10-01,2024-11-01,1254,seasonal,26984.0,21220.0
test,1,1,2024-10-01,2024-11-01,1276,seasonal,18688.0,18619.0
test,1,1,2024-10-01,2024-11-01,1286,seasonal,22115.0,19756.0
test,1,1,2024-10-01,2024-11-01,1289,seasonal,19936.0,17759.0
test,1,1,2024-10-01,2024-11-01,1292,seasonal,20235.0,18141.0
test,1,1,2024-10-01,2024-11-01,1338,seasonal,22683.0,20905.0
test,1,1,2024-10-01,2024-11-01,1426,seasonal,25946.0,22302.0
test,1,1,2024-10-01,2024-11-01,1443,seasonal,48360.0,42567.0
test,1,1,2024-10-01,2024-11-01,1461,seasonal,48527.0,42705.0
test,1,1,2024-10-01,2024-11-01,1494,seasonal,29450.0,26317.0
test,1,1,2024-10-01,2024-11-01,1555,seasonal,28609.0,25533.0
test,1,1,2024-10-01,2024-11-01,1573,seasonal,24828.0,20148.0
test,1,1,2024-10-01,2024-11-01,1577,seasonal,32759.0,28355.0
test,1,1,2024-10-01,2024-11-01,1746,seasonal,18732.0,18176.0
test,1,1,2024-10-01,2024-11-01,1763,seasonal,18179.0,15221.0
test,1,1,2024-10-01,2024-11-01,1770,seasonal,26068.0,23047.0
test,1,1,2024-10-01,2024-11-01,1909,seasonal,22405.0,20071.0
test,1,1,2024-10-01,2024-11-01,1923,seasonal,20959.0,16928.0
test,1,1,2024-10-01,2024-11-01,1930,seasonal,24248.0,20368.0
test,1,1,2024-10-01,2024-11-01,1956,seasonal,31964.0,31289.0
test,1,1,2024-10-01,2024-11-01,1970,seasonal,54514.0,48914.0
test,1,1,2024-10-01,2024-11-01,2006,seasonal,36137.0,31919.0
test,1,1,2024-10-01,2024-11-01,2061,seasonal,23003.0,20178.0
test,1,1,2024-10-01,2024-11-01,2062,seasonal,28149.0,24779.0
test,1,1,2024-10-01,2024-11-01,2066,seasonal,25165.0,22525.0
test,1,1,2024-10-01,2024-11-01,2078,seasonal,19518.0,15749.0
test,1,1,2024-10-01,2024-11-01,2079,seasonal,23111.0,20279.0
test,1,1,2024-10-01,2024-11-01,2093,seasonal,21839.0,19001.0
test,1,1,2024-10-01,2024-11-01,2125,seasonal,23957.0,20099.0
test,1,1,2024-10-01,2024-11-01,2127,seasonal,24629.0,20537.0
test,1,1,2024-10-01,2024-11-01,2139,seasonal,24305.0,20378.0
test,1,1,2024-10-01,2024-11-01,2217,seasonal,44997.0,40253.0
test,1,1,2024-10-01,2024-11-01,2235,seasonal,35222.0,30537.0
test,1,1,2024-10-01,2024-11-01,2245,seasonal,43221.0,38051.0
test,1,1,2024-10-01,2024-11-01,2278,seasonal,27542.0,23674.0
test,1,1,2024-10-01,2024-11-01,2310,seasonal,27662.0,23964.0
test,1,1,2024-10-01,2024-11-01,2373,seasonal,55619.0,48106.0
test,1,1,2024-10-01,2024-11-01,2395,seasonal,40208.0,34083.0
test,1,1,2024-10-01,2024-11-01,2453,seasonal,46785.0,41456.0
test,1,1,2024-10-01,2024-11-01,2478,seasonal,49192.0,44137.0
test,1,1,2024-10-01,2024-11-01,2538,seasonal,57137.0,49174.0
test,1,1,2024-10-01,2024-11-01,2562,seasonal,54147.0,46727.0
test,1,1,2024-10-01,2024-11-01,2573,seasonal,59183.0,52328.0
test,1,1,2024-10-01,2024-11-01,188,seasonal_scaled,20266.0,24161.62754234965
test,1,1,2024-10-01,2024-11-01,235,seasonal_scaled,23560.0,23692.430974424784
test,1,1,2024-10-01,2024-11-01,269,seasonal_scaled,32221.0,31741.929218303143
test,1,1,2024-10-01,2024-11-01,305,seasonal_scaled,20928.0,22083.166881518813
test,1,1,2024-10-01,2024-11-01,312,seasonal_scaled,45441.0,45678.82144108373
test,1,1,2024-10-01,2024-11-01,322,seasonal_scaled,36654.0,40926.51538461539
test,1,1,2024-10-01,2024-11-01,324,seasonal_scaled,30410.0,31257.82541950389
test,1,1,2024-10-01,2024-11-01,397,seasonal_scaled,27685.0,27947.848464507468
test,1,1,2024-10-01,2024-11-01,486,seasonal_scaled,20679.0,20709.38806770772
test,1,1,2024-10-01,2024-11-01,506,seasonal_scaled,34082.0,33920.54994102082
test,1,1,2024-10-01,2024-11-01,541,seasonal_scaled,21921.0,22109.08955717118
test,1,1,2024-10-01,2024-11-01,571,seasonal_scaled,22311.0,23130.37104735839
test,1,1,2024-10-01,2024-11-01,581,seasonal_scaled,34061.0,34379.1048083797
test,1,1,2024-10-01,2024-11-01,694,seasonal_scaled,30860.0,30142.31218878545
test,1,1,2024-10-01,2024-11-01,811,seasonal_scaled,29141.0,30593.4872930847
test,1,1,2024-10-01,2024-11-01,1053,seasonal_scaled,25488.0,27368.988897186955
test,1,1,2024-10-01,2024-11-01,1110,seasonal_scaled,31856.0,33631.65113015216
test,1,1,2024-10-01,2024-11-01,1112,seasonal_scaled,28146.0,28449.03839838323
test,1,1,2024-10-01,2024-11-01,1120,seasonal_scaled,23343.0,24026.973601927315
test,1,1,2024-10-01,2024-11-01,1184,seasonal_scaled,34925.0,34490.38533290447
test,1,1,2024-10-01,2024-11-01,1238,seasonal_scaled,34687.0,34838.60050346564
test,1,1,2024-10-01,2024-11-01,1254,seasonal_scaled,26984.0,27255.800107890736
test,1,1,2024-10-01,2024-11-01,1276,seasonal_scaled,18688.0,20578.894736842107
test,1,1,2024-10-01,2024-11-01,1286,seasonal_scaled,22115.0,21725.20259056871
test,1,1,2024-10-01,2024-11-01,1289,seasonal_scaled,19936.0,19640.727791693364
test,1,1,2024-10-01,2024-11-01,1292,seasonal_scaled,20235.0,19855.16841462173
test,1,1,2024-10-01,2024-11-01,1338,seasonal_scaled,22683.0,23241.071684074974
test,1,1,2024-10-01,2024-11-01,1426,seasonal_scaled,25946.0,25839.314963275887
test,1,1,2024-10-01,2024-11-01,1443,seasonal_scaled,48360.0,48946.04365758943
test,1,1,2024-10-01,2024-11-01,1461,seasonal_scaled,48527.0,48500.52698833384
test,1,1,2024-10-01,2024-11-01,1494,seasonal_scaled,29450.0,30358.30584445824
test,1,1,2024-10-01,2024-11-01,1555,seasonal_scaled,28609.0,29797.43438022195
test,1,1,2024-10-01,2024-11-01,1573,seasonal_scaled,24828.0,23752.35604926346
test,1,1,2024-10-01,2024-11-01,1577,seasonal_scaled,32759.0,32510.47413793104
test,1,1,2024-10-01,2024-11-01,1746,seasonal_scaled,18732.0,20503.301955624665
test,1,1,2024-10-01,2024-11-01,1763,seasonal_scaled,18179.0,17605.78122040319
test,1,1,2024-10-01,2024-11-01,1770,seasonal_scaled,26068.0,26300.70522907958
test,1,1,2024-10-01,2024-11-01,1909,seasonal_scaled,22405.0,22967.24667262876
test,1,1,2024-10-01,2024-11-01,1923,seasonal_scaled,20959.0,18821.80661485632
test,1,1,2024-10-01,2024-11-01,1930,seasonal_scaled,24248.0,24951.84432994848
test,1,1,2024-10-01,2024-11-01,1956,seasonal_scaled,31964.0,30702.777289019225
test,1,1,2024-10-01,2024-11-01,1970,seasonal_scaled,54514.0,56882.978645664174
test,1,1,2024-10-01,2024-11-01,2006,seasonal_scaled,36137.0,37440.13623808866
test,1,1,2024-10-01,2024-11-01,2061,seasonal_scaled,23003.0,21942.564102564105
test,1,1,2024-10-01,2024-11-01,2062,seasonal_scaled,28149.0,29034.54566007267
test,1,1,2024-10-01,2024-11-01,2066,seasonal_scaled,25165.0,27180.81330740381
test,1,1,2024-10-01,2024-11-01,2078,seasonal_scaled,19518.0,18619.19781513705
test,1,1,2024-10-01,2024-11-01,2079,seasonal_scaled,23111.0,25124.068515935185
test,1,1,2024-10-01,2024-11-01,2093,seasonal_scaled,21839.0,21595.25388020966
test,1,1,2024-10-01,2024-11-01,2125,seasonal_scaled,23957.0,24249.226480649988
test,1,1,2024-10-01,2024-11-01,2127,seasonal_scaled,24629.0,25580.343341031563
test,1,1,2024-10-01,2024-11-01,2139,seasonal_scaled,24305.0,23771.7527780416
test,1,1,2024-10-01,2024-11-01,2217,seasonal_scaled,44997.0,45962.66691803032
test,1,1,2024-10-01,2024-11-01,2235,seasonal_scaled,35222.0,34799.1578684762
test,1,1,2024-10-01,2024-11-01,2245,seasonal_scaled,43221.0,44374.536559527565
test,1,1,2024-10-01,2024-11-01,2278,seasonal_scaled,27542.0,29138.64136328428
test,1,1,2024-10-01,2024-11-01,2310,seasonal_scaled,27662.0,27974.39842338644
test,1,1,2024-10-01,2024-11-01,2373,seasonal_scaled,55619.0,57000.13939838592
test,1,1,2024-10-01,2024-11-01,2395,seasonal_scaled,40208.0,38714.67758689573
test,1,1,2024-10-01,2024-11-01,2453,seasonal_scaled,46785.0,47287.21904049844
test,1,1,2024-10-01,2024-11-01,2478,seasonal_scaled,49192.0,49864.57551385165
test,1,1,2024-10-01,2024-11-01,2538,seasonal_scaled,57137.0,57180.38913039
test,1,1,2024-10-01,2024-11-01,2562,seasonal_scaled,54147.0,55093.18956824237
test,1,1,2024-10-01,2024-11-01,2573,seasonal_scaled,59183.0,60203.69284110161
test,1,1,2024-10-01,2024-11-01,188,ridge,20266.0,21854.14382571574
test,1,1,2024-10-01,2024-11-01,235,ridge,23560.0,22344.56527760857
test,1,1,2024-10-01,2024-11-01,269,ridge,32221.0,29329.690032565835
test,1,1,2024-10-01,2024-11-01,305,ridge,20928.0,20095.680747722865
test,1,1,2024-10-01,2024-11-01,312,ridge,45441.0,44114.97005386304
test,1,1,2024-10-01,2024-11-01,322,ridge,36654.0,43295.34477422056
test,1,1,2024-10-01,2024-11-01,324,ridge,30410.0,31535.96373223189
test,1,1,2024-10-01,2024-11-01,397,ridge,27685.0,26133.26666888378
test,1,1,2024-10-01,2024-11-01,486,ridge,20679.0,19276.399487138347
test,1,1,2024-10-01,2024-11-01,506,ridge,34082.0,32780.27993968382
test,1,1,2024-10-01,2024-11-01,541,ridge,21921.0,20315.476719135742
test,1,1,2024-10-01,2024-11-01,571,ridge,22311.0,21691.98914523944
test,1,1,2024-10-01,2024-11-01,581,ridge,34061.0,33134.6652383782
test,1,1,2024-10-01,2024-11-01,694,ridge,30860.0,28465.85253392733
test,1,1,2024-10-01,2024-11-01,811,ridge,29141.0,27703.97769514804
test,1,1,2024-10-01,2024-11-01,1053,ridge,25488.0,23855.527161059374
test,1,1,2024-10-01,2024-11-01,1110,ridge,31856.0,30391.487851411817
test,1,1,2024-10-01,2024-11-01,1112,ridge,28146.0,26540.29401752445
test,1,1,2024-10-01,2024-11-01,1120,ridge,23343.0,21977.598813025
test,1,1,2024-10-01,2024-11-01,1184,ridge,34925.0,31174.44195734821
test,1,1,2024-10-01,2024-11-01,1238,ridge,34687.0,32606.83391939387
test,1,1,2024-10-01,2024-11-01,1254,ridge,26984.0,24982.816495112296
test,1,1,2024-10-01,2024-11-01,1276,ridge,18688.0,19288.16978190759
test,1,1,2024-10-01,2024-11-01,1286,ridge,22115.0,20701.14981073764
test,1,1,2024-10-01,2024-11-01,1289,ridge,19936.0,18938.40470104325
test,1,1,2024-10-01,2024-11-01,1292,ridge,20235.0,19547.67854350845
test,1,1,2024-10-01,2024-11-01,1338,ridge,22683.0,21822.789698723347
test,1,1,2024-10-01,2024-11-01,1426,ridge,25946.0,24109.35405329537
test,1,1,2024-10-01,2024-11-01,1443,ridge,48360.0,45716.4811952868
test,1,1,2024-10-01,2024-11-01,1461,ridge,48527.0,46219.94233703153
test,1,1,2024-10-01,2024-11-01,1494,ridge,29450.0,28462.07690274719
test,1,1,2024-10-01,2024-11-01,1555,ridge,28609.0,26982.63712880705
test,1,1,2024-10-01,2024-11-01,1573,ridge,24828.0,23220.68365709608
test,1,1,2024-10-01,2024-11-01,1577,ridge,32759.0,30260.011358811546
test,1,1,2024-10-01,2024-11-01,1746,ridge,18732.0,18408.83842447412
test,1,1,2024-10-01,2024-11-01,1763,ridge,18179.0,16681.444423253575
test,1,1,2024-10-01,2024-11-01,1770,ridge,26068.0,25484.298265431786
test,1,1,2024-10-01,2024-11-01,1909,ridge,22405.0,21075.89189206727
test,1,1,2024-10-01,2024-11-01,1923,ridge,20959.0,18173.242836729
test,1,1,2024-10-01,2024-11-01,1930,ridge,24248.0,22278.37350252933
test,1,1,2024-10-01,2024-11-01,1956,ridge,31964.0,31710.64648713953
test,1,1,2024-10-01,2024-11-01,1970,ridge,54514.0,55998.0467430987
test,1,1,2024-10-01,2024-11-01,2006,ridge,36137.0,34286.06225828911
test,1,1,2024-10-01,2024-11-01,2061,ridge,23003.0,21213.24646092205
test,1,1,2024-10-01,2024-11-01,2062,ridge,28149.0,26979.869689790747
test,1,1,2024-10-01,2024-11-01,2066,ridge,25165.0,24419.173258950355
test,1,1,2024-10-01,2024-11-01,2078,ridge,19518.0,17004.30765518065
test,1,1,2024-10-01,2024-11-01,2079,ridge,23111.0,21073.99735179878
test,1,1,2024-10-01,2024-11-01,2093,ridge,21839.0,20276.50172535358
test,1,1,2024-10-01,2024-11-01,2125,ridge,23957.0,21844.26799073394
test,1,1,2024-10-01,2024-11-01,2127,ridge,24629.0,22667.24582943106
test,1,1,2024-10-01,2024-11-01,2139,ridge,24305.0,22583.764046644927
test,1,1,2024-10-01,2024-11-01,2217,ridge,44997.0,43854.36015906051
test,1,1,2024-10-01,2024-11-01,2235,ridge,35222.0,33763.76571015307
test,1,1,2024-10-01,2024-11-01,2245,ridge,43221.0,43988.269720667566
test,1,1,2024-10-01,2024-11-01,2278,ridge,27542.0,26008.312122074487
test,1,1,2024-10-01,2024-11-01,2310,ridge,27662.0,26139.221317045107
test,1,1,2024-10-01,2024-11-01,2373,ridge,55619.0,52260.02550541508
test,1,1,2024-10-01,2024-11-01,2395,ridge,40208.0,37223.69680820756
test,1,1,2024-10-01,2024-11-01,2453,ridge,46785.0,43922.79812047475
test,1,1,2024-10-01,2024-11-01,2478,ridge,49192.0,46726.29546943831
test,1,1,2024-10-01,2024-11-01,2538,ridge,57137.0,53689.77189320069
test,1,1,2024-10-01,2024-11-01,2562,ridge,54147.0,50841.36630088153
test,1,1,2024-10-01,2024-11-01,2573,ridge,59183.0,56176.01995909434
test,1,1,2024-10-01,2024-11-01,188,boosting,20266.0,22729.93441309913
test,1,1,2024-10-01,2024-11-01,235,boosting,23560.0,23590.75114249244
test,1,1,2024-10-01,2024-11-01,269,boosting,32221.0,27506.369274005057
test,1,1,2024-10-01,2024-11-01,305,boosting,20928.0,20608.39021121854
test,1,1,2024-10-01,2024-11-01,312,boosting,45441.0,46110.84645404708
test,1,1,2024-10-01,2024-11-01,322,boosting,36654.0,41313.41301371087
test,1,1,2024-10-01,2024-11-01,324,boosting,30410.0,32891.841457065064
test,1,1,2024-10-01,2024-11-01,397,boosting,27685.0,24568.424744647626
test,1,1,2024-10-01,2024-11-01,486,boosting,20679.0,17586.579511480315
test,1,1,2024-10-01,2024-11-01,506,boosting,34082.0,31204.923070175355
test,1,1,2024-10-01,2024-11-01,541,boosting,21921.0,21274.93726284367
test,1,1,2024-10-01,2024-11-01,571,boosting,22311.0,22689.057784592995
test,1,1,2024-10-01,2024-11-01,581,boosting,34061.0,35014.41320255142
test,1,1,2024-10-01,2024-11-01,694,boosting,30860.0,28445.01610731474
test,1,1,2024-10-01,2024-11-01,811,boosting,29141.0,26341.3490602466
test,1,1,2024-10-01,2024-11-01,1053,boosting,25488.0,22282.01405241431
test,1,1,2024-10-01,2024-11-01,1110,boosting,31856.0,28935.802635858145
test,1,1,2024-10-01,2024-11-01,1112,boosting,28146.0,25562.983894429963
test,1,1,2024-10-01,2024-11-01,1120,boosting,23343.0,22513.64010475319
test,1,1,2024-10-01,2024-11-01,1184,boosting,34925.0,30325.51874060162
test,1,1,2024-10-01,2024-11-01,1238,boosting,34687.0,32138.70191526712
test,1,1,2024-10-01,2024-11-01,1254,boosting,26984.0,23344.068583266548
test,1,1,2024-10-01,2024-11-01,1276,boosting,18688.0,18127.6827468804
test,1,1,2024-10-01,2024-11-01,1286,boosting,22115.0,19870.297875133885
test,1,1,2024-10-01,2024-11-01,1289,boosting,19936.0,17961.84603033527
test,1,1,2024-10-01,2024-11-01,1292,boosting,20235.0,18515.02882489807
test,1,1,2024-10-01,2024-11-01,1338,boosting,22683.0,20915.79651355607
test,1,1,2024-10-01,2024-11-01,1426,boosting,25946.0,23862.34155719891
test,1,1,2024-10-01,2024-11-01,1443,boosting,48360.0,43494.95696395016
test,1,1,2024-10-01,2024-11-01,1461,boosting,48527.0,44070.56421265209
test,1,1,2024-10-01,2024-11-01,1494,boosting,29450.0,30117.56087422404
test,1,1,2024-10-01,2024-11-01,1555,boosting,28609.0,25505.418609883025
test,1,1,2024-10-01,2024-11-01,1573,boosting,24828.0,24313.488275391494
test,1,1,2024-10-01,2024-11-01,1577,boosting,32759.0,28848.753119046905
test,1,1,2024-10-01,2024-11-01,1746,boosting,18732.0,19106.15148636253
test,1,1,2024-10-01,2024-11-01,1763,boosting,18179.0,17033.195794856885
test,1,1,2024-10-01,2024-11-01,1770,boosting,26068.0,23428.66675452995
test,1,1,2024-10-01,2024-11-01,1909,boosting,22405.0,19823.458435498407
test,1,1,2024-10-01,2024-11-01,1923,boosting,20959.0,16651.12303966282
test,1,1,2024-10-01,2024-11-01,1930,boosting,24248.0,20263.14864001584
test,1,1,2024-10-01,2024-11-01,1956,boosting,31964.0,32415.648582878875
test,1,1,2024-10-01,2024-11-01,1970,boosting,54514.0,58815.09762385296
test,1,1,2024-10-01,2024-11-01,2006,boosting,36137.0,35938.59130772878
test,1,1,2024-10-01,2024-11-01,2061,boosting,23003.0,20247.83700024365
test,1,1,2024-10-01,2024-11-01,2062,boosting,28149.0,25292.095253189866
test,1,1,2024-10-01,2024-11-01,2066,boosting,25165.0,22726.578407272504
test,1,1,2024-10-01,2024-11-01,2078,boosting,19518.0,18175.024436735766
test,1,1,2024-10-01,2024-11-01,2079,boosting,23111.0,20177.78920335807
test,1,1,2024-10-01,2024-11-01,2093,boosting,21839.0,20345.75845183717
test,1,1,2024-10-01,2024-11-01,2125,boosting,23957.0,22736.374268882133
test,1,1,2024-10-01,2024-11-01,2127,boosting,24629.0,23532.310221919623
test,1,1,2024-10-01,2024-11-01,2139,boosting,24305.0,21202.312705971173
test,1,1,2024-10-01,2024-11-01,2217,boosting,44997.0,46361.40371102374
test,1,1,2024-10-01,2024-11-01,2235,boosting,35222.0,35460.32357012802
test,1,1,2024-10-01,2024-11-01,2245,boosting,43221.0,45611.0264463866
test,1,1,2024-10-01,2024-11-01,2278,boosting,27542.0,27236.01986282987
test,1,1,2024-10-01,2024-11-01,2310,boosting,27662.0,27089.845096465047
test,1,1,2024-10-01,2024-11-01,2373,boosting,55619.0,49933.86712270416
test,1,1,2024-10-01,2024-11-01,2395,boosting,40208.0,35082.45172543458
test,1,1,2024-10-01,2024-11-01,2453,boosting,46785.0,41939.497102663016
test,1,1,2024-10-01,2024-11-01,2478,boosting,49192.0,44177.45696684249
test,1,1,2024-10-01,2024-11-01,2538,boosting,57137.0,51254.36352113171
test,1,1,2024-10-01,2024-11-01,2562,boosting,54147.0,48360.080436368495
test,1,1,2024-10-01,2024-11-01,2573,boosting,59183.0,53488.990577985394
test,1,1,2024-10-01,2024-11-01,188,boosting_news,20266.0,21224.849696085654
test,1,1,2024-10-01,2024-11-01,235,boosting_news,23560.0,23000.69197958033
test,1,1,2024-10-01,2024-11-01,269,boosting_news,32221.0,27832.139943212525
test,1,1,2024-10-01,2024-11-01,305,boosting_news,20928.0,19649.65048808369
test,1,1,2024-10-01,2024-11-01,312,boosting_news,45441.0,42659.600021963015
test,1,1,2024-10-01,2024-11-01,322,boosting_news,36654.0,38194.39701241469
test,1,1,2024-10-01,2024-11-01,324,boosting_news,30410.0,30710.79416331452
test,1,1,2024-10-01,2024-11-01,397,boosting_news,27685.0,25237.84886447646
test,1,1,2024-10-01,2024-11-01,486,boosting_news,20679.0,17854.444781053127
test,1,1,2024-10-01,2024-11-01,506,boosting_news,34082.0,31868.147794678804
test,1,1,2024-10-01,2024-11-01,541,boosting_news,21921.0,20297.99735665371
test,1,1,2024-10-01,2024-11-01,571,boosting_news,22311.0,21545.06713339018
test,1,1,2024-10-01,2024-11-01,581,boosting_news,34061.0,32049.004816248784
test,1,1,2024-10-01,2024-11-01,694,boosting_news,30860.0,28280.99776428613
test,1,1,2024-10-01,2024-11-01,811,boosting_news,29141.0,27082.103599375445
test,1,1,2024-10-01,2024-11-01,1053,boosting_news,25488.0,22879.71392165022
test,1,1,2024-10-01,2024-11-01,1110,boosting_news,31856.0,29333.48596693236
test,1,1,2024-10-01,2024-11-01,1112,boosting_news,28146.0,25691.27507644928
test,1,1,2024-10-01,2024-11-01,1120,boosting_news,23343.0,21644.54700121249
test,1,1,2024-10-01,2024-11-01,1184,boosting_news,34925.0,31466.57394962996
test,1,1,2024-10-01,2024-11-01,1238,boosting_news,34687.0,31425.939349346056
test,1,1,2024-10-01,2024-11-01,1254,boosting_news,26984.0,23851.4408754677
test,1,1,2024-10-01,2024-11-01,1276,boosting_news,18688.0,18552.98177988813
test,1,1,2024-10-01,2024-11-01,1286,boosting_news,22115.0,20318.053788162302
test,1,1,2024-10-01,2024-11-01,1289,boosting_news,19936.0,18281.98406147127
test,1,1,2024-10-01,2024-11-01,1292,boosting_news,20235.0,18541.66322162433
test,1,1,2024-10-01,2024-11-01,1338,boosting_news,22683.0,21030.723094478843
test,1,1,2024-10-01,2024-11-01,1426,boosting_news,25946.0,23760.04461277501
test,1,1,2024-10-01,2024-11-01,1443,boosting_news,48360.0,44043.26198279423
test,1,1,2024-10-01,2024-11-01,1461,boosting_news,48527.0,45044.05418012194
test,1,1,2024-10-01,2024-11-01,1494,boosting_news,29450.0,28580.023354002256
test,1,1,2024-10-01,2024-11-01,1555,boosting_news,28609.0,26248.03884173951
test,1,1,2024-10-01,2024-11-01,1573,boosting_news,24828.0,23898.87081739832
test,1,1,2024-10-01,2024-11-01,1577,boosting_news,32759.0,29396.0530858305
test,1,1,2024-10-01,2024-11-01,1746,boosting_news,18732.0,18217.13010202516
test,1,1,2024-10-01,2024-11-01,1763,boosting_news,18179.0,16363.063303742749
test,1,1,2024-10-01,2024-11-01,1770,boosting_news,26068.0,23542.559779604573
test,1,1,2024-10-01,2024-11-01,1909,boosting_news,22405.0,20274.76145635968
test,1,1,2024-10-01,2024-11-01,1923,boosting_news,20959.0,17426.682680927348
test,1,1,2024-10-01,2024-11-01,1930,boosting_news,24248.0,20656.79752196928
test,1,1,2024-10-01,2024-11-01,1956,boosting_news,31964.0,30851.33688339402
test,1,1,2024-10-01,2024-11-01,1970,boosting_news,54514.0,54287.285541209305
test,1,1,2024-10-01,2024-11-01,2006,boosting_news,36137.0,33989.853183779574
test,1,1,2024-10-01,2024-11-01,2061,boosting_news,23003.0,20695.23922881669
test,1,1,2024-10-01,2024-11-01,2062,boosting_news,28149.0,26049.452722125978
test,1,1,2024-10-01,2024-11-01,2066,boosting_news,25165.0,23214.2229422299
test,1,1,2024-10-01,2024-11-01,2078,boosting_news,19518.0,17198.542507781603
test,1,1,2024-10-01,2024-11-01,2079,boosting_news,23111.0,20634.735534745443
test,1,1,2024-10-01,2024-11-01,2093,boosting_news,21839.0,20140.59286220009
test,1,1,2024-10-01,2024-11-01,2125,boosting_news,23957.0,21895.64274615517
test,1,1,2024-10-01,2024-11-01,2127,boosting_news,24629.0,21906.83099254766
test,1,1,2024-10-01,2024-11-01,2139,boosting_news,24305.0,21044.713783739066
test,1,1,2024-10-01,2024-11-01,2217,boosting_news,44997.0,43546.81928011547
test,1,1,2024-10-01,2024-11-01,2235,boosting_news,35222.0,33643.0209075307
test,1,1,2024-10-01,2024-11-01,2245,boosting_news,43221.0,42404.99514626153
test,1,1,2024-10-01,2024-11-01,2278,boosting_news,27542.0,25963.96606981776
test,1,1,2024-10-01,2024-11-01,2310,boosting_news,27662.0,26184.900226598045
test,1,1,2024-10-01,2024-11-01,2373,boosting_news,55619.0,50586.44732792112
test,1,1,2024-10-01,2024-11-01,2395,boosting_news,40208.0,35493.32723287841
test,1,1,2024-10-01,2024-11-01,2453,boosting_news,46785.0,42770.208699118615
test,1,1,2024-10-01,2024-11-01,2478,boosting_news,49192.0,45087.35796899602
test,1,1,2024-10-01,2024-11-01,2538,boosting_news,57137.0,52255.82422061677
test,1,1,2024-10-01,2024-11-01,2562,boosting_news,54147.0,49148.05429818152
test,1,1,2024-10-01,2024-11-01,2573,boosting_news,59183.0,54442.321530508605
test,1,1,2024-10-01,2024-11-01,188,prophet,20266.0,25212.431912406068
test,1,1,2024-10-01,2024-11-01,235,prophet,23560.0,24917.44780691393
test,1,1,2024-10-01,2024-11-01,269,prophet,32221.0,33170.36365517139
test,1,1,2024-10-01,2024-11-01,305,prophet,20928.0,22854.290026995823
test,1,1,2024-10-01,2024-11-01,312,prophet,45441.0,49559.80400909224
test,1,1,2024-10-01,2024-11-01,322,prophet,36654.0,48202.9223402949
test,1,1,2024-10-01,2024-11-01,324,prophet,30410.0,36779.95545033909
test,1,1,2024-10-01,2024-11-01,397,prophet,27685.0,29866.02277278583
test,1,1,2024-10-01,2024-11-01,486,prophet,20679.0,21012.70301342665
test,1,1,2024-10-01,2024-11-01,506,prophet,34082.0,36504.13748073232
test,1,1,2024-10-01,2024-11-01,541,prophet,21921.0,23383.08681163187
test,1,1,2024-10-01,2024-11-01,571,prophet,22311.0,23979.67823024438
test,1,1,2024-10-01,2024-11-01,581,prophet,34061.0,36748.73039576278
test,1,1,2024-10-01,2024-11-01,694,prophet,30860.0,33116.41806543998
test,1,1,2024-10-01,2024-11-01,811,prophet,29141.0,32081.86323494277
test,1,1,2024-10-01,2024-11-01,1053,prophet,25488.0,26705.24686452605
test,1,1,2024-10-01,2024-11-01,1110,prophet,31856.0,34278.96888172459
test,1,1,2024-10-01,2024-11-01,1112,prophet,28146.0,30234.229747255013
test,1,1,2024-10-01,2024-11-01,1120,prophet,23343.0,25151.370678696287
test,1,1,2024-10-01,2024-11-01,1184,prophet,34925.0,36460.17757060601
test,1,1,2024-10-01,2024-11-01,1238,prophet,34687.0,37378.19000317575
test,1,1,2024-10-01,2024-11-01,1254,prophet,26984.0,28028.20700563902
test,1,1,2024-10-01,2024-11-01,1276,prophet,18688.0,21233.66186292668
test,1,1,2024-10-01,2024-11-01,1286,prophet,22115.0,23505.68729806908
test,1,1,2024-10-01,2024-11-01,1289,prophet,19936.0,21302.160846414867
test,1,1,2024-10-01,2024-11-01,1292,prophet,20235.0,21820.56958470933
test,1,1,2024-10-01,2024-11-01,1338,prophet,22683.0,24442.14873332514
test,1,1,2024-10-01,2024-11-01,1426,prophet,25946.0,27239.87470640891
test,1,1,2024-10-01,2024-11-01,1443,prophet,48360.0,52262.02793712685
test,1,1,2024-10-01,2024-11-01,1461,prophet,48527.0,52528.61111533644
test,1,1,2024-10-01,2024-11-01,1494,prophet,29450.0,31141.747818498963
test,1,1,2024-10-01,2024-11-01,1555,prophet,28609.0,29793.3130979882
test,1,1,2024-10-01,2024-11-01,1573,prophet,24828.0,26220.78553034764
test,1,1,2024-10-01,2024-11-01,1577,prophet,32759.0,34133.90584118895
test,1,1,2024-10-01,2024-11-01,1746,prophet,18732.0,20689.6491895272
test,1,1,2024-10-01,2024-11-01,1763,prophet,18179.0,18137.751704254068
test,1,1,2024-10-01,2024-11-01,1770,prophet,26068.0,28040.22017528412
test,1,1,2024-10-01,2024-11-01,1909,prophet,22405.0,23875.66614243179
test,1,1,2024-10-01,2024-11-01,1923,prophet,20959.0,20100.669006308493
test,1,1,2024-10-01,2024-11-01,1930,prophet,24248.0,25387.054191974235
test,1,1,2024-10-01,2024-11-01,1956,prophet,31964.0,31477.13623196417
test,1,1,2024-10-01,2024-11-01,1970,prophet,54514.0,58964.64035108655
test,1,1,2024-10-01,2024-11-01,2006,prophet,36137.0,39171.01973607516
test,1,1,2024-10-01,2024-11-01,2061,prophet,23003.0,23758.99060356246
test,1,1,2024-10-01,2024-11-01,2062,prophet,28149.0,30477.478593664408
test,1,1,2024-10-01,2024-11-01,2066,prophet,25165.0,27737.38777066757
test,1,1,2024-10-01,2024-11-01,2078,prophet,19518.0,18918.93355656748
test,1,1,2024-10-01,2024-11-01,2079,prophet,23111.0,26095.68227424532
test,1,1,2024-10-01,2024-11-01,2093,prophet,21839.0,23779.076998800625
test,1,1,2024-10-01,2024-11-01,2125,prophet,23957.0,24813.355217292614
test,1,1,2024-10-01,2024-11-01,2127,prophet,24629.0,26560.714542966434
test,1,1,2024-10-01,2024-11-01,2139,prophet,24305.0,25418.63298684368
test,1,1,2024-10-01,2024-11-01,2217,prophet,44997.0,49021.5550604054
test,1,1,2024-10-01,2024-11-01,2235,prophet,35222.0,37356.62560704501
test,1,1,2024-10-01,2024-11-01,2245,prophet,43221.0,46412.19574289223
test,1,1,2024-10-01,2024-11-01,2278,prophet,27542.0,28228.68181688598
test,1,1,2024-10-01,2024-11-01,2310,prophet,27662.0,28608.703315381023
test,1,1,2024-10-01,2024-11-01,2373,prophet,55619.0,59275.04988102744
test,1,1,2024-10-01,2024-11-01,2395,prophet,40208.0,42551.237466022176
test,1,1,2024-10-01,2024-11-01,2453,prophet,46785.0,49696.39958320657
test,1,1,2024-10-01,2024-11-01,2478,prophet,49192.0,52089.46304512106
test,1,1,2024-10-01,2024-11-01,2538,prophet,57137.0,60872.35989695687
test,1,1,2024-10-01,2024-11-01,2562,prophet,54147.0,57648.84630916463
test,1,1,2024-10-01,2024-11-01,2573,prophet,59183.0,64217.96708564031
test,1,1,2024-11-01,2024-12-01,188,last,23808.0,20266.0
test,1,1,2024-11-01,2024-12-01,235,last,27422.0,23560.0
test,1,1,2024-11-01,2024-12-01,269,last,37090.0,32221.0
test,1,1,2024-11-01,2024-12-01,305,last,24746.0,20928.0
test,1,1,2024-11-01,2024-12-01,312,last,55604.0,45441.0
test,1,1,2024-11-01,2024-12-01,324,last,42232.0,30410.0
test,1,1,2024-11-01,2024-12-01,397,last,31952.0,27685.0
test,1,1,2024-11-01,2024-12-01,486,last,24695.0,20679.0
test,1,1,2024-11-01,2024-12-01,506,last,38925.0,34082.0
test,1,1,2024-11-01,2024-12-01,541,last,25584.0,21921.0
test,1,1,2024-11-01,2024-12-01,571,last,27391.0,22311.0
test,1,1,2024-11-01,2024-12-01,581,last,42782.0,34061.0
test,1,1,2024-11-01,2024-12-01,694,last,35782.0,30860.0
test,1,1,2024-11-01,2024-12-01,811,last,34089.0,29141.0
test,1,1,2024-11-01,2024-12-01,1053,last,29338.0,25488.0
test,1,1,2024-11-01,2024-12-01,1110,last,36427.0,31856.0
test,1,1,2024-11-01,2024-12-01,1112,last,34128.0,28146.0
test,1,1,2024-11-01,2024-12-01,1120,last,29677.0,23343.0
test,1,1,2024-11-01,2024-12-01,1184,last,43335.0,34925.0
test,1,1,2024-11-01,2024-12-01,1238,last,41308.0,34687.0
test,1,1,2024-11-01,2024-12-01,1254,last,33005.0,26984.0
test,1,1,2024-11-01,2024-12-01,1276,last,22588.0,18688.0
test,1,1,2024-11-01,2024-12-01,1286,last,25821.0,22115.0
test,1,1,2024-11-01,2024-12-01,1289,last,24446.0,19936.0
test,1,1,2024-11-01,2024-12-01,1292,last,23754.0,20235.0
test,1,1,2024-11-01,2024-12-01,1338,last,27338.0,22683.0
test,1,1,2024-11-01,2024-12-01,1426,last,30444.0,25946.0
test,1,1,2024-11-01,2024-12-01,1443,last,57248.0,48360.0
test,1,1,2024-11-01,2024-12-01,1461,last,57342.0,48527.0
test,1,1,2024-11-01,2024-12-01,1494,last,34823.0,29450.0
test,1,1,2024-11-01,2024-12-01,1555,last,33875.0,28609.0
test,1,1,2024-11-01,2024-12-01,1573,last,30528.0,24828.0
test,1,1,2024-11-01,2024-12-01,1577,last,38335.0,32759.0
test,1,1,2024-11-01,2024-12-01,1746,last,22026.0,18732.0
test,1,1,2024-11-01,2024-12-01,1763,last,21201.0,18179.0
test,1,1,2024-11-01,2024-12-01,1770,last,30467.0,26068.0
test,1,1,2024-11-01,2024-12-01,1909,last,26630.0,22405.0
test,1,1,2024-11-01,2024-12-01,1923,last,24147.0,20959.0
test,1,1,2024-11-01,2024-12-01,1930,last,28331.0,24248.0
test,1,1,2024-11-01,2024-12-01,1956,last,38444.0,31964.0
test,1,1,2024-11-01,2024-12-01,1970,last,61261.0,54514.0
test,1,1,2024-11-01,2024-12-01,2006,last,41414.0,36137.0
test,1,1,2024-11-01,2024-12-01,2061,last,27401.0,23003.0
test,1,1,2024-11-01,2024-12-01,2062,last,32496.0,28149.0
test,1,1,2024-11-01,2024-12-01,2066,last,31982.0,25165.0
test,1,1,2024-11-01,2024-12-01,2078,last,20342.0,19518.0
test,1,1,2024-11-01,2024-12-01,2079,last,25613.0,23111.0
test,1,1,2024-11-01,2024-12-01,2093,last,25859.0,21839.0
test,1,1,2024-11-01,2024-12-01,2125,last,27391.0,23957.0
test,1,1,2024-11-01,2024-12-01,2127,last,31422.0,24629.0
test,1,1,2024-11-01,2024-12-01,2139,last,28556.0,24305.0
test,1,1,2024-11-01,2024-12-01,2217,last,52897.0,44997.0
test,1,1,2024-11-01,2024-12-01,2235,last,42570.0,35222.0
test,1,1,2024-11-01,2024-12-01,2245,last,50092.0,43221.0
test,1,1,2024-11-01,2024-12-01,2278,last,32665.0,27542.0
test,1,1,2024-11-01,2024-12-01,2310,last,32642.0,27662.0
test,1,1,2024-11-01,2024-12-01,2373,last,64055.0,55619.0
test,1,1,2024-11-01,2024-12-01,2395,last,45845.0,40208.0
test,1,1,2024-11-01,2024-12-01,2453,last,53303.0,46785.0
test,1,1,2024-11-01,2024-12-01,2478,last,56664.0,49192.0
test,1,1,2024-11-01,2024-12-01,2538,last,65676.0,57137.0
test,1,1,2024-11-01,2024-12-01,2562,last,63627.0,54147.0
test,1,1,2024-11-01,2024-12-01,2573,last,68936.0,59183.0
test,1,1,2024-11-01,2024-12-01,188,seasonal,23808.0,24909.0
test,1,1,2024-11-01,2024-12-01,235,seasonal,27422.0,22867.0
test,1,1,2024-11-01,2024-12-01,269,seasonal,37090.0,30921.0
test,1,1,2024-11-01,2024-12-01,305,seasonal,24746.0,22309.0
test,1,1,2024-11-01,2024-12-01,312,seasonal,55604.0,47663.0
test,1,1,2024-11-01,2024-12-01,324,seasonal,42232.0,38200.0
test,1,1,2024-11-01,2024-12-01,397,seasonal,31952.0,27719.0
test,1,1,2024-11-01,2024-12-01,486,seasonal,24695.0,20586.0
test,1,1,2024-11-01,2024-12-01,506,seasonal,38925.0,34664.0
test,1,1,2024-11-01,2024-12-01,541,seasonal,25584.0,22940.0
test,1,1,2024-11-01,2024-12-01,571,seasonal,27391.0,24074.0
test,1,1,2024-11-01,2024-12-01,581,seasonal,42782.0,37010.0
test,1,1,2024-11-01,2024-12-01,694,seasonal,35782.0,32710.0
test,1,1,2024-11-01,2024-12-01,811,seasonal,34089.0,30330.0
test,1,1,2024-11-01,2024-12-01,1053,seasonal,29338.0,26327.0
test,1,1,2024-11-01,2024-12-01,1110,seasonal,36427.0,31482.0
test,1,1,2024-11-01,2024-12-01,1112,seasonal,34128.0,29065.0
test,1,1,2024-11-01,2024-12-01,1120,seasonal,29677.0,26100.0
test,1,1,2024-11-01,2024-12-01,1184,seasonal,43335.0,36517.0
test,1,1,2024-11-01,2024-12-01,1238,seasonal,41308.0,34947.0
test,1,1,2024-11-01,2024-12-01,1254,seasonal,33005.0,26114.0
test,1,1,2024-11-01,2024-12-01,1276,seasonal,22588.0,21646.0
test,1,1,2024-11-01,2024-12-01,1286,seasonal,25821.0,22837.0
test,1,1,2024-11-01,2024-12-01,1289,seasonal,24446.0,21559.0
test,1,1,2024-11-01,2024-12-01,1292,seasonal,23754.0,21735.0
test,1,1,2024-11-01,2024-12-01,1338,seasonal,27338.0,24293.0
test,1,1,2024-11-01,2024-12-01,1426,seasonal,30444.0,26572.0
test,1,1,2024-11-01,2024-12-01,1443,seasonal,57248.0,49783.0
test,1,1,2024-11-01,2024-12-01,1461,seasonal,57342.0,50305.0
test,1,1,2024-11-01,2024-12-01,1494,seasonal,34823.0,30811.0
test,1,1,2024-11-01,2024-12-01,1555,seasonal,33875.0,27853.0
test,1,1,2024-11-01,2024-12-01,1573,seasonal,30528.0,26672.0
test,1,1,2024-11-01,2024-12-01,1577,seasonal,38335.0,32667.0
test,1,1,2024-11-01,2024-12-01,1746,seasonal,22026.0,21524.0
test,1,1,2024-11-01,2024-12-01,1763,seasonal,21201.0,19172.0
test,1,1,2024-11-01,2024-12-01,1770,seasonal,30467.0,26537.0
test,1,1,2024-11-01,2024-12-01,1909,seasonal,26630.0,23291.0
test,1,1,2024-11-01,2024-12-01,1923,seasonal,24147.0,21953.0
test,1,1,2024-11-01,2024-12-01,1930,seasonal,28331.0,24880.0
test,1,1,2024-11-01,2024-12-01,1956,seasonal,38444.0,36980.0
test,1,1,2024-11-01,2024-12-01,1970,seasonal,61261.0,52519.0
test,1,1,2024-11-01,2024-12-01,2006,seasonal,41414.0,36493.0
test,1,1,2024-11-01,2024-12-01,2061,seasonal,27401.0,24199.0
test,1,1,2024-11-01,2024-12-01,2062,seasonal,32496.0,29032.0
test,1,1,2024-11-01,2024-12-01,2066,seasonal,31982.0,26354.0
test,1,1,2024-11-01,2024-12-01,2078,seasonal,20342.0,18309.0
test,1,1,2024-11-01,2024-12-01,2079,seasonal,25613.0,23461.0
test,1,1,2024-11-01,2024-12-01,2093,seasonal,25859.0,23558.0
test,1,1,2024-11-01,2024-12-01,2125,seasonal,27391.0,23464.0
test,1,1,2024-11-01,2024-12-01,2127,seasonal,31422.0,26376.0
test,1,1,2024-11-01,2024-12-01,2139,seasonal,28556.0,25106.0
test,1,1,2024-11-01,2024-12-01,2217,seasonal,52897.0,45465.0
test,1,1,2024-11-01,2024-12-01,2235,seasonal,42570.0,36742.0
test,1,1,2024-11-01,2024-12-01,2245,seasonal,50092.0,44000.0
test,1,1,2024-11-01,2024-12-01,2278,seasonal,32665.0,27084.0
test,1,1,2024-11-01,2024-12-01,2310,seasonal,32642.0,27889.0
test,1,1,2024-11-01,2024-12-01,2373,seasonal,64055.0,54548.0
test,1,1,2024-11-01,2024-12-01,2395,seasonal,45845.0,39643.0
test,1,1,2024-11-01,2024-12-01,2453,seasonal,53303.0,46718.0
test,1,1,2024-11-01,2024-12-01,2478,seasonal,56664.0,50322.0
test,1,1,2024-11-01,2024-12-01,2538,seasonal,65676.0,56737.0
test,1,1,2024-11-01,2024-12-01,2562,seasonal,63627.0,53459.0
test,1,1,2024-11-01,2024-12-01,2573,seasonal,68936.0,59761.0
test,1,1,2024-11-01,2024-12-01,188,seasonal_scaled,23808.0,30814.052541208788
test,1,1,2024-11-01,2024-12-01,235,seasonal_scaled,27422.0,27348.927356718614
test,1,1,2024-11-01,2024-12-01,269,seasonal_scaled,37090.0,36975.52573761366
test,1,1,2024-11-01,2024-12-01,305,seasonal_scaled,24746.0,25502.340886481707
test,1,1,2024-11-01,2024-12-01,312,seasonal_scaled,55604.0,55942.10101766711
test,1,1,2024-11-01,2024-12-01,324,seasonal_scaled,42232.0,42653.2770332293
test,1,1,2024-11-01,2024-12-01,397,seasonal_scaled,31952.0,31977.943681740424
test,1,1,2024-11-01,2024-12-01,486,seasonal_scaled,24695.0,24265.66467993801
test,1,1,2024-11-01,2024-12-01,506,seasonal_scaled,38925.0,38535.40504925305
test,1,1,2024-11-01,2024-12-01,541,seasonal_scaled,25584.0,26390.33009708738
test,1,1,2024-11-01,2024-12-01,571,seasonal_scaled,27391.0,27398.48664875968
test,1,1,2024-11-01,2024-12-01,581,seasonal_scaled,42782.0,42204.21205932572
test,1,1,2024-11-01,2024-12-01,694,seasonal_scaled,35782.0,35037.49224218806
test,1,1,2024-11-01,2024-12-01,811,seasonal_scaled,34089.0,35135.724555429435
test,1,1,2024-11-01,2024-12-01,1053,seasonal_scaled,29338.0,30497.899377645008
test,1,1,2024-11-01,2024-12-01,1110,seasonal_scaled,36427.0,36858.66561124411
test,1,1,2024-11-01,2024-12-01,1112,seasonal_scaled,34128.0,33719.281563002354
test,1,1,2024-11-01,2024-12-01,1120,seasonal_scaled,29677.0,29282.121718014874
test,1,1,2024-11-01,2024-12-01,1184,seasonal_scaled,43335.0,42923.944029348415
test,1,1,2024-11-01,2024-12-01,1238,seasonal_scaled,41308.0,41479.74683544304
test,1,1,2024-11-01,2024-12-01,1254,seasonal_scaled,33005.0,33541.84561816487
test,1,1,2024-11-01,2024-12-01,1276,seasonal_scaled,22588.0,22455.63642957053
test,1,1,2024-11-01,2024-12-01,1286,seasonal_scaled,25821.0,25563.892235270298
test,1,1,2024-11-01,2024-12-01,1289,seasonal_scaled,24446.0,24201.82577847852
test,1,1,2024-11-01,2024-12-01,1292,seasonal_scaled,23754.0,24243.85232346618
test,1,1,2024-11-01,2024-12-01,1338,seasonal_scaled,27338.0,26687.729095252933
test,1,1,2024-11-01,2024-12-01,1426,seasonal_scaled,30444.0,30913.68989328311
test,1,1,2024-11-01,2024-12-01,1443,seasonal_scaled,57248.0,56558.03509761082
test,1,1,2024-11-01,2024-12-01,1461,seasonal_scaled,57342.0,57131.92858326037
test,1,1,2024-11-01,2024-12-01,1494,seasonal_scaled,34823.0,34672.180480905234
test,1,1,2024-11-01,2024-12-01,1555,seasonal_scaled,33875.0,32504.91284973649
test,1,1,2024-11-01,2024-12-01,1573,seasonal_scaled,30528.0,31443.46042018836
test,1,1,2024-11-01,2024-12-01,1577,seasonal_scaled,38335.0,37740.72484570623
test,1,1,2024-11-01,2024-12-01,1746,seasonal_scaled,22026.0,22182.414612676053
test,1,1,2024-11-01,2024-12-01,1763,seasonal_scaled,21201.0,22897.824584455688
test,1,1,2024-11-01,2024-12-01,1770,seasonal_scaled,30467.0,30015.469084913435
test,1,1,2024-11-01,2024-12-01,1909,seasonal_scaled,26630.0,26651.89289284023
test,1,1,2024-11-01,2024-12-01,1923,seasonal_scaled,24147.0,27180.584061909263
test,1,1,2024-11-01,2024-12-01,1930,seasonal_scaled,28331.0,29619.512961508244
test,1,1,2024-11-01,2024-12-01,1956,seasonal_scaled,38444.0,37607.46579091407
test,1,1,2024-11-01,2024-12-01,1970,seasonal_scaled,61261.0,61075.29859532316
test,1,1,2024-11-01,2024-12-01,2006,seasonal_scaled,41414.0,41315.44036467308
test,1,1,2024-11-01,2024-12-01,2061,seasonal_scaled,27401.0,27586.95594211517
test,1,1,2024-11-01,2024-12-01,2062,seasonal_scaled,32496.0,33446.17190278601
test,1,1,2024-11-01,2024-12-01,2066,seasonal_scaled,31982.0,30519.71606966809
test,1,1,2024-11-01,2024-12-01,2078,seasonal_scaled,20342.0,21645.74847909989
test,1,1,2024-11-01,2024-12-01,2079,seasonal_scaled,25613.0,27311.08082111437
test,1,1,2024-11-01,2024-12-01,2093,seasonal_scaled,25859.0,27076.63607178569
test,1,1,2024-11-01,2024-12-01,2125,seasonal_scaled,27391.0,28309.06264699593
test,1,1,2024-11-01,2024-12-01,2127,seasonal_scaled,31422.0,32853.247113163976
test,1,1,2024-11-01,2024-12-01,2139,seasonal_scaled,28556.0,29944.122583177937
test,1,1,2024-11-01,2024-12-01,2217,seasonal_scaled,52897.0,50823.25801803592
test,1,1,2024-11-01,2024-12-01,2235,seasonal_scaled,42570.0,42068.19803320974
test,1,1,2024-11-01,2024-12-01,2245,seasonal_scaled,50092.0,50290.29582526956
test,1,1,2024-11-01,2024-12-01,2278,seasonal_scaled,32665.0,32253.83795660533
test,1,1,2024-11-01,2024-12-01,2310,seasonal_scaled,32642.0,32192.685611750963
test,1,1,2024-11-01,2024-12-01,2373,seasonal_scaled,64055.0,64059.53910356184
test,1,1,2024-11-01,2024-12-01,2395,seasonal_scaled,45845.0,45735.239468291016
test,1,1,2024-11-01,2024-12-01,2453,seasonal_scaled,53303.0,53289.37425545171
test,1,1,2024-11-01,2024-12-01,2478,seasonal_scaled,56664.0,56503.4051226904
test,1,1,2024-11-01,2024-12-01,2538,seasonal_scaled,65676.0,65924.71568308456
test,1,1,2024-11-01,2024-12-01,2562,seasonal_scaled,63627.0,62165.85348153592
test,1,1,2024-11-01,2024-12-01,2573,seasonal_scaled,68936.0,68566.21840412107
test,1,1,2024-11-01,2024-12-01,188,ridge,23808.0,23251.175404775186
test,1,1,2024-11-01,2024-12-01,235,ridge,27422.0,23361.82127482347
test,1,1,2024-11-01,2024-12-01,269,ridge,37090.0,31830.37754715846
test,1,1,2024-11-01,2024-12-01,305,ridge,24746.0,21638.723700646584
test,1,1,2024-11-01,2024-12-01,312,ridge,55604.0,47201.64760631757
test,1,1,2024-11-01,2024-12-01,324,ridge,42232.0,34621.42439189914
test,1,1,2024-11-01,2024-12-01,397,ridge,31952.0,28276.419383323635
test,1,1,2024-11-01,2024-12-01,486,ridge,24695.0,21102.44017382758
test,1,1,2024-11-01,2024-12-01,506,ridge,38925.0,35095.650436944365
test,1,1,2024-11-01,2024-12-01,541,ridge,25584.0,21725.2952937362
test,1,1,2024-11-01,2024-12-01,571,ridge,27391.0,23563.207459405137
test,1,1,2024-11-01,2024-12-01,581,ridge,42782.0,36167.56918467058
test,1,1,2024-11-01,2024-12-01,694,ridge,35782.0,30829.331448220924
test,1,1,2024-11-01,2024-12-01,811,ridge,34089.0,30202.319423363777
test,1,1,2024-11-01,2024-12-01,1053,ridge,29338.0,25937.815079958127
test,1,1,2024-11-01,2024-12-01,1110,ridge,36427.0,32381.84147876291
test,1,1,2024-11-01,2024-12-01,1112,ridge,34128.0,29206.886125639125
test,1,1,2024-11-01,2024-12-01,1120,ridge,29677.0,24433.68752199583
test,1,1,2024-11-01,2024-12-01,1184,ridge,43335.0,35205.4069640075
test,1,1,2024-11-01,2024-12-01,1238,ridge,41308.0,35550.94576715965
test,1,1,2024-11-01,2024-12-01,1254,ridge,33005.0,27383.22701339058
test,1,1,2024-11-01,2024-12-01,1276,ridge,22588.0,21085.57242980629
test,1,1,2024-11-01,2024-12-01,1286,ridge,25821.0,22810.47226786212
test,1,1,2024-11-01,2024-12-01,1289,ridge,24446.0,20819.61969694088
test,1,1,2024-11-01,2024-12-01,1292,ridge,23754.0,21332.201632762084
test,1,1,2024-11-01,2024-12-01,1338,ridge,27338.0,23584.41926684123
test,1,1,2024-11-01,2024-12-01,1426,ridge,30444.0,26418.505386140936
test,1,1,2024-11-01,2024-12-01,1443,ridge,57248.0,49902.320433954505
test,1,1,2024-11-01,2024-12-01,1461,ridge,57342.0,50530.518308914674
test,1,1,2024-11-01,2024-12-01,1494,ridge,34823.0,30359.920318143504
test,1,1,2024-11-01,2024-12-01,1555,ridge,33875.0,28805.086143087057
test,1,1,2024-11-01,2024-12-01,1573,ridge,30528.0,26227.150454476363
test,1,1,2024-11-01,2024-12-01,1577,ridge,38335.0,32858.62703925861
test,1,1,2024-11-01,2024-12-01,1746,ridge,22026.0,19786.02413370254
test,1,1,2024-11-01,2024-12-01,1763,ridge,21201.0,18913.071638746307
test,1,1,2024-11-01,2024-12-01,1770,ridge,30467.0,27277.521214480348
test,1,1,2024-11-01,2024-12-01,1909,ridge,26630.0,23226.265194424843
test,1,1,2024-11-01,2024-12-01,1923,ridge,24147.0,20917.48224368282
test,1,1,2024-11-01,2024-12-01,1930,ridge,28331.0,24559.116680021707
test,1,1,2024-11-01,2024-12-01,1956,ridge,38444.0,34619.00209611547
test,1,1,2024-11-01,2024-12-01,1970,ridge,61261.0,55905.23869036511
test,1,1,2024-11-01,2024-12-01,2006,ridge,41414.0,36734.49785445556
test,1,1,2024-11-01,2024-12-01,2061,ridge,27401.0,23893.6250934657
test,1,1,2024-11-01,2024-12-01,2062,ridge,32496.0,29299.332172157174
test,1,1,2024-11-01,2024-12-01,2066,ridge,31982.0,26582.66637540732
test,1,1,2024-11-01,2024-12-01,2078,ridge,20342.0,18088.01723714426
test,1,1,2024-11-01,2024-12-01,2079,ridge,25613.0,22910.070671795027
test,1,1,2024-11-01,2024-12-01,2093,ridge,25859.0,22607.93731711693
test,1,1,2024-11-01,2024-12-01,2125,ridge,27391.0,23492.750882586017
test,1,1,2024-11-01,2024-12-01,2127,ridge,31422.0,25420.63757758198
test,1,1,2024-11-01,2024-12-01,2139,ridge,28556.0,25101.37423347781
test,1,1,2024-11-01,2024-12-01,2217,ridge,52897.0,45532.26574506971
test,1,1,2024-11-01,2024-12-01,2235,ridge,42570.0,36518.95004049301
test,1,1,2024-11-01,2024-12-01,2245,ridge,50092.0,44621.70233998948
test,1,1,2024-11-01,2024-12-01,2278,ridge,32665.0,27581.190504253704
test,1,1,2024-11-01,2024-12-01,2310,ridge,32642.0,28085.21636059302
test,1,1,2024-11-01,2024-12-01,2373,ridge,64055.0,56323.77598642428
test,1,1,2024-11-01,2024-12-01,2395,ridge,45845.0,40592.868415624354
test,1,1,2024-11-01,2024-12-01,2453,ridge,53303.0,47588.80410368083
test,1,1,2024-11-01,2024-12-01,2478,ridge,56664.0,50692.18166804706
test,1,1,2024-11-01,2024-12-01,2538,ridge,65676.0,58322.31397623842
test,1,1,2024-11-01,2024-12-01,2562,ridge,63627.0,54964.165752064735
test,1,1,2024-11-01,2024-12-01,2573,ridge,68936.0,60800.87662903662
test,1,1,2024-11-01,2024-12-01,188,boosting,23808.0,19108.16169160456
test,1,1,2024-11-01,2024-12-01,235,boosting,27422.0,21473.906087646912
test,1,1,2024-11-01,2024-12-01,269,boosting,37090.0,29729.88409091236
test,1,1,2024-11-01,2024-12-01,305,boosting,24746.0,19140.36654276216
test,1,1,2024-11-01,2024-12-01,312,boosting,55604.0,42751.0345553096
test,1,1,2024-11-01,2024-12-01,324,boosting,42232.0,29168.722209204007
test,1,1,2024-11-01,2024-12-01,397,boosting,31952.0,25467.36373851612
test,1,1,2024-11-01,2024-12-01,486,boosting,24695.0,18966.401113782555
test,1,1,2024-11-01,2024-12-01,506,boosting,38925.0,31827.53832552975
test,1,1,2024-11-01,2024-12-01,541,boosting,25584.0,19842.95095277064
test,1,1,2024-11-01,2024-12-01,571,boosting,27391.0,20545.28238386121
test,1,1,2024-11-01,2024-12-01,581,boosting,42782.0,31940.84386472267
test,1,1,2024-11-01,2024-12-01,694,boosting,35782.0,28625.47145610977
test,1,1,2024-11-01,2024-12-01,811,boosting,34089.0,27072.467158237567
test,1,1,2024-11-01,2024-12-01,1053,boosting,29338.0,23388.08276089024
test,1,1,2024-11-01,2024-12-01,1110,boosting,36427.0,29561.49805245853
test,1,1,2024-11-01,2024-12-01,1112,boosting,34128.0,25899.24338050012
test,1,1,2024-11-01,2024-12-01,1120,boosting,29677.0,21290.032917312616
test,1,1,2024-11-01,2024-12-01,1184,boosting,43335.0,32490.86307566877
test,1,1,2024-11-01,2024-12-01,1238,boosting,41308.0,32317.492572891904
test,1,1,2024-11-01,2024-12-01,1254,boosting,33005.0,24803.928843763395
test,1,1,2024-11-01,2024-12-01,1276,boosting,22588.0,17634.951233320437
test,1,1,2024-11-01,2024-12-01,1286,boosting,25821.0,20313.713752714124
test,1,1,2024-11-01,2024-12-01,1289,boosting,24446.0,18381.207010545008
test,1,1,2024-11-01,2024-12-01,1292,boosting,23754.0,18717.63821888247
test,1,1,2024-11-01,2024-12-01,1338,boosting,27338.0,20853.7000468605
test,1,1,2024-11-01,2024-12-01,1426,boosting,30444.0,23705.11304026372
test,1,1,2024-11-01,2024-12-01,1443,boosting,57248.0,45610.1819609076
test,1,1,2024-11-01,2024-12-01,1461,boosting,57342.0,45605.17778626448
test,1,1,2024-11-01,2024-12-01,1494,boosting,34823.0,27383.88180055848
test,1,1,2024-11-01,2024-12-01,1555,boosting,33875.0,26124.84523491304
test,1,1,2024-11-01,2024-12-01,1573,boosting,30528.0,22825.71232859624
test,1,1,2024-11-01,2024-12-01,1577,boosting,38335.0,30417.336093806138
test,1,1,2024-11-01,2024-12-01,1746,boosting,22026.0,17226.06220556884
test,1,1,2024-11-01,2024-12-01,1763,boosting,21201.0,16581.12666139194
test,1,1,2024-11-01,2024-12-01,1770,boosting,30467.0,24241.11444397744
test,1,1,2024-11-01,2024-12-01,1909,boosting,26630.0,20540.03399409456
test,1,1,2024-11-01,2024-12-01,1923,boosting,24147.0,19020.812850834747
test,1,1,2024-11-01,2024-12-01,1930,boosting,28331.0,22201.14349959708
test,1,1,2024-11-01,2024-12-01,1956,boosting,38444.0,29771.475629717497
test,1,1,2024-11-01,2024-12-01,1970,boosting,61261.0,50925.07725722256
test,1,1,2024-11-01,2024-12-01,2006,boosting,41414.0,33669.55418884428
test,1,1,2024-11-01,2024-12-01,2061,boosting,27401.0,21006.97463544177
test,1,1,2024-11-01,2024-12-01,2062,boosting,32496.0,25946.47170214172
test,1,1,2024-11-01,2024-12-01,2066,boosting,31982.0,23392.277495701288
test,1,1,2024-11-01,2024-12-01,2078,boosting,20342.0,17328.839379613182
test,1,1,2024-11-01,2024-12-01,2079,boosting,25613.0,21292.745764378426
test,1,1,2024-11-01,2024-12-01,2093,boosting,25859.0,20016.721208500523
test,1,1,2024-11-01,2024-12-01,2125,boosting,27391.0,21672.67905180528
test,1,1,2024-11-01,2024-12-01,2127,boosting,31422.0,22560.077811915315
test,1,1,2024-11-01,2024-12-01,2139,boosting,28556.0,22319.729385015216
test,1,1,2024-11-01,2024-12-01,2217,boosting,52897.0,42275.38884176904
test,1,1,2024-11-01,2024-12-01,2235,boosting,42570.0,32909.464122598045
test,1,1,2024-11-01,2024-12-01,2245,boosting,50092.0,41007.5978583018
test,1,1,2024-11-01,2024-12-01,2278,boosting,32665.0,25260.99105988348
test,1,1,2024-11-01,2024-12-01,2310,boosting,32642.0,25435.201628648232
test,1,1,2024-11-01,2024-12-01,2373,boosting,64055.0,51544.72963760381
test,1,1,2024-11-01,2024-12-01,2395,boosting,45845.0,37540.15464619399
test,1,1,2024-11-01,2024-12-01,2453,boosting,53303.0,43696.07959086017
test,1,1,2024-11-01,2024-12-01,2478,boosting,56664.0,46356.07213627075
test,1,1,2024-11-01,2024-12-01,2538,boosting,65676.0,53071.14958198069
test,1,1,2024-11-01,2024-12-01,2562,boosting,63627.0,50451.786997384486
test,1,1,2024-11-01,2024-12-01,2573,boosting,68936.0,55515.34215020409
test,1,1,2024-11-01,2024-12-01,188,boosting_news,23808.0,19792.961034486947
test,1,1,2024-11-01,2024-12-01,235,boosting_news,27422.0,21989.259697288875
test,1,1,2024-11-01,2024-12-01,269,boosting_news,37090.0,30052.18650347004
test,1,1,2024-11-01,2024-12-01,305,boosting_news,24746.0,19410.479234256123
test,1,1,2024-11-01,2024-12-01,312,boosting_news,55604.0,43775.16485964397
test,1,1,2024-11-01,2024-12-01,324,boosting_news,42232.0,30089.119819043164
test,1,1,2024-11-01,2024-12-01,397,boosting_news,31952.0,25855.28177980376
test,1,1,2024-11-01,2024-12-01,486,boosting_news,24695.0,19193.000915845714
test,1,1,2024-11-01,2024-12-01,506,boosting_news,38925.0,32122.895383013874
test,1,1,2024-11-01,2024-12-01,541,boosting_news,25584.0,20288.652533826247
test,1,1,2024-11-01,2024-12-01,571,boosting_news,27391.0,20868.948738600768
test,1,1,2024-11-01,2024-12-01,581,boosting_news,42782.0,32354.92963104444
test,1,1,2024-11-01,2024-12-01,694,boosting_news,35782.0,29044.40717117277
test,1,1,2024-11-01,2024-12-01,811,boosting_news,34089.0,27398.378154844617
test,1,1,2024-11-01,2024-12-01,1053,boosting_news,29338.0,23797.414414131727
test,1,1,2024-11-01,2024-12-01,1110,boosting_news,36427.0,29936.10252744741
test,1,1,2024-11-01,2024-12-01,1112,boosting_news,34128.0,26337.766887903337
test,1,1,2024-11-01,2024-12-01,1120,boosting_news,29677.0,21873.05981408132
test,1,1,2024-11-01,2024-12-01,1184,boosting_news,43335.0,32800.82469586705
test,1,1,2024-11-01,2024-12-01,1238,boosting_news,41308.0,32645.113067159324
test,1,1,2024-11-01,2024-12-01,1254,boosting_news,33005.0,25204.293108879257
test,1,1,2024-11-01,2024-12-01,1276,boosting_news,22588.0,18164.99086908749
test,1,1,2024-11-01,2024-12-01,1286,boosting_news,25821.0,20606.57885914609
test,1,1,2024-11-01,2024-12-01,1289,boosting_news,24446.0,18726.59450991921
test,1,1,2024-11-01,2024-12-01,1292,boosting_news,23754.0,18968.517822752496
test,1,1,2024-11-01,2024-12-01,1338,boosting_news,27338.0,21196.007570729384
test,1,1,2024-11-01,2024-12-01,1426,boosting_news,30444.0,24162.30392366279
test,1,1,2024-11-01,2024-12-01,1443,boosting_news,57248.0,46349.48968091555
test,1,1,2024-11-01,2024-12-01,1461,boosting_news,57342.0,46428.906760709135
test,1,1,2024-11-01,2024-12-01,1494,boosting_news,34823.0,27655.908382370068
test,1,1,2024-11-01,2024-12-01,1555,boosting_news,33875.0,26518.41030586688
test,1,1,2024-11-01,2024-12-01,1573,boosting_news,30528.0,23278.76830885843
test,1,1,2024-11-01,2024-12-01,1577,boosting_news,38335.0,30801.54695288389
test,1,1,2024-11-01,2024-12-01,1746,boosting_news,22026.0,17623.076081053314
test,1,1,2024-11-01,2024-12-01,1763,boosting_news,21201.0,16802.81563240981
test,1,1,2024-11-01,2024-12-01,1770,boosting_news,30467.0,24992.70467633605
test,1,1,2024-11-01,2024-12-01,1909,boosting_news,26630.0,20884.78778546644
test,1,1,2024-11-01,2024-12-01,1923,boosting_news,24147.0,19337.34337461353
test,1,1,2024-11-01,2024-12-01,1930,boosting_news,28331.0,22599.076197896866
test,1,1,2024-11-01,2024-12-01,1956,boosting_news,38444.0,30361.10360991804
test,1,1,2024-11-01,2024-12-01,1970,boosting_news,61261.0,52102.148686969136
test,1,1,2024-11-01,2024-12-01,2006,boosting_news,41414.0,34041.728896771994
test,1,1,2024-11-01,2024-12-01,2061,boosting_news,27401.0,21356.576940880284
test,1,1,2024-11-01,2024-12-01,2062,boosting_news,32496.0,26386.764605227912
test,1,1,2024-11-01,2024-12-01,2066,boosting_news,31982.0,24125.583313658124
test,1,1,2024-11-01,2024-12-01,2078,boosting_news,20342.0,17406.043974016182
test,1,1,2024-11-01,2024-12-01,2079,boosting_news,25613.0,21766.207595538963
test,1,1,2024-11-01,2024-12-01,2093,boosting_news,25859.0,20346.039151657456
test,1,1,2024-11-01,2024-12-01,2125,boosting_news,27391.0,22008.52731710955
test,1,1,2024-11-01,2024-12-01,2127,boosting_news,31422.0,22947.21068599931
test,1,1,2024-11-01,2024-12-01,2139,boosting_news,28556.0,22671.69696633932
test,1,1,2024-11-01,2024-12-01,2217,boosting_news,52897.0,43282.41203155891
test,1,1,2024-11-01,2024-12-01,2235,boosting_news,42570.0,33367.89182878387
test,1,1,2024-11-01,2024-12-01,2245,boosting_news,50092.0,42580.29437900052
test,1,1,2024-11-01,2024-12-01,2278,boosting_news,32665.0,25591.48003820833
test,1,1,2024-11-01,2024-12-01,2310,boosting_news,32642.0,25799.214526733384
test,1,1,2024-11-01,2024-12-01,2373,boosting_news,64055.0,52421.67193047609
test,1,1,2024-11-01,2024-12-01,2395,boosting_news,45845.0,38036.01152911745
test,1,1,2024-11-01,2024-12-01,2453,boosting_news,53303.0,44474.46430268618
test,1,1,2024-11-01,2024-12-01,2478,boosting_news,56664.0,47117.18374751772
test,1,1,2024-11-01,2024-12-01,2538,boosting_news,65676.0,54218.309686093504
test,1,1,2024-11-01,2024-12-01,2562,boosting_news,63627.0,51343.15465812407
test,1,1,2024-11-01,2024-12-01,2573,boosting_news,68936.0,56782.89084017244
test,1,1,2024-11-01,2024-12-01,188,prophet,23808.0,25085.17320889958
test,1,1,2024-11-01,2024-12-01,235,prophet,27422.0,23415.869049805016
test,1,1,2024-11-01,2024-12-01,269,prophet,37090.0,33088.11539801896
test,1,1,2024-11-01,2024-12-01,305,prophet,24746.0,22217.19871065917
test,1,1,2024-11-01,2024-12-01,312,prophet,55604.0,48442.9336400016
test,1,1,2024-11-01,2024-12-01,324,prophet,42232.0,35097.69979186054
test,1,1,2024-11-01,2024-12-01,397,prophet,31952.0,29240.2556478168
test,1,1,2024-11-01,2024-12-01,486,prophet,24695.0,20845.996613502502
test,1,1,2024-11-01,2024-12-01,506,prophet,38925.0,34948.00315390308
test,1,1,2024-11-01,2024-12-01,541,prophet,25584.0,22482.760178317625
test,1,1,2024-11-01,2024-12-01,571,prophet,27391.0,22852.0646857188
test,1,1,2024-11-01,2024-12-01,581,prophet,42782.0,36094.85429060699
test,1,1,2024-11-01,2024-12-01,694,prophet,35782.0,31817.26727415322
test,1,1,2024-11-01,2024-12-01,811,prophet,34089.0,31192.055086413144
test,1,1,2024-11-01,2024-12-01,1053,prophet,29338.0,26434.080599669203
test,1,1,2024-11-01,2024-12-01,1110,prophet,36427.0,32761.37171593944
test,1,1,2024-11-01,2024-12-01,1112,prophet,34128.0,29636.40814186865
test,1,1,2024-11-01,2024-12-01,1120,prophet,29677.0,25324.548988587565
test,1,1,2024-11-01,2024-12-01,1184,prophet,43335.0,36058.09820257332
test,1,1,2024-11-01,2024-12-01,1238,prophet,41308.0,36418.84072504423
test,1,1,2024-11-01,2024-12-01,1254,prophet,33005.0,27364.767926384586
test,1,1,2024-11-01,2024-12-01,1276,prophet,22588.0,19993.57669974711
test,1,1,2024-11-01,2024-12-01,1286,prophet,25821.0,22978.74426971508
test,1,1,2024-11-01,2024-12-01,1289,prophet,24446.0,20654.78669180802
test,1,1,2024-11-01,2024-12-01,1292,prophet,23754.0,21065.579025780866
test,1,1,2024-11-01,2024-12-01,1338,prophet,27338.0,23565.80496467967
test,1,1,2024-11-01,2024-12-01,1426,prophet,30444.0,27592.29484075717
test,1,1,2024-11-01,2024-12-01,1443,prophet,57248.0,50888.56899816786
test,1,1,2024-11-01,2024-12-01,1461,prophet,57342.0,50946.49091033808
test,1,1,2024-11-01,2024-12-01,1494,prophet,34823.0,30559.22046251341
test,1,1,2024-11-01,2024-12-01,1555,prophet,33875.0,28843.44957167488
test,1,1,2024-11-01,2024-12-01,1573,prophet,30528.0,25766.73285741891
test,1,1,2024-11-01,2024-12-01,1577,prophet,38335.0,33798.68485066509
test,1,1,2024-11-01,2024-12-01,1746,prophet,22026.0,20151.64843779513
test,1,1,2024-11-01,2024-12-01,1763,prophet,21201.0,18732.93869410008
test,1,1,2024-11-01,2024-12-01,1770,prophet,30467.0,27404.38725783663
test,1,1,2024-11-01,2024-12-01,1909,prophet,26630.0,23467.21391383102
test,1,1,2024-11-01,2024-12-01,1923,prophet,24147.0,20650.730203008345
test,1,1,2024-11-01,2024-12-01,1930,prophet,28331.0,25254.309579043045
test,1,1,2024-11-01,2024-12-01,1956,prophet,38444.0,30052.27077928667
test,1,1,2024-11-01,2024-12-01,1970,prophet,61261.0,55251.28653682141
test,1,1,2024-11-01,2024-12-01,2006,prophet,41414.0,38495.90624504733
test,1,1,2024-11-01,2024-12-01,2061,prophet,27401.0,23790.06390952602
test,1,1,2024-11-01,2024-12-01,2062,prophet,32496.0,29756.30043049137
test,1,1,2024-11-01,2024-12-01,2066,prophet,31982.0,26601.82610824109
test,1,1,2024-11-01,2024-12-01,2078,prophet,20342.0,19435.09759730876
test,1,1,2024-11-01,2024-12-01,2079,prophet,25613.0,24214.57854102807
test,1,1,2024-11-01,2024-12-01,2093,prophet,25859.0,23700.745929973426
test,1,1,2024-11-01,2024-12-01,2125,prophet,27391.0,25169.37304719717
test,1,1,2024-11-01,2024-12-01,2127,prophet,31422.0,26823.18538565276
test,1,1,2024-11-01,2024-12-01,2139,prophet,28556.0,25567.86019633054
test,1,1,2024-11-01,2024-12-01,2217,prophet,52897.0,47708.69101912336
test,1,1,2024-11-01,2024-12-01,2235,prophet,42570.0,36842.94811909925
test,1,1,2024-11-01,2024-12-01,2245,prophet,50092.0,45324.79773327193
test,1,1,2024-11-01,2024-12-01,2278,prophet,32665.0,28337.30526675309
test,1,1,2024-11-01,2024-12-01,2310,prophet,32642.0,28285.258782494813
test,1,1,2024-11-01,2024-12-01,2373,prophet,64055.0,58436.71036926185
test,1,1,2024-11-01,2024-12-01,2395,prophet,45845.0,41466.21611984723
test,1,1,2024-11-01,2024-12-01,2453,prophet,53303.0,48517.97877705019
test,1,1,2024-11-01,2024-12-01,2478,prophet,56664.0,50779.24074582014
test,1,1,2024-11-01,2024-12-01,2538,prophet,65676.0,59538.26145579224
test,1,1,2024-11-01,2024-12-01,2562,prophet,63627.0,56360.91241756514
test,1,1,2024-11-01,2024-12-01,2573,prophet,68936.0,61662.43012898963
test,3,1,2024-09-01,2024-10-01,188,last,22856.0,21614.0
test,3,2,2024-09-01,2024-11-01,188,last,20266.0,21614.0
test,3,3,2024-09-01,2024-12-01,188,last,23808.0,21614.0
test,3,1,2024-09-01,2024-10-01,235,last,24065.0,22581.0
test,3,2,2024-09-01,2024-11-01,235,last,23560.0,22581.0
test,3,3,2024-09-01,2024-12-01,235,last,27422.0,22581.0
test,3,1,2024-09-01,2024-10-01,269,last,31460.0,29658.0
test,3,2,2024-09-01,2024-11-01,269,last,32221.0,29658.0
test,3,3,2024-09-01,2024-12-01,269,last,37090.0,29658.0
test,3,1,2024-09-01,2024-10-01,305,last,20684.0,19526.0
test,3,2,2024-09-01,2024-11-01,305,last,20928.0,19526.0
test,3,3,2024-09-01,2024-12-01,305,last,24746.0,19526.0
test,3,1,2024-09-01,2024-10-01,312,last,46153.0,44433.0
test,3,2,2024-09-01,2024-11-01,312,last,45441.0,44433.0
test,3,3,2024-09-01,2024-12-01,312,last,55604.0,44433.0
test,3,1,2024-09-01,2024-10-01,322,last,41303.0,45455.0
test,3,2,2024-09-01,2024-11-01,322,last,36654.0,45455.0
test,3,1,2024-09-01,2024-10-01,324,last,32506.0,32655.0
test,3,2,2024-09-01,2024-11-01,324,last,30410.0,32655.0
test,3,3,2024-09-01,2024-12-01,324,last,42232.0,32655.0
test,3,1,2024-09-01,2024-10-01,397,last,27743.0,26302.0
test,3,2,2024-09-01,2024-11-01,397,last,27685.0,26302.0
test,3,3,2024-09-01,2024-12-01,397,last,31952.0,26302.0
test,3,1,2024-09-01,2024-10-01,486,last,21030.0,19777.0
test,3,2,2024-09-01,2024-11-01,486,last,20679.0,19777.0
test,3,3,2024-09-01,2024-12-01,486,last,24695.0,19777.0
test,3,1,2024-09-01,2024-10-01,506,last,34296.0,32313.0
test,3,2,2024-09-01,2024-11-01,506,last,34082.0,32313.0
test,3,3,2024-09-01,2024-12-01,506,last,38925.0,32313.0
test,3,1,2024-09-01,2024-10-01,541,last,21066.0,19594.0
test,3,2,2024-09-01,2024-11-01,541,last,21921.0,19594.0
test,3,3,2024-09-01,2024-12-01,541,last,25584.0,19594.0
test,3,1,2024-09-01,2024-10-01,571,last,22583.0,21609.0
test,3,2,2024-09-01,2024-11-01,571,last,22311.0,21609.0
test,3,3,2024-09-01,2024-12-01,571,last,27391.0,21609.0
test,3,1,2024-09-01,2024-10-01,581,last,35463.0,32960.0
test,3,2,2024-09-01,2024-11-01,581,last,34061.0,32960.0
test,3,3,2024-09-01,2024-12-01,581,last,42782.0,32960.0
test,3,1,2024-09-01,2024-10-01,694,last,29686.0,26883.0
test,3,2,2024-09-01,2024-11-01,694,last,30860.0,26883.0
test,3,3,2024-09-01,2024-12-01,694,last,35782.0,26883.0
test,3,1,2024-09-01,2024-10-01,811,last,28959.0,27556.0
test,3,2,2024-09-01,2024-11-01,811,last,29141.0,27556.0
test,3,3,2024-09-01,2024-12-01,811,last,34089.0,27556.0
test,3,1,2024-09-01,2024-10-01,1053,last,25741.0,23267.0
test,3,2,2024-09-01,2024-11-01,1053,last,25488.0,23267.0
test,3,3,2024-09-01,2024-12-01,1053,last,29338.0,23267.0
test,3,1,2024-09-01,2024-10-01,1110,last,31918.0,30321.0
test,3,2,2024-09-01,2024-11-01,1110,last,31856.0,30321.0
test,3,3,2024-09-01,2024-12-01,1110,last,36427.0,30321.0
test,3,1,2024-09-01,2024-10-01,1112,last,27851.0,26964.0
test,3,2,2024-09-01,2024-11-01,1112,last,28146.0,26964.0
test,3,3,2024-09-01,2024-12-01,1112,last,34128.0,26964.0
test,3,1,2024-09-01,2024-10-01,1120,last,22177.0,22073.0
test,3,2,2024-09-01,2024-11-01,1120,last,23343.0,22073.0
test,3,3,2024-09-01,2024-12-01,1120,last,29677.0,22073.0
test,3,1,2024-09-01,2024-10-01,1184,last,34593.0,30581.0
test,3,2,2024-09-01,2024-11-01,1184,last,34925.0,30581.0
test,3,3,2024-09-01,2024-12-01,1184,last,43335.0,30581.0
test,3,1,2024-09-01,2024-10-01,1238,last,34429.0,33100.0
test,3,2,2024-09-01,2024-11-01,1238,last,34687.0,33100.0
test,3,3,2024-09-01,2024-12-01,1238,last,41308.0,33100.0
test,3,1,2024-09-01,2024-10-01,1254,last,28506.0,26191.0
test,3,2,2024-09-01,2024-11-01,1254,last,26984.0,26191.0
test,3,3,2024-09-01,2024-12-01,1254,last,33005.0,26191.0
test,3,1,2024-09-01,2024-10-01,1276,last,20025.0,19461.0
test,3,2,2024-09-01,2024-11-01,1276,last,18688.0,19461.0
test,3,3,2024-09-01,2024-12-01,1276,last,22588.0,19461.0
test,3,1,2024-09-01,2024-10-01,1286,last,21871.0,21351.0
test,3,2,2024-09-01,2024-11-01,1286,last,22115.0,21351.0
test,3,3,2024-09-01,2024-12-01,1286,last,25821.0,21351.0
test,3,1,2024-09-01,2024-10-01,1289,last,20454.0,18986.0
test,3,2,2024-09-01,2024-11-01,1289,last,19936.0,18986.0
test,3,3,2024-09-01,2024-12-01,1289,last,24446.0,18986.0
test,3,1,2024-09-01,2024-10-01,1292,last,21076.0,19694.0
test,3,2,2024-09-01,2024-11-01,1292,last,20235.0,19694.0
test,3,3,2024-09-01,2024-12-01,1292,last,23754.0,19694.0
test,3,1,2024-09-01,2024-10-01,1338,last,22914.0,21152.0
test,3,2,2024-09-01,2024-11-01,1338,last,22683.0,21152.0
test,3,3,2024-09-01,2024-12-01,1338,last,27338.0,21152.0
test,3,1,2024-09-01,2024-10-01,1426,last,25286.0,24135.0
test,3,2,2024-09-01,2024-11-01,1426,last,25946.0,24135.0
test,3,3,2024-09-01,2024-12-01,1426,last,30444.0,24135.0
test,3,1,2024-09-01,2024-10-01,1443,last,47672.0,45112.0
test,3,2,2024-09-01,2024-11-01,1443,last,48360.0,45112.0
test,3,3,2024-09-01,2024-12-01,1443,last,57248.0,45112.0
test,3,1,2024-09-01,2024-10-01,1461,last,47994.0,45896.0
test,3,2,2024-09-01,2024-11-01,1461,last,48527.0,45896.0
test,3,3,2024-09-01,2024-12-01,1461,last,57342.0,45896.0
test,3,1,2024-09-01,2024-10-01,1494,last,29725.0,27846.0
test,3,2,2024-09-01,2024-11-01,1494,last,29450.0,27846.0
test,3,3,2024-09-01,2024-12-01,1494,last,34823.0,27846.0
test,3,1,2024-09-01,2024-10-01,1555,last,28211.0,27237.0
test,3,2,2024-09-01,2024-11-01,1555,last,28609.0,27237.0
test,3,3,2024-09-01,2024-12-01,1555,last,33875.0,27237.0
test,3,1,2024-09-01,2024-10-01,1573,last,24762.0,24409.0
test,3,2,2024-09-01,2024-11-01,1573,last,24828.0,24409.0
test,3,3,2024-09-01,2024-12-01,1573,last,30528.0,24409.0
test,3,1,2024-09-01,2024-10-01,1577,last,31761.0,30049.0
test,3,2,2024-09-01,2024-11-01,1577,last,32759.0,30049.0
test,3,3,2024-09-01,2024-12-01,1577,last,38335.0,30049.0
test,3,1,2024-09-01,2024-10-01,1746,last,18862.0,17025.0
test,3,2,2024-09-01,2024-11-01,1746,last,18732.0,17025.0
test,3,3,2024-09-01,2024-12-01,1746,last,22026.0,17025.0
test,3,1,2024-09-01,2024-10-01,1763,last,17098.0,17798.0
test,3,2,2024-09-01,2024-11-01,1763,last,18179.0,17798.0
test,3,3,2024-09-01,2024-12-01,1763,last,21201.0,17798.0
test,3,1,2024-09-01,2024-10-01,1770,last,27539.0,25981.0
test,3,2,2024-09-01,2024-11-01,1770,last,26068.0,25981.0
test,3,3,2024-09-01,2024-12-01,1770,last,30467.0,25981.0
test,3,1,2024-09-01,2024-10-01,1909,last,21752.0,21760.0
test,3,2,2024-09-01,2024-11-01,1909,last,22405.0,21760.0
test,3,3,2024-09-01,2024-12-01,1909,last,26630.0,21760.0
test,3,1,2024-09-01,2024-10-01,1923,last,20559.0,18456.0
test,3,2,2024-09-01,2024-11-01,1923,last,20959.0,18456.0
test,3,3,2024-09-01,2024-12-01,1923,last,24147.0,18456.0
test,3,1,2024-09-01,2024-10-01,1930,last,24337.0,22129.0
test,3,2,2024-09-01,2024-11-01,1930,last,24248.0,22129.0
test,3,3,2024-09-01,2024-12-01,1930,last,28331.0,22129.0
test,3,1,2024-09-01,2024-10-01,1956,last,31586.0,30115.0
test,3,2,2024-09-01,2024-11-01,1956,last,31964.0,30115.0
test,3,3,2024-09-01,2024-12-01,1956,last,38444.0,30115.0
test,3,1,2024-09-01,2024-10-01,1970,last,58772.0,57290.0
test,3,2,2024-09-01,2024-11-01,1970,last,54514.0,57290.0
test,3,3,2024-09-01,2024-12-01,1970,last,61261.0,57290.0
test,3,1,2024-09-01,2024-10-01,2006,last,35021.0,33974.0
test,3,2,2024-09-01,2024-11-01,2006,last,36137.0,33974.0
test,3,3,2024-09-01,2024-12-01,2006,last,41414.0,33974.0
test,3,1,2024-09-01,2024-10-01,2061,last,22276.0,21797.0
test,3,2,2024-09-01,2024-11-01,2061,last,23003.0,21797.0
test,3,3,2024-09-01,2024-12-01,2061,last,27401.0,21797.0
test,3,1,2024-09-01,2024-10-01,2062,last,28636.0,27209.0
test,3,2,2024-09-01,2024-11-01,2062,last,28149.0,27209.0
test,3,3,2024-09-01,2024-12-01,2062,last,32496.0,27209.0
test,3,1,2024-09-01,2024-10-01,2066,last,26811.0,24668.0
test,3,2,2024-09-01,2024-11-01,2066,last,25165.0,24668.0
test,3,3,2024-09-01,2024-12-01,2066,last,31982.0,24668.0
test,3,1,2024-09-01,2024-10-01,2078,last,18073.0,16769.0
test,3,2,2024-09-01,2024-11-01,2078,last,19518.0,16769.0
test,3,3,2024-09-01,2024-12-01,2078,last,20342.0,16769.0
test,3,1,2024-09-01,2024-10-01,2079,last,26439.0,19848.0
test,3,2,2024-09-01,2024-11-01,2079,last,23111.0,19848.0
test,3,3,2024-09-01,2024-12-01,2079,last,25613.0,19848.0
test,3,1,2024-09-01,2024-10-01,2093,last,21742.0,19988.0
test,3,2,2024-09-01,2024-11-01,2093,last,21839.0,19988.0
test,3,3,2024-09-01,2024-12-01,2093,last,25859.0,19988.0
test,3,1,2024-09-01,2024-10-01,2125,last,22571.0,22181.0
test,3,2,2024-09-01,2024-11-01,2125,last,23957.0,22181.0
test,3,3,2024-09-01,2024-12-01,2125,last,27391.0,22181.0
test,3,1,2024-09-01,2024-10-01,2127,last,24270.0,22863.0
test,3,2,2024-09-01,2024-11-01,2127,last,24629.0,22863.0
test,3,3,2024-09-01,2024-12-01,2127,last,31422.0,22863.0
test,3,1,2024-09-01,2024-10-01,2139,last,24117.0,23281.0
test,3,2,2024-09-01,2024-11-01,2139,last,24305.0,23281.0
test,3,3,2024-09-01,2024-12-01,2139,last,28556.0,23281.0
test,3,1,2024-09-01,2024-10-01,2217,last,45426.0,43001.0
test,3,2,2024-09-01,2024-11-01,2217,last,44997.0,43001.0
test,3,3,2024-09-01,2024-12-01,2217,last,52897.0,43001.0
test,3,1,2024-09-01,2024-10-01,2235,last,35511.0,34259.0
test,3,2,2024-09-01,2024-11-01,2235,last,35222.0,34259.0
test,3,3,2024-09-01,2024-12-01,2235,last,42570.0,34259.0
test,3,1,2024-09-01,2024-10-01,2245,last,45215.0,45475.0
test,3,2,2024-09-01,2024-11-01,2245,last,43221.0,45475.0
test,3,3,2024-09-01,2024-12-01,2245,last,50092.0,45475.0
test,3,1,2024-09-01,2024-10-01,2278,last,27013.0,26016.0
test,3,2,2024-09-01,2024-11-01,2278,last,27542.0,26016.0
test,3,3,2024-09-01,2024-12-01,2278,last,32665.0,26016.0
test,3,1,2024-09-01,2024-10-01,2310,last,26844.0,26217.0
test,3,2,2024-09-01,2024-11-01,2310,last,27662.0,26217.0
test,3,3,2024-09-01,2024-12-01,2310,last,32642.0,26217.0
test,3,1,2024-09-01,2024-10-01,2373,last,54910.0,52061.0
test,3,2,2024-09-01,2024-11-01,2373,last,55619.0,52061.0
test,3,3,2024-09-01,2024-12-01,2373,last,64055.0,52061.0
test,3,1,2024-09-01,2024-10-01,2395,last,40531.0,37352.0
test,3,2,2024-09-01,2024-11-01,2395,last,40208.0,37352.0
test,3,3,2024-09-01,2024-12-01,2395,last,45845.0,37352.0
test,3,1,2024-09-01,2024-10-01,2453,last,45769.0,43687.0
test,3,2,2024-09-01,2024-11-01,2453,last,46785.0,43687.0
test,3,3,2024-09-01,2024-12-01,2453,last,53303.0,43687.0
test,3,1,2024-09-01,2024-10-01,2478,last,48564.0,45942.0
test,3,2,2024-09-01,2024-11-01,2478,last,49192.0,45942.0
test,3,3,2024-09-01,2024-12-01,2478,last,56664.0,45942.0
test,3,1,2024-09-01,2024-10-01,2538,last,56442.0,53699.0
test,3,2,2024-09-01,2024-11-01,2538,last,57137.0,53699.0
test,3,3,2024-09-01,2024-12-01,2538,last,65676.0,53699.0
test,3,1,2024-09-01,2024-10-01,2562,last,53551.0,50636.0
test,3,2,2024-09-01,2024-11-01,2562,last,54147.0,50636.0
test,3,3,2024-09-01,2024-12-01,2562,last,63627.0,50636.0
test,3,1,2024-09-01,2024-10-01,2573,last,58402.0,55459.0
test,3,2,2024-09-01,2024-11-01,2573,last,59183.0,55459.0
test,3,3,2024-09-01,2024-12-01,2573,last,68936.0,55459.0
test,3,1,2024-09-01,2024-10-01,188,seasonal,22856.0,18241.0
test,3,2,2024-09-01,2024-11-01,188,seasonal,20266.0,19283.0
test,3,3,2024-09-01,2024-12-01,188,seasonal,23808.0,24909.0
test,3,1,2024-09-01,2024-10-01,235,seasonal,24065.0,20005.0
test,3,2,2024-09-01,2024-11-01,235,seasonal,23560.0,19699.0
test,3,3,2024-09-01,2024-12-01,235,seasonal,27422.0,22867.0
test,3,1,2024-09-01,2024-10-01,269,seasonal,31460.0,25826.0
test,3,2,2024-09-01,2024-11-01,269,seasonal,32221.0,26945.0
test,3,3,2024-09-01,2024-12-01,269,seasonal,37090.0,30921.0
test,3,1,2024-09-01,2024-10-01,305,seasonal,20684.0,18094.0
test,3,2,2024-09-01,2024-11-01,305,seasonal,20928.0,19301.0
test,3,3,2024-09-01,2024-12-01,305,seasonal,24746.0,22309.0
test,3,1,2024-09-01,2024-10-01,312,seasonal,46153.0,38193.0
test,3,2,2024-09-01,2024-11-01,312,seasonal,45441.0,38716.0
test,3,3,2024-09-01,2024-12-01,312,seasonal,55604.0,47663.0
test,3,1,2024-09-01,2024-10-01,322,seasonal,41303.0,37252.0
test,3,2,2024-09-01,2024-11-01,322,seasonal,36654.0,35391.0
test,3,1,2024-09-01,2024-10-01,324,seasonal,32506.0,30011.0
test,3,2,2024-09-01,2024-11-01,324,seasonal,30410.0,27235.0
test,3,3,2024-09-01,2024-12-01,324,seasonal,42232.0,38200.0
test,3,1,2024-09-01,2024-10-01,397,seasonal,27743.0,23836.0
test,3,2,2024-09-01,2024-11-01,397,seasonal,27685.0,24012.0
test,3,3,2024-09-01,2024-12-01,397,seasonal,31952.0,27719.0
test,3,1,2024-09-01,2024-10-01,486,seasonal,21030.0,17339.0
test,3,2,2024-09-01,2024-11-01,486,seasonal,20679.0,17569.0
test,3,3,2024-09-01,2024-12-01,486,seasonal,24695.0,20586.0
test,3,1,2024-09-01,2024-10-01,506,seasonal,34296.0,30367.0
test,3,2,2024-09-01,2024-11-01,506,seasonal,34082.0,30658.0
test,3,3,2024-09-01,2024-12-01,506,seasonal,38925.0,34664.0
test,3,1,2024-09-01,2024-10-01,541,seasonal,21066.0,18156.0
test,3,2,2024-09-01,2024-11-01,541,seasonal,21921.0,19055.0
test,3,3,2024-09-01,2024-12-01,541,seasonal,25584.0,22940.0
test,3,1,2024-09-01,2024-10-01,571,seasonal,22583.0,19392.0
test,3,2,2024-09-01,2024-11-01,571,seasonal,22311.0,20093.0
test,3,3,2024-09-01,2024-12-01,571,seasonal,27391.0,24074.0
test,3,1,2024-09-01,2024-10-01,581,seasonal,35463.0,29065.0
test,3,2,2024-09-01,2024-11-01,581,seasonal,34061.0,29869.0
test,3,3,2024-09-01,2024-12-01,581,seasonal,42782.0,37010.0
test,3,1,2024-09-01,2024-10-01,694,seasonal,29686.0,27714.0
test,3,2,2024-09-01,2024-11-01,694,seasonal,30860.0,28140.0
test,3,3,2024-09-01,2024-12-01,694,seasonal,35782.0,32710.0
test,3,1,2024-09-01,2024-10-01,811,seasonal,28959.0,24332.0
test,3,2,2024-09-01,2024-11-01,811,seasonal,29141.0,25888.0
test,3,3,2024-09-01,2024-12-01,811,seasonal,34089.0,30330.0
test,3,1,2024-09-01,2024-10-01,1053,seasonal,25741.0,21869.0
test,3,2,2024-09-01,2024-11-01,1053,seasonal,25488.0,23626.0
test,3,3,2024-09-01,2024-12-01,1053,seasonal,29338.0,26327.0
test,3,1,2024-09-01,2024-10-01,1110,seasonal,31918.0,26392.0
test,3,2,2024-09-01,2024-11-01,1110,seasonal,31856.0,28107.0
test,3,3,2024-09-01,2024-12-01,1110,seasonal,36427.0,31482.0
test,3,1,2024-09-01,2024-10-01,1112,seasonal,27851.0,23751.0
test,3,2,2024-09-01,2024-11-01,1112,seasonal,28146.0,24261.0
test,3,3,2024-09-01,2024-12-01,1112,seasonal,34128.0,29065.0
test,3,1,2024-09-01,2024-10-01,1120,seasonal,22177.0,19767.0
test,3,2,2024-09-01,2024-11-01,1120,seasonal,23343.0,21236.0
test,3,3,2024-09-01,2024-12-01,1120,seasonal,29677.0,26100.0
test,3,1,2024-09-01,2024-10-01,1184,seasonal,34593.0,28674.0
test,3,2,2024-09-01,2024-11-01,1184,seasonal,34925.0,29712.0
test,3,3,2024-09-01,2024-12-01,1184,seasonal,43335.0,36517.0
test,3,1,2024-09-01,2024-10-01,1238,seasonal,34429.0,28999.0
test,3,2,2024-09-01,2024-11-01,1238,seasonal,34687.0,29344.0
test,3,3,2024-09-01,2024-12-01,1238,seasonal,41308.0,34947.0
test,3,1,2024-09-01,2024-10-01,1254,seasonal,28506.0,21483.0
test,3,2,2024-09-01,2024-11-01,1254,seasonal,26984.0,21220.0
test,3,3,2024-09-01,2024-12-01,1254,seasonal,33005.0,26114.0
test,3,1,2024-09-01,2024-10-01,1276,seasonal,20025.0,19303.0
test,3,2,2024-09-01,2024-11-01,1276,seasonal,18688.0,18619.0
test,3,3,2024-09-01,2024-12-01,1276,seasonal,22588.0,21646.0
test,3,1,2024-09-01,2024-10-01,1286,seasonal,21871.0,19920.0
test,3,2,2024-09-01,2024-11-01,1286,seasonal,22115.0,19756.0
test,3,3,2024-09-01,2024-12-01,1286,seasonal,25821.0,22837.0
test,3,1,2024-09-01,2024-10-01,1289,seasonal,20454.0,17260.0
test,3,2,2024-09-01,2024-11-01,1289,seasonal,19936.0,17759.0
test,3,3,2024-09-01,2024-12-01,1289,seasonal,24446.0,21559.0
test,3,1,2024-09-01,2024-10-01,1292,seasonal,21076.0,18509.0
test,3,2,2024-09-01,2024-11-01,1292,seasonal,20235.0,18141.0
test,3,3,2024-09-01,2024-12-01,1292,seasonal,23754.0,21735.0
test,3,1,2024-09-01,2024-10-01,1338,seasonal,22914.0,20029.0
test,3,2,2024-09-01,2024-11-01,1338,seasonal,22683.0,20905.0
test,3,3,2024-09-01,2024-12-01,1338,seasonal,27338.0,24293.0
test,3,1,2024-09-01,2024-10-01,1426,seasonal,25286.0,21585.0
test,3,2,2024-09-01,2024-11-01,1426,seasonal,25946.0,22302.0
test,3,3,2024-09-01,2024-12-01,1426,seasonal,30444.0,26572.0
test,3,1,2024-09-01,2024-10-01,1443,seasonal,47672.0,41459.0
test,3,2,2024-09-01,2024-11-01,1443,seasonal,48360.0,42567.0
test,3,3,2024-09-01,2024-12-01,1443,seasonal,57248.0,49783.0
test,3,1,2024-09-01,2024-10-01,1461,seasonal,47994.0,42259.0
test,3,2,2024-09-01,2024-11-01,1461,seasonal,48527.0,42705.0
test,3,3,2024-09-01,2024-12-01,1461,seasonal,57342.0,50305.0
test,3,1,2024-09-01,2024-10-01,1494,seasonal,29725.0,25768.0
test,3,2,2024-09-01,2024-11-01,1494,seasonal,29450.0,26317.0
test,3,3,2024-09-01,2024-12-01,1494,seasonal,34823.0,30811.0
test,3,1,2024-09-01,2024-10-01,1555,seasonal,28211.0,24013.0
test,3,2,2024-09-01,2024-11-01,1555,seasonal,28609.0,25533.0
test,3,3,2024-09-01,2024-12-01,1555,seasonal,33875.0,27853.0
test,3,1,2024-09-01,2024-10-01,1573,seasonal,24762.0,21039.0
test,3,2,2024-09-01,2024-11-01,1573,seasonal,24828.0,20148.0
test,3,3,2024-09-01,2024-12-01,1573,seasonal,30528.0,26672.0
test,3,1,2024-09-01,2024-10-01,1577,seasonal,31761.0,27150.0
test,3,2,2024-09-01,2024-11-01,1577,seasonal,32759.0,28355.0
test,3,3,2024-09-01,2024-12-01,1577,seasonal,38335.0,32667.0
test,3,1,2024-09-01,2024-10-01,1746,seasonal,18862.0,16721.0
test,3,2,2024-09-01,2024-11-01,1746,seasonal,18732.0,18176.0
test,3,3,2024-09-01,2024-12-01,1746,seasonal,22026.0,21524.0
test,3,1,2024-09-01,2024-10-01,1763,seasonal,17098.0,14782.0
test,3,2,2024-09-01,2024-11-01,1763,seasonal,18179.0,15221.0
test,3,3,2024-09-01,2024-12-01,1763,seasonal,21201.0,19172.0
test,3,1,2024-09-01,2024-10-01,1770,seasonal,27539.0,23229.0
test,3,2,2024-09-01,2024-11-01,1770,seasonal,26068.0,23047.0
test,3,3,2024-09-01,2024-12-01,1770,seasonal,30467.0,26537.0
test,3,1,2024-09-01,2024-10-01,1909,seasonal,21752.0,19009.0
test,3,2,2024-09-01,2024-11-01,1909,seasonal,22405.0,20071.0
test,3,3,2024-09-01,2024-12-01,1909,seasonal,26630.0,23291.0
test,3,1,2024-09-01,2024-10-01,1923,seasonal,20559.0,15779.0
test,3,2,2024-09-01,2024-11-01,1923,seasonal,20959.0,16928.0
test,3,3,2024-09-01,2024-12-01,1923,seasonal,24147.0,21953.0
test,3,1,2024-09-01,2024-10-01,1930,seasonal,24337.0,19696.0
test,3,2,2024-09-01,2024-11-01,1930,seasonal,24248.0,20368.0
test,3,3,2024-09-01,2024-12-01,1930,seasonal,28331.0,24880.0
test,3,1,2024-09-01,2024-10-01,1956,seasonal,31586.0,31059.0
test,3,2,2024-09-01,2024-11-01,1956,seasonal,31964.0,31289.0
test,3,3,2024-09-01,2024-12-01,1956,seasonal,38444.0,36980.0
test,3,1,2024-09-01,2024-10-01,1970,seasonal,58772.0,45381.0
test,3,2,2024-09-01,2024-11-01,1970,seasonal,54514.0,48914.0
test,3,3,2024-09-01,2024-12-01,1970,seasonal,61261.0,52519.0
test,3,1,2024-09-01,2024-10-01,2006,seasonal,35021.0,31020.0
test,3,2,2024-09-01,2024-11-01,2006,seasonal,36137.0,31919.0
test,3,3,2024-09-01,2024-12-01,2006,seasonal,41414.0,36493.0
test,3,1,2024-09-01,2024-10-01,2061,seasonal,22276.0,18880.0
test,3,2,2024-09-01,2024-11-01,2061,seasonal,23003.0,20178.0
test,3,3,2024-09-01,2024-12-01,2061,seasonal,27401.0,24199.0
test,3,1,2024-09-01,2024-10-01,2062,seasonal,28636.0,24353.0
test,3,2,2024-09-01,2024-11-01,2062,seasonal,28149.0,24779.0
test,3,3,2024-09-01,2024-12-01,2062,seasonal,32496.0,29032.0
test,3,1,2024-09-01,2024-10-01,2066,seasonal,26811.0,21223.0
test,3,2,2024-09-01,2024-11-01,2066,seasonal,25165.0,22525.0
test,3,3,2024-09-01,2024-12-01,2066,seasonal,31982.0,26354.0
test,3,1,2024-09-01,2024-10-01,2078,seasonal,18073.0,15287.0
test,3,2,2024-09-01,2024-11-01,2078,seasonal,19518.0,15749.0
test,3,3,2024-09-01,2024-12-01,2078,seasonal,20342.0,18309.0
test,3,1,2024-09-01,2024-10-01,2079,seasonal,26439.0,19904.0
test,3,2,2024-09-01,2024-11-01,2079,seasonal,23111.0,20279.0
test,3,3,2024-09-01,2024-12-01,2079,seasonal,25613.0,23461.0
test,3,1,2024-09-01,2024-10-01,2093,seasonal,21742.0,18651.0
test,3,2,2024-09-01,2024-11-01,2093,seasonal,21839.0,19001.0
test,3,3,2024-09-01,2024-12-01,2093,seasonal,25859.0,23558.0
test,3,1,2024-09-01,2024-10-01,2125,seasonal,22571.0,18708.0
test,3,2,2024-09-01,2024-11-01,2125,seasonal,23957.0,20099.0
test,3,3,2024-09-01,2024-12-01,2125,seasonal,27391.0,23464.0
test,3,1,2024-09-01,2024-10-01,2127,seasonal,24270.0,19485.0
test,3,2,2024-09-01,2024-11-01,2127,seasonal,24629.0,20537.0
test,3,3,2024-09-01,2024-12-01,2127,seasonal,31422.0,26376.0
test,3,1,2024-09-01,2024-10-01,2139,seasonal,24117.0,19395.0
test,3,2,2024-09-01,2024-11-01,2139,seasonal,24305.0,20378.0
test,3,3,2024-09-01,2024-12-01,2139,seasonal,28556.0,25106.0
test,3,1,2024-09-01,2024-10-01,2217,seasonal,45426.0,39783.0
test,3,2,2024-09-01,2024-11-01,2217,seasonal,44997.0,40253.0
test,3,3,2024-09-01,2024-12-01,2217,seasonal,52897.0,45465.0
test,3,1,2024-09-01,2024-10-01,2235,seasonal,35511.0,31015.0
test,3,2,2024-09-01,2024-11-01,2235,seasonal,35222.0,30537.0
test,3,3,2024-09-01,2024-12-01,2235,seasonal,42570.0,36742.0
test,3,1,2024-09-01,2024-10-01,2245,seasonal,45215.0,38615.0
test,3,2,2024-09-01,2024-11-01,2245,seasonal,43221.0,38051.0
test,3,3,2024-09-01,2024-12-01,2245,seasonal,50092.0,44000.0
test,3,1,2024-09-01,2024-10-01,2278,seasonal,27013.0,21947.0
test,3,2,2024-09-01,2024-11-01,2278,seasonal,27542.0,23674.0
test,3,3,2024-09-01,2024-12-01,2278,seasonal,32665.0,27084.0
test,3,1,2024-09-01,2024-10-01,2310,seasonal,26844.0,24080.0
test,3,2,2024-09-01,2024-11-01,2310,seasonal,27662.0,23964.0
test,3,3,2024-09-01,2024-12-01,2310,seasonal,32642.0,27889.0
test,3,1,2024-09-01,2024-10-01,2373,seasonal,54910.0,46342.0
test,3,2,2024-09-01,2024-11-01,2373,seasonal,55619.0,48106.0
test,3,3,2024-09-01,2024-12-01,2373,seasonal,64055.0,54548.0
test,3,1,2024-09-01,2024-10-01,2395,seasonal,40531.0,35132.0
test,3,2,2024-09-01,2024-11-01,2395,seasonal,40208.0,34083.0
test,3,3,2024-09-01,2024-12-01,2395,seasonal,45845.0,39643.0
test,3,1,2024-09-01,2024-10-01,2453,seasonal,45769.0,40125.0
test,3,2,2024-09-01,2024-11-01,2453,seasonal,46785.0,41456.0
test,3,3,2024-09-01,2024-12-01,2453,seasonal,53303.0,46718.0
test,3,1,2024-09-01,2024-10-01,2478,seasonal,48564.0,42823.0
test,3,2,2024-09-01,2024-11-01,2478,seasonal,49192.0,44137.0
test,3,3,2024-09-01,2024-12-01,2478,seasonal,56664.0,50322.0
test,3,1,2024-09-01,2024-10-01,2538,seasonal,56442.0,48539.0
test,3,2,2024-09-01,2024-11-01,2538,seasonal,57137.0,49174.0
test,3,3,2024-09-01,2024-12-01,2538,seasonal,65676.0,56737.0
test,3,1,2024-09-01,2024-10-01,2562,seasonal,53551.0,45419.0
test,3,2,2024-09-01,2024-11-01,2562,seasonal,54147.0,46727.0
test,3,3,2024-09-01,2024-12-01,2562,seasonal,63627.0,53459.0
test,3,1,2024-09-01,2024-10-01,2573,seasonal,58402.0,50762.0
test,3,2,2024-09-01,2024-11-01,2573,seasonal,59183.0,52328.0
test,3,3,2024-09-01,2024-12-01,2573,seasonal,68936.0,59761.0
test,3,1,2024-09-01,2024-10-01,188,seasonal_scaled,22856.0,22566.714558675227
test,3,2,2024-09-01,2024-11-01,188,seasonal_scaled,20266.0,23855.81694177592
test,3,3,2024-09-01,2024-12-01,188,seasonal_scaled,23808.0,30815.980096597843
test,3,1,2024-09-01,2024-10-01,235,seasonal_scaled,24065.0,23340.544848610105
test,3,2,2024-09-01,2024-11-01,235,seasonal_scaled,23560.0,22983.5237676966
test,3,3,2024-09-01,2024-12-01,235,seasonal_scaled,27422.0,26679.74201715408
test,3,1,2024-09-01,2024-10-01,269,seasonal_scaled,31460.0,30423.717349857005
test,3,2,2024-09-01,2024-11-01,269,seasonal_scaled,32221.0,31741.929218303143
test,3,3,2024-09-01,2024-12-01,269,seasonal_scaled,37090.0,36425.76334604385
test,3,1,2024-09-01,2024-10-01,305,seasonal_scaled,20684.0,20702.18235087308
test,3,2,2024-09-01,2024-11-01,305,seasonal_scaled,20928.0,22083.166881518813
test,3,3,2024-09-01,2024-12-01,305,seasonal_scaled,24746.0,25524.758818703856
test,3,1,2024-09-01,2024-10-01,312,seasonal_scaled,46153.0,45061.76328389583
test,3,2,2024-09-01,2024-11-01,312,seasonal_scaled,45441.0,45678.82144108373
test,3,3,2024-09-01,2024-12-01,312,seasonal_scaled,55604.0,56234.88134999416
test,3,1,2024-09-01,2024-10-01,322,seasonal_scaled,41303.0,43174.5960770142
test,3,2,2024-09-01,2024-11-01,322,seasonal_scaled,36654.0,41017.72065289406
test,3,1,2024-09-01,2024-10-01,324,seasonal_scaled,32506.0,34919.266167824695
test,3,2,2024-09-01,2024-11-01,324,seasonal_scaled,30410.0,31689.25440940673
test,3,3,2024-09-01,2024-12-01,324,seasonal_scaled,42232.0,44447.568145376805
test,3,1,2024-09-01,2024-10-01,397,seasonal_scaled,27743.0,28269.02584594457
test,3,2,2024-09-01,2024-11-01,397,seasonal_scaled,27685.0,28477.75837442612
test,3,3,2024-09-01,2024-12-01,397,seasonal_scaled,31952.0,32874.18725556878
test,3,1,2024-09-01,2024-10-01,486,seasonal_scaled,21030.0,19727.32099514564
test,3,2,2024-09-01,2024-11-01,486,seasonal_scaled,20679.0,19989.001820388352
test,3,3,2024-09-01,2024-12-01,486,seasonal_scaled,24695.0,23421.57160194175
test,3,1,2024-09-01,2024-10-01,506,seasonal_scaled,34296.0,33598.58242739185
test,3,2,2024-09-01,2024-11-01,506,seasonal_scaled,34082.0,33920.54994102082
test,3,3,2024-09-01,2024-12-01,506,seasonal_scaled,38925.0,38352.85873688909
test,3,1,2024-09-01,2024-10-01,541,seasonal_scaled,21066.0,21096.40083891759
test,3,2,2024-09-01,2024-11-01,541,seasonal_scaled,21921.0,22140.99570310501
test,3,3,2024-09-01,2024-12-01,541,seasonal_scaled,25584.0,26655.179293058467
test,3,1,2024-09-01,2024-10-01,571,seasonal_scaled,22583.0,22069.9282667088
test,3,2,2024-09-01,2024-11-01,571,seasonal_scaled,22311.0,22867.732501185023
test,3,3,2024-09-01,2024-12-01,571,seasonal_scaled,27391.0,27398.48664875968
test,3,1,2024-09-01,2024-10-01,581,seasonal_scaled,35463.0,33453.7038821372
test,3,2,2024-09-01,2024-11-01,581,seasonal_scaled,34061.0,34379.1048083797
test,3,3,2024-09-01,2024-12-01,581,seasonal_scaled,42782.0,42598.36850775495
test,3,1,2024-09-01,2024-10-01,694,seasonal_scaled,29686.0,30162.092640571387
test,3,2,2024-09-01,2024-11-01,694,seasonal_scaled,30860.0,30625.72298858624
test,3,3,2024-09-01,2024-12-01,694,seasonal_scaled,35782.0,35599.41005531825
test,3,1,2024-09-01,2024-10-01,811,seasonal_scaled,28959.0,28754.663659430506
test,3,2,2024-09-01,2024-11-01,811,seasonal_scaled,29141.0,30593.4872930847
test,3,3,2024-09-01,2024-12-01,811,seasonal_scaled,34089.0,35842.87969712836
test,3,1,2024-09-01,2024-10-01,1053,seasonal_scaled,25741.0,24040.83694233107
test,3,2,2024-09-01,2024-11-01,1053,seasonal_scaled,25488.0,25972.326745599425
test,3,3,2024-09-01,2024-12-01,1053,seasonal_scaled,29338.0,28941.56633502904
test,3,1,2024-09-01,2024-10-01,1110,seasonal_scaled,31918.0,30983.478267281105
test,3,2,2024-09-01,2024-11-01,1110,seasonal_scaled,31856.0,32996.840847926265
test,3,3,2024-09-01,2024-12-01,1110,seasonal_scaled,36427.0,36958.99752995392
test,3,1,2024-09-01,2024-10-01,1112,seasonal_scaled,27851.0,27876.50101832994
test,3,2,2024-09-01,2024-11-01,1112,seasonal_scaled,28146.0,28475.086994471923
test,3,3,2024-09-01,2024-12-01,1112,seasonal_scaled,34128.0,34113.53215013093
test,3,1,2024-09-01,2024-10-01,1120,seasonal_scaled,22177.0,22654.76377118644
test,3,2,2024-09-01,2024-11-01,1120,seasonal_scaled,23343.0,24338.370184899846
test,3,3,2024-09-01,2024-12-01,1120,seasonal_scaled,29677.0,29912.95261941449
test,3,1,2024-09-01,2024-10-01,1184,seasonal_scaled,34593.0,32951.771598211264
test,3,2,2024-09-01,2024-11-01,1184,seasonal_scaled,34925.0,34144.62710909023
test,3,3,2024-09-01,2024-12-01,1184,seasonal_scaled,43335.0,41964.84074255008
test,3,1,2024-09-01,2024-10-01,1238,seasonal_scaled,34429.0,34851.56662253454
test,3,2,2024-09-01,2024-11-01,1238,seasonal_scaled,34687.0,35266.194385035815
test,3,3,2024-09-01,2024-12-01,1238,seasonal_scaled,41308.0,41999.98961197678
test,3,1,2024-09-01,2024-10-01,1254,seasonal_scaled,28506.0,25828.318854171102
test,3,2,2024-09-01,2024-11-01,1254,seasonal_scaled,26984.0,25512.12242636089
test,3,3,2024-09-01,2024-12-01,1254,seasonal_scaled,33005.0,31396.020972760987
test,3,1,2024-09-01,2024-10-01,1276,seasonal_scaled,20025.0,21334.894736842107
test,3,2,2024-09-01,2024-11-01,1276,seasonal_scaled,18688.0,20578.894736842107
test,3,3,2024-09-01,2024-12-01,1276,seasonal_scaled,22588.0,23924.52631578948
test,3,1,2024-09-01,2024-10-01,1286,seasonal_scaled,21871.0,23018.45104724793
test,3,2,2024-09-01,2024-11-01,1286,seasonal_scaled,22115.0,22828.941711316773
test,3,3,2024-09-01,2024-12-01,1286,seasonal_scaled,25821.0,26389.1750284137
test,3,1,2024-09-01,2024-10-01,1289,seasonal_scaled,20454.0,19088.854197005883
test,3,2,2024-09-01,2024-11-01,1289,seasonal_scaled,19936.0,19640.727791693364
test,3,3,2024-09-01,2024-12-01,1289,seasonal_scaled,24446.0,23843.37240053591
test,3,1,2024-09-01,2024-10-01,1292,seasonal_scaled,21076.0,20257.94124834538
test,3,2,2024-09-01,2024-11-01,1292,seasonal_scaled,20235.0,19855.16841462173
test,3,3,2024-09-01,2024-12-01,1292,seasonal_scaled,23754.0,23788.77049180328
test,3,1,2024-09-01,2024-10-01,1338,seasonal_scaled,22914.0,22003.397112288352
test,3,2,2024-09-01,2024-11-01,1338,seasonal_scaled,22683.0,22965.750493403964
test,3,3,2024-09-01,2024-12-01,1338,seasonal_scaled,27338.0,26687.729095252933
test,3,1,2024-09-01,2024-10-01,1426,seasonal_scaled,25286.0,24911.92584115358
test,3,2,2024-09-01,2024-11-01,1426,seasonal_scaled,25946.0,25739.438040741585
test,3,3,2024-09-01,2024-12-01,1426,seasonal_scaled,30444.0,30667.57903410391
test,3,1,2024-09-01,2024-10-01,1443,seasonal_scaled,47672.0,48047.93910310649
test,3,2,2024-09-01,2024-11-01,1443,seasonal_scaled,48360.0,49332.02980780853
test,3,3,2024-09-01,2024-12-01,1443,seasonal_scaled,57248.0,57694.8443611749
test,3,1,2024-09-01,2024-10-01,1461,seasonal_scaled,47994.0,48927.63043636984
test,3,2,2024-09-01,2024-11-01,1461,seasonal_scaled,48527.0,49444.01092749884
test,3,3,2024-09-01,2024-12-01,1461,seasonal_scaled,57342.0,58243.3197449439
test,3,1,2024-09-01,2024-10-01,1494,seasonal_scaled,29725.0,29532.47080796384
test,3,2,2024-09-01,2024-11-01,1494,seasonal_scaled,29450.0,30161.67472264764
test,3,3,2024-09-01,2024-12-01,1494,seasonal_scaled,34823.0,35312.20731388443
test,3,1,2024-09-01,2024-10-01,1555,seasonal_scaled,28211.0,27889.36382996848
test,3,2,2024-09-01,2024-11-01,1555,seasonal_scaled,28609.0,29654.733963710707
test,3,3,2024-09-01,2024-12-01,1555,seasonal_scaled,33875.0,32349.24627310674
test,3,1,2024-09-01,2024-10-01,1573,seasonal_scaled,24762.0,24802.75059164453
test,3,2,2024-09-01,2024-11-01,1573,seasonal_scaled,24828.0,23752.35604926346
test,3,3,2024-09-01,2024-12-01,1573,seasonal_scaled,30528.0,31443.46042018836
test,3,1,2024-09-01,2024-10-01,1577,seasonal_scaled,31761.0,31113.624575721748
test,3,2,2024-09-01,2024-11-01,1577,seasonal_scaled,32759.0,32494.542351550284
test,3,3,2024-09-01,2024-12-01,1577,seasonal_scaled,38335.0,37436.050608291065
test,3,1,2024-09-01,2024-10-01,1746,seasonal_scaled,18862.0,17875.81348745353
test,3,2,2024-09-01,2024-11-01,1746,seasonal_scaled,18732.0,19431.30111524164
test,3,3,2024-09-01,2024-12-01,1746,seasonal_scaled,22026.0,23010.52625464684
test,3,1,2024-09-01,2024-10-01,1763,seasonal_scaled,17098.0,16298.47825548259
test,3,2,2024-09-01,2024-11-01,1763,seasonal_scaled,18179.0,16782.515053896666
test,3,3,2024-09-01,2024-12-01,1763,seasonal_scaled,21201.0,21138.84623962334
test,3,1,2024-09-01,2024-10-01,1770,seasonal_scaled,27539.0,26272.806974010706
test,3,2,2024-09-01,2024-11-01,1770,seasonal_scaled,26068.0,26066.958643507027
test,3,3,2024-09-01,2024-12-01,1770,seasonal_scaled,30467.0,30014.27003613251
test,3,1,2024-09-01,2024-10-01,1909,seasonal_scaled,21752.0,22018.19858657244
test,3,2,2024-09-01,2024-11-01,1909,seasonal_scaled,22405.0,23248.317314487635
test,3,3,2024-09-01,2024-12-01,1909,seasonal_scaled,26630.0,26978.055830388694
test,3,1,2024-09-01,2024-10-01,1923,seasonal_scaled,20559.0,17470.789363270396
test,3,2,2024-09-01,2024-11-01,1923,seasonal_scaled,20959.0,18742.982593411576
test,3,3,2024-09-01,2024-12-01,1923,seasonal_scaled,24147.0,24306.75194194024
test,3,1,2024-09-01,2024-10-01,1930,seasonal_scaled,24337.0,23025.458535390644
test,3,2,2024-09-01,2024-11-01,1930,seasonal_scaled,24248.0,23811.05500857213
test,3,3,2024-09-01,2024-12-01,1930,seasonal_scaled,28331.0,29085.77418564781
test,3,1,2024-09-01,2024-10-01,1956,seasonal_scaled,31586.0,28841.376184834124
test,3,2,2024-09-01,2024-11-01,1956,seasonal_scaled,31964.0,29054.954101782896
test,3,3,2024-09-01,2024-12-01,1956,seasonal_scaled,38444.0,34339.61464680659
test,3,1,2024-09-01,2024-10-01,1970,seasonal_scaled,58772.0,50534.68067269847
test,3,2,2024-09-01,2024-11-01,1970,seasonal_scaled,54514.0,54468.90483736305
test,3,3,2024-09-01,2024-12-01,1970,seasonal_scaled,61261.0,58483.305662049104
test,3,1,2024-09-01,2024-10-01,2006,seasonal_scaled,35021.0,37024.32870446005
test,3,2,2024-09-01,2024-11-01,2006,seasonal_scaled,36137.0,38097.34197026629
test,3,3,2024-09-01,2024-12-01,2006,seasonal_scaled,41414.0,43556.6997876164
test,3,1,2024-09-01,2024-10-01,2061,seasonal_scaled,22276.0,20431.33185456649
test,3,2,2024-09-01,2024-11-01,2061,seasonal_scaled,23003.0,21835.985919567946
test,3,3,2024-09-01,2024-12-01,2061,seasonal_scaled,27401.0,26187.383450670262
test,3,1,2024-09-01,2024-10-01,2062,seasonal_scaled,28636.0,28484.600288773912
test,3,2,2024-09-01,2024-11-01,2062,seasonal_scaled,28149.0,28982.87318012273
test,3,3,2024-09-01,2024-12-01,2062,seasonal_scaled,32496.0,33957.41451088918
test,3,1,2024-09-01,2024-10-01,2066,seasonal_scaled,26811.0,25032.66623842644
test,3,2,2024-09-01,2024-11-01,2066,seasonal_scaled,25165.0,26568.383688477385
test,3,3,2024-09-01,2024-12-01,2066,seasonal_scaled,31982.0,31084.714038896025
test,3,1,2024-09-01,2024-10-01,2078,seasonal_scaled,18073.0,18936.88460802449
test,3,2,2024-09-01,2024-11-01,2078,seasonal_scaled,19518.0,19509.19053390317
test,3,3,2024-09-01,2024-12-01,2078,seasonal_scaled,20342.0,22680.409517127
test,3,1,2024-09-01,2024-10-01,2079,seasonal_scaled,26439.0,23170.357302052784
test,3,2,2024-09-01,2024-11-01,2079,seasonal_scaled,23111.0,23606.8968914956
test,3,3,2024-09-01,2024-12-01,2079,seasonal_scaled,25613.0,27311.08082111437
test,3,1,2024-09-01,2024-10-01,2093,seasonal_scaled,21742.0,21197.46750801486
test,3,2,2024-09-01,2024-11-01,2093,seasonal_scaled,21839.0,21595.25388020966
test,3,3,2024-09-01,2024-12-01,2093,seasonal_scaled,25859.0,26774.432446185947
test,3,1,2024-09-01,2024-10-01,2125,seasonal_scaled,22571.0,23201.68565837294
test,3,2,2024-09-01,2024-11-01,2125,seasonal_scaled,23957.0,24926.805647190384
test,3,3,2024-09-01,2024-12-01,2125,seasonal_scaled,27391.0,29100.08297455969
test,3,1,2024-09-01,2024-10-01,2127,seasonal_scaled,24270.0,24415.518743834265
test,3,2,2024-09-01,2024-11-01,2127,seasonal_scaled,24629.0,25733.718678066427
test,3,3,2024-09-01,2024-12-01,2127,seasonal_scaled,31422.0,33050.22952975995
test,3,1,2024-09-01,2024-10-01,2139,seasonal_scaled,24117.0,22625.0439262988
test,3,2,2024-09-01,2024-11-01,2139,seasonal_scaled,24305.0,23771.7527780416
test,3,3,2024-09-01,2024-12-01,2139,seasonal_scaled,28556.0,29287.15405071707
test,3,1,2024-09-01,2024-10-01,2217,seasonal_scaled,45426.0,45601.41038798208
test,3,2,2024-09-01,2024-11-01,2217,seasonal_scaled,44997.0,46140.14962037661
test,3,3,2024-09-01,2024-12-01,2217,seasonal_scaled,52897.0,52114.42383152616
test,3,1,2024-09-01,2024-10-01,2235,seasonal_scaled,35511.0,34792.94968440575
test,3,2,2024-09-01,2024-11-01,2235,seasonal_scaled,35222.0,34256.724311226775
test,3,3,2024-09-01,2024-12-01,2235,seasonal_scaled,42570.0,41217.55786891621
test,3,1,2024-09-01,2024-10-01,2245,seasonal_scaled,45215.0,44564.51506229264
test,3,2,2024-09-01,2024-11-01,2245,seasonal_scaled,43221.0,43913.61809232933
test,3,3,2024-09-01,2024-12-01,2245,seasonal_scaled,50092.0,50779.19623827207
test,3,1,2024-09-01,2024-10-01,2278,seasonal_scaled,27013.0,26136.279044218623
test,3,2,2024-09-01,2024-11-01,2278,seasonal_scaled,27542.0,28192.93161219445
test,3,3,2024-09-01,2024-12-01,2278,seasonal_scaled,32665.0,32253.83795660533
test,3,1,2024-09-01,2024-10-01,2310,seasonal_scaled,26844.0,28109.811134833308
test,3,2,2024-09-01,2024-11-01,2310,seasonal_scaled,27662.0,27974.39842338644
test,3,3,2024-09-01,2024-12-01,2310,seasonal_scaled,32642.0,32556.250944325835
test,3,1,2024-09-01,2024-10-01,2373,seasonal_scaled,54910.0,55016.1250297948
test,3,2,2024-09-01,2024-11-01,2373,seasonal_scaled,55619.0,57110.30405859282
test,3,3,2024-09-01,2024-12-01,2373,seasonal_scaled,64055.0,64758.09391319422
test,3,1,2024-09-01,2024-10-01,2395,seasonal_scaled,40531.0,39906.23046629758
test,3,2,2024-09-01,2024-11-01,2395,seasonal_scaled,40208.0,38714.67758689573
test,3,3,2024-09-01,2024-12-01,2395,seasonal_scaled,45845.0,45030.24861594658
test,3,1,2024-09-01,2024-10-01,2453,seasonal_scaled,45769.0,45780.44888162598
test,3,2,2024-09-01,2024-11-01,2453,seasonal_scaled,46785.0,47299.04769686447
test,3,3,2024-09-01,2024-12-01,2453,seasonal_scaled,53303.0,53302.70432029415
test,3,1,2024-09-01,2024-10-01,2478,seasonal_scaled,48564.0,48380.06020412962
test,3,2,2024-09-01,2024-11-01,2478,seasonal_scaled,49192.0,49864.57551385165
test,3,3,2024-09-01,2024-12-01,2478,seasonal_scaled,56664.0,56852.19133624947
test,3,1,2024-09-01,2024-10-01,2538,seasonal_scaled,56442.0,56486.36601618277
test,3,2,2024-09-01,2024-11-01,2538,seasonal_scaled,57137.0,57225.335554497855
test,3,3,2024-09-01,2024-12-01,2538,seasonal_scaled,65676.0,66026.63731556402
test,3,1,2024-09-01,2024-10-01,2562,seasonal_scaled,53551.0,54644.334901943126
test,3,2,2024-09-01,2024-11-01,2562,seasonal_scaled,54147.0,56218.01089771013
test,3,3,2024-09-01,2024-12-01,2562,seasonal_scaled,63627.0,64317.38918785041
test,3,1,2024-09-01,2024-10-01,2573,seasonal_scaled,58402.0,59324.41215376598
test,3,2,2024-09-01,2024-11-01,2573,seasonal_scaled,59183.0,61154.56126989217
test,3,3,2024-09-01,2024-12-01,2573,seasonal_scaled,68936.0,69841.34184471078
test,3,1,2024-09-01,2024-10-01,188,ridge,22856.0,21318.638196468062
test,3,2,2024-09-01,2024-11-01,188,ridge,20266.0,21779.09465866252
test,3,3,2024-09-01,2024-12-01,188,ridge,23808.0,25249.94126318092
test,3,1,2024-09-01,2024-10-01,235,ridge,24065.0,22787.77179960197
test,3,2,2024-09-01,2024-11-01,235,ridge,23560.0,22463.28317728321
test,3,3,2024-09-01,2024-12-01,235,ridge,27422.0,24524.26126144532
test,3,1,2024-09-01,2024-10-01,269,ridge,31460.0,28336.1664740001
test,3,2,2024-09-01,2024-11-01,269,ridge,32221.0,28788.46969962757
test,3,3,2024-09-01,2024-12-01,269,ridge,37090.0,31388.58758031817
test,3,1,2024-09-01,2024-10-01,305,ridge,20684.0,19548.03971651862
test,3,2,2024-09-01,2024-11-01,305,ridge,20928.0,20117.462921964725
test,3,3,2024-09-01,2024-12-01,305,ridge,24746.0,22054.75642797552
test,3,1,2024-09-01,2024-10-01,312,ridge,46153.0,44580.90040297992
test,3,2,2024-09-01,2024-11-01,312,ridge,45441.0,44592.28015096024
test,3,3,2024-09-01,2024-12-01,312,ridge,55604.0,50214.91503067456
test,3,1,2024-09-01,2024-10-01,322,ridge,41303.0,48342.745655556944
test,3,2,2024-09-01,2024-11-01,322,ridge,36654.0,46970.41647699638
test,3,1,2024-09-01,2024-10-01,324,ridge,32506.0,34106.4481949158
test,3,2,2024-09-01,2024-11-01,324,ridge,30410.0,32289.35196610835
test,3,3,2024-09-01,2024-12-01,324,ridge,42232.0,38957.05973618551
test,3,1,2024-09-01,2024-10-01,397,ridge,27743.0,25676.590167593346
test,3,2,2024-09-01,2024-11-01,397,ridge,27685.0,25606.164319744683
test,3,3,2024-09-01,2024-12-01,397,ridge,31952.0,28016.557487390884
test,3,1,2024-09-01,2024-10-01,486,ridge,21030.0,18741.306823668
test,3,2,2024-09-01,2024-11-01,486,ridge,20679.0,18744.76281646997
test,3,3,2024-09-01,2024-12-01,486,ridge,24695.0,20689.82371954576
test,3,1,2024-09-01,2024-10-01,506,ridge,34296.0,32262.676500934765
test,3,2,2024-09-01,2024-11-01,506,ridge,34082.0,32219.34783877814
test,3,3,2024-09-01,2024-12-01,506,ridge,38925.0,34863.96711787049
test,3,1,2024-09-01,2024-10-01,541,ridge,21066.0,20321.47234970145
test,3,2,2024-09-01,2024-11-01,541,ridge,21921.0,20712.546763310937
test,3,3,2024-09-01,2024-12-01,541,ridge,25584.0,23157.10022806711
test,3,1,2024-09-01,2024-10-01,571,ridge,22583.0,21211.68937526234
test,3,2,2024-09-01,2024-11-01,571,ridge,22311.0,21475.213529146808
test,3,3,2024-09-01,2024-12-01,571,ridge,27391.0,23995.840454060315
test,3,1,2024-09-01,2024-10-01,581,ridge,35463.0,33032.33808375171
test,3,2,2024-09-01,2024-11-01,581,ridge,34061.0,33281.09026389487
test,3,3,2024-09-01,2024-12-01,581,ridge,42782.0,37743.13884333794
test,3,1,2024-09-01,2024-10-01,694,ridge,29686.0,28846.97600600327
test,3,2,2024-09-01,2024-11-01,694,ridge,30860.0,28917.151377463
test,3,3,2024-09-01,2024-12-01,694,ridge,35782.0,31831.968358463087
test,3,1,2024-09-01,2024-10-01,811,ridge,28959.0,26581.166731729856
test,3,2,2024-09-01,2024-11-01,811,ridge,29141.0,27299.638227226365
test,3,3,2024-09-01,2024-12-01,811,ridge,34089.0,30147.409069067224
test,3,1,2024-09-01,2024-10-01,1053,ridge,25741.0,22922.263579491784
test,3,2,2024-09-01,2024-11-01,1053,ridge,25488.0,23784.89618839996
test,3,3,2024-09-01,2024-12-01,1053,ridge,29338.0,25583.151382776326
test,3,1,2024-09-01,2024-10-01,1110,ridge,31918.0,29281.22793183525
test,3,2,2024-09-01,2024-11-01,1110,ridge,31856.0,30073.448949932543
test,3,3,2024-09-01,2024-12-01,1110,ridge,36427.0,32333.20879843199
test,3,1,2024-09-01,2024-10-01,1112,ridge,27851.0,25969.22113430632
test,3,2,2024-09-01,2024-11-01,1112,ridge,28146.0,26087.38579264877
test,3,3,2024-09-01,2024-12-01,1112,ridge,34128.0,29138.19253138858
test,3,1,2024-09-01,2024-10-01,1120,ridge,22177.0,21781.39682342775
test,3,2,2024-09-01,2024-11-01,1120,ridge,23343.0,22485.48968628473
test,3,3,2024-09-01,2024-12-01,1120,ridge,29677.0,25520.895166706472
test,3,1,2024-09-01,2024-10-01,1184,ridge,34593.0,30296.470192770044
test,3,2,2024-09-01,2024-11-01,1184,ridge,34925.0,30695.948124467443
test,3,3,2024-09-01,2024-12-01,1184,ridge,43335.0,34939.57140902599
test,3,1,2024-09-01,2024-10-01,1238,ridge,34429.0,32261.77569978497
test,3,2,2024-09-01,2024-11-01,1238,ridge,34687.0,32244.48890094924
test,3,3,2024-09-01,2024-12-01,1238,ridge,41308.0,35819.60610424088
test,3,1,2024-09-01,2024-10-01,1254,ridge,28506.0,25003.610839944315
test,3,2,2024-09-01,2024-11-01,1254,ridge,26984.0,24680.340423087044
test,3,3,2024-09-01,2024-12-01,1254,ridge,33005.0,27775.220650860905
test,3,1,2024-09-01,2024-10-01,1276,ridge,20025.0,19267.62654500365
test,3,2,2024-09-01,2024-11-01,1276,ridge,18688.0,18745.214449208783
test,3,3,2024-09-01,2024-12-01,1276,ridge,22588.0,20692.817291130214
test,3,1,2024-09-01,2024-10-01,1286,ridge,21871.0,20958.718405239026
test,3,2,2024-09-01,2024-11-01,1286,ridge,22115.0,20724.297887543536
test,3,3,2024-09-01,2024-12-01,1286,ridge,25821.0,22722.435232153624
test,3,1,2024-09-01,2024-10-01,1289,ridge,20454.0,19061.522368207057
test,3,2,2024-09-01,2024-11-01,1289,ridge,19936.0,19225.53070938193
test,3,3,2024-09-01,2024-12-01,1289,ridge,24446.0,21614.764630763144
test,3,1,2024-09-01,2024-10-01,1292,ridge,21076.0,19830.658444451405
test,3,2,2024-09-01,2024-11-01,1292,ridge,20235.0,19489.24667815466
test,3,3,2024-09-01,2024-12-01,1292,ridge,23754.0,21766.73909180329
test,3,1,2024-09-01,2024-10-01,1338,ridge,22914.0,21192.300538822903
test,3,2,2024-09-01,2024-11-01,1338,ridge,22683.0,21559.896447265324
test,3,3,2024-09-01,2024-12-01,1338,ridge,27338.0,23733.32336938971
test,3,1,2024-09-01,2024-10-01,1426,ridge,25286.0,23423.933411221187
test,3,2,2024-09-01,2024-11-01,1426,ridge,25946.0,23680.172550113773
test,3,3,2024-09-01,2024-12-01,1426,ridge,30444.0,26393.58159748396
test,3,1,2024-09-01,2024-10-01,1443,ridge,47672.0,44623.99943522029
test,3,2,2024-09-01,2024-11-01,1443,ridge,48360.0,44968.83858263113
test,3,3,2024-09-01,2024-12-01,1443,ridge,57248.0,49598.57984658635
test,3,1,2024-09-01,2024-10-01,1461,ridge,47994.0,45313.16238758695
test,3,2,2024-09-01,2024-11-01,1461,ridge,48527.0,45270.49424187248
test,3,3,2024-09-01,2024-12-01,1461,ridge,57342.0,50130.061754548
test,3,1,2024-09-01,2024-10-01,1494,ridge,29725.0,28312.89991286268
test,3,2,2024-09-01,2024-11-01,1494,ridge,29450.0,28447.82073069793
test,3,3,2024-09-01,2024-12-01,1494,ridge,34823.0,31328.59535391473
test,3,1,2024-09-01,2024-10-01,1555,ridge,28211.0,25840.0428783126
test,3,2,2024-09-01,2024-11-01,1555,ridge,28609.0,26539.80752318833
test,3,3,2024-09-01,2024-12-01,1555,ridge,33875.0,28158.62500701938
test,3,1,2024-09-01,2024-10-01,1573,ridge,24762.0,23724.04870501603
test,3,2,2024-09-01,2024-11-01,1573,ridge,24828.0,23049.6982183918
test,3,3,2024-09-01,2024-12-01,1573,ridge,30528.0,27067.84458730604
test,3,1,2024-09-01,2024-10-01,1577,ridge,31761.0,29406.02869545531
test,3,2,2024-09-01,2024-11-01,1577,ridge,32759.0,29905.448201423813
test,3,3,2024-09-01,2024-12-01,1577,ridge,38335.0,32703.644816702712
test,3,1,2024-09-01,2024-10-01,1746,ridge,18862.0,17609.75703034366
test,3,2,2024-09-01,2024-11-01,1746,ridge,18732.0,18338.790733133024
test,3,3,2024-09-01,2024-12-01,1746,ridge,22026.0,20446.874695369363
test,3,1,2024-09-01,2024-10-01,1763,ridge,17098.0,16204.707773616872
test,3,2,2024-09-01,2024-11-01,1763,ridge,18179.0,16341.832200526018
test,3,3,2024-09-01,2024-12-01,1763,ridge,21201.0,18806.126427388663
test,3,1,2024-09-01,2024-10-01,1770,ridge,27539.0,25296.019719160795
test,3,2,2024-09-01,2024-11-01,1770,ridge,26068.0,25020.909675030623
test,3,3,2024-09-01,2024-12-01,1770,ridge,30467.0,27302.676130330863
test,3,1,2024-09-01,2024-10-01,1909,ridge,21752.0,20556.61776486054
test,3,2,2024-09-01,2024-11-01,1909,ridge,22405.0,21027.671198431195
test,3,3,2024-09-01,2024-12-01,1909,ridge,26630.0,23110.282325292625
test,3,1,2024-09-01,2024-10-01,1923,ridge,20559.0,17108.458346814674
test,3,2,2024-09-01,2024-11-01,1923,ridge,20959.0,17651.380823418243
test,3,3,2024-09-01,2024-12-01,1923,ridge,24147.0,20742.762651836125
test,3,1,2024-09-01,2024-10-01,1930,ridge,24337.0,21798.48207190652
test,3,2,2024-09-01,2024-11-01,1930,ridge,24248.0,22041.85334822928
test,3,3,2024-09-01,2024-12-01,1930,ridge,28331.0,24874.51323917661
test,3,1,2024-09-01,2024-10-01,1956,ridge,31586.0,31197.39436247736
test,3,2,2024-09-01,2024-11-01,1956,ridge,31964.0,31133.21226916953
test,3,3,2024-09-01,2024-12-01,1956,ridge,38444.0,34728.6086109565
test,3,1,2024-09-01,2024-10-01,1970,ridge,58772.0,55907.92326764854
test,3,2,2024-09-01,2024-11-01,1970,ridge,54514.0,57573.79015541354
test,3,3,2024-09-01,2024-12-01,1970,ridge,61261.0,60242.41961992892
test,3,1,2024-09-01,2024-10-01,2006,ridge,35021.0,33515.81363455224
test,3,2,2024-09-01,2024-11-01,2006,ridge,36137.0,33812.80450412428
test,3,3,2024-09-01,2024-12-01,2006,ridge,41414.0,36802.50609983863
test,3,1,2024-09-01,2024-10-01,2061,ridge,22276.0,20587.8623511392
test,3,2,2024-09-01,2024-11-01,2061,ridge,23003.0,21194.98967410745
test,3,3,2024-09-01,2024-12-01,2061,ridge,27401.0,23740.64512178285
test,3,1,2024-09-01,2024-10-01,2062,ridge,28636.0,26617.80894023815
test,3,2,2024-09-01,2024-11-01,2062,ridge,28149.0,26685.851402424138
test,3,3,2024-09-01,2024-12-01,2062,ridge,32496.0,29420.902510979788
test,3,1,2024-09-01,2024-10-01,2066,ridge,26811.0,23790.67862490296
test,3,2,2024-09-01,2024-11-01,2066,ridge,25165.0,24381.332392532702
test,3,3,2024-09-01,2024-12-01,2066,ridge,31982.0,26845.470503698347
test,3,1,2024-09-01,2024-10-01,2078,ridge,18073.0,17297.075926088062
test,3,2,2024-09-01,2024-11-01,2078,ridge,19518.0,17454.21778759433
test,3,3,2024-09-01,2024-12-01,2078,ridge,20342.0,19104.524962727704
test,3,1,2024-09-01,2024-10-01,2079,ridge,26439.0,20953.68973928416
test,3,2,2024-09-01,2024-11-01,2079,ridge,23111.0,21040.43465771637
test,3,3,2024-09-01,2024-12-01,2079,ridge,25613.0,23081.527879293302
test,3,1,2024-09-01,2024-10-01,2093,ridge,21742.0,20144.758047877305
test,3,2,2024-09-01,2024-11-01,2093,ridge,21839.0,20216.14674214824
test,3,3,2024-09-01,2024-12-01,2093,ridge,25859.0,23052.886617029235
test,3,1,2024-09-01,2024-10-01,2125,ridge,22571.0,21491.954646345544
test,3,2,2024-09-01,2024-11-01,2125,ridge,23957.0,22150.287318559207
test,3,3,2024-09-01,2024-12-01,2125,ridge,27391.0,24320.96070413616
test,3,1,2024-09-01,2024-10-01,2127,ridge,24270.0,22363.442869173326
test,3,2,2024-09-01,2024-11-01,2127,ridge,24629.0,22821.503641270898
test,3,3,2024-09-01,2024-12-01,2127,ridge,31422.0,26428.16430872048
test,3,1,2024-09-01,2024-10-01,2139,ridge,24117.0,22084.969639597508
test,3,2,2024-09-01,2024-11-01,2139,ridge,24305.0,22500.440484749044
test,3,3,2024-09-01,2024-12-01,2139,ridge,28556.0,25469.654503967027
test,3,1,2024-09-01,2024-10-01,2217,ridge,45426.0,44590.06201097654
test,3,2,2024-09-01,2024-11-01,2217,ridge,44997.0,44580.19752555216
test,3,3,2024-09-01,2024-12-01,2217,ridge,52897.0,48030.80285413255
test,3,1,2024-09-01,2024-10-01,2235,ridge,35511.0,34188.10045559294
test,3,2,2024-09-01,2024-11-01,2235,ridge,35222.0,33687.85764820362
test,3,3,2024-09-01,2024-12-01,2235,ridge,42570.0,37622.55809576266
test,3,1,2024-09-01,2024-10-01,2245,ridge,45215.0,45846.6323793921
test,3,2,2024-09-01,2024-11-01,2245,ridge,43221.0,45223.33256178397
test,3,3,2024-09-01,2024-12-01,2245,ridge,50092.0,49124.957104326175
test,3,1,2024-09-01,2024-10-01,2278,ridge,27013.0,24827.187953354864
test,3,2,2024-09-01,2024-11-01,2278,ridge,27542.0,25654.50647107474
test,3,3,2024-09-01,2024-12-01,2278,ridge,32665.0,27890.42233773334
test,3,1,2024-09-01,2024-10-01,2310,ridge,26844.0,25782.020613802248
test,3,2,2024-09-01,2024-11-01,2310,ridge,27662.0,25543.488762635265
test,3,3,2024-09-01,2024-12-01,2310,ridge,32642.0,28078.930969220804
test,3,1,2024-09-01,2024-10-01,2373,ridge,54910.0,50648.38476104439
test,3,2,2024-09-01,2024-11-01,2373,ridge,55619.0,51326.67110145621
test,3,3,2024-09-01,2024-12-01,2373,ridge,64055.0,55580.46304782781
test,3,1,2024-09-01,2024-10-01,2395,ridge,40531.0,37092.72491501774
test,3,2,2024-09-01,2024-11-01,2395,ridge,40208.0,36242.43031069889
test,3,3,2024-09-01,2024-12-01,2395,ridge,45845.0,39836.22817707952
test,3,1,2024-09-01,2024-10-01,2453,ridge,45769.0,42597.59403648655
test,3,2,2024-09-01,2024-11-01,2453,ridge,46785.0,43080.563521250486
test,3,3,2024-09-01,2024-12-01,2453,ridge,53303.0,46567.07034769652
test,3,1,2024-09-01,2024-10-01,2478,ridge,48564.0,45392.20541042586
test,3,2,2024-09-01,2024-11-01,2478,ridge,49192.0,45850.60181168836
test,3,3,2024-09-01,2024-12-01,2478,ridge,56664.0,49893.32192171379
test,3,1,2024-09-01,2024-10-01,2538,ridge,56442.0,52568.1844367493
test,3,2,2024-09-01,2024-11-01,2538,ridge,57137.0,52583.63216091436
test,3,3,2024-09-01,2024-12-01,2538,ridge,65676.0,57501.68937495809
test,3,1,2024-09-01,2024-10-01,2562,ridge,53551.0,49633.857243964114
test,3,2,2024-09-01,2024-11-01,2562,ridge,54147.0,50058.07670854667
test,3,3,2024-09-01,2024-12-01,2562,ridge,63627.0,54464.79113402362
test,3,1,2024-09-01,2024-10-01,2573,ridge,58402.0,54731.85917300725
test,3,2,2024-09-01,2024-11-01,2573,ridge,59183.0,55273.54674594693
test,3,3,2024-09-01,2024-12-01,2573,ridge,68936.0,60134.527706921086
test,3,1,2024-09-01,2024-10-01,188,boosting,22856.0,22782.462841682405
test,3,2,2024-09-01,2024-11-01,188,boosting,20266.0,21683.23493565767
test,3,3,2024-09-01,2024-12-01,188,boosting,23808.0,24619.904748550663
test,3,1,2024-09-01,2024-10-01,235,boosting,24065.0,23333.95293491719
test,3,2,2024-09-01,2024-11-01,235,boosting,23560.0,22658.34721488582
test,3,3,2024-09-01,2024-12-01,235,boosting,27422.0,24371.42597361003
test,3,1,2024-09-01,2024-10-01,269,boosting,31460.0,28903.384457287382
test,3,2,2024-09-01,2024-11-01,269,boosting,32221.0,29310.294075797985
test,3,3,2024-09-01,2024-12-01,269,boosting,37090.0,31393.119472743136
test,3,1,2024-09-01,2024-10-01,305,boosting,20684.0,20129.316482302725
test,3,2,2024-09-01,2024-11-01,305,boosting,20928.0,20231.542904799982
test,3,3,2024-09-01,2024-12-01,305,boosting,24746.0,21281.115875246865
test,3,1,2024-09-01,2024-10-01,312,boosting,46153.0,46890.42126106256
test,3,2,2024-09-01,2024-11-01,312,boosting,45441.0,45084.72463758277
test,3,3,2024-09-01,2024-12-01,312,boosting,55604.0,48193.45933621693
test,3,1,2024-09-01,2024-10-01,322,boosting,41303.0,48344.34285519445
test,3,2,2024-09-01,2024-11-01,322,boosting,36654.0,43825.12680548119
test,3,1,2024-09-01,2024-10-01,324,boosting,32506.0,33855.08540332296
test,3,2,2024-09-01,2024-11-01,324,boosting,30410.0,33216.04802920619
test,3,3,2024-09-01,2024-12-01,324,boosting,42232.0,37469.67421595212
test,3,1,2024-09-01,2024-10-01,397,boosting,27743.0,26337.21034730258
test,3,2,2024-09-01,2024-11-01,397,boosting,27685.0,26029.175304374337
test,3,3,2024-09-01,2024-12-01,397,boosting,31952.0,27678.8300926582
test,3,1,2024-09-01,2024-10-01,486,boosting,21030.0,19300.23291719124
test,3,2,2024-09-01,2024-11-01,486,boosting,20679.0,19099.60090859824
test,3,3,2024-09-01,2024-12-01,486,boosting,24695.0,20477.09945475146
test,3,1,2024-09-01,2024-10-01,506,boosting,34296.0,32911.28273624422
test,3,2,2024-09-01,2024-11-01,506,boosting,34082.0,32138.818931280868
test,3,3,2024-09-01,2024-12-01,506,boosting,38925.0,33903.565073034864
test,3,1,2024-09-01,2024-10-01,541,boosting,21066.0,20383.02588698921
test,3,2,2024-09-01,2024-11-01,541,boosting,21921.0,20072.67717800496
test,3,3,2024-09-01,2024-12-01,541,boosting,25584.0,21950.479326505098
test,3,1,2024-09-01,2024-10-01,571,boosting,22583.0,21894.71466731062
test,3,2,2024-09-01,2024-11-01,571,boosting,22311.0,21493.517510341902
test,3,3,2024-09-01,2024-12-01,571,boosting,27391.0,23200.83537422816
test,3,1,2024-09-01,2024-10-01,581,boosting,35463.0,34023.39429784381
test,3,2,2024-09-01,2024-11-01,581,boosting,34061.0,33220.72905688245
test,3,3,2024-09-01,2024-12-01,581,boosting,42782.0,36813.39114581918
test,3,1,2024-09-01,2024-10-01,694,boosting,29686.0,28703.27091795953
test,3,2,2024-09-01,2024-11-01,694,boosting,30860.0,28695.09581655731
test,3,3,2024-09-01,2024-12-01,694,boosting,35782.0,30164.3880611024
test,3,1,2024-09-01,2024-10-01,811,boosting,28959.0,27097.39975657339
test,3,2,2024-09-01,2024-11-01,811,boosting,29141.0,27306.416706814936
test,3,3,2024-09-01,2024-12-01,811,boosting,34089.0,29776.460533146976
test,3,1,2024-09-01,2024-10-01,1053,boosting,25741.0,23723.093408558485
test,3,2,2024-09-01,2024-11-01,1053,boosting,25488.0,24234.13219038407
test,3,3,2024-09-01,2024-12-01,1053,boosting,29338.0,25620.694327266592
test,3,1,2024-09-01,2024-10-01,1110,boosting,31918.0,30735.513823288988
test,3,2,2024-09-01,2024-11-01,1110,boosting,31856.0,30413.56937313395
test,3,3,2024-09-01,2024-12-01,1110,boosting,36427.0,32126.64267118432
test,3,1,2024-09-01,2024-10-01,1112,boosting,27851.0,26961.68730231752
test,3,2,2024-09-01,2024-11-01,1112,boosting,28146.0,26379.072362777308
test,3,3,2024-09-01,2024-12-01,1112,boosting,34128.0,28577.88671977
test,3,1,2024-09-01,2024-10-01,1120,boosting,22177.0,22623.072581368924
test,3,2,2024-09-01,2024-11-01,1120,boosting,23343.0,22150.7621695392
test,3,3,2024-09-01,2024-12-01,1120,boosting,29677.0,24196.302166648056
test,3,1,2024-09-01,2024-10-01,1184,boosting,34593.0,31209.18388901343
test,3,2,2024-09-01,2024-11-01,1184,boosting,34925.0,30466.943286605423
test,3,3,2024-09-01,2024-12-01,1184,boosting,43335.0,33671.20758285382
test,3,1,2024-09-01,2024-10-01,1238,boosting,34429.0,33209.1466810415
test,3,2,2024-09-01,2024-11-01,1238,boosting,34687.0,32541.87590649942
test,3,3,2024-09-01,2024-12-01,1238,boosting,41308.0,34995.05632915527
test,3,1,2024-09-01,2024-10-01,1254,boosting,28506.0,27126.087731725034
test,3,2,2024-09-01,2024-11-01,1254,boosting,26984.0,25651.38937173138
test,3,3,2024-09-01,2024-12-01,1254,boosting,33005.0,27492.855810209046
test,3,1,2024-09-01,2024-10-01,1276,boosting,20025.0,19962.85872590133
test,3,2,2024-09-01,2024-11-01,1276,boosting,18688.0,18976.34881860322
test,3,3,2024-09-01,2024-12-01,1276,boosting,22588.0,20278.427600848216
test,3,1,2024-09-01,2024-10-01,1286,boosting,21871.0,21715.742827615693
test,3,2,2024-09-01,2024-11-01,1286,boosting,22115.0,21107.461162358293
test,3,3,2024-09-01,2024-12-01,1286,boosting,25821.0,22561.32226719361
test,3,1,2024-09-01,2024-10-01,1289,boosting,20454.0,19561.239680611783
test,3,2,2024-09-01,2024-11-01,1289,boosting,19936.0,19215.71374647644
test,3,3,2024-09-01,2024-12-01,1289,boosting,24446.0,20842.23403442791
test,3,1,2024-09-01,2024-10-01,1292,boosting,21076.0,20345.08021533012
test,3,2,2024-09-01,2024-11-01,1292,boosting,20235.0,19618.667530559807
test,3,3,2024-09-01,2024-12-01,1292,boosting,23754.0,21080.97648280747
test,3,1,2024-09-01,2024-10-01,1338,boosting,22914.0,21683.821984001075
test,3,2,2024-09-01,2024-11-01,1338,boosting,22683.0,21737.026328064858
test,3,3,2024-09-01,2024-12-01,1338,boosting,27338.0,23099.576902028813
test,3,1,2024-09-01,2024-10-01,1426,boosting,25286.0,24085.378871958263
test,3,2,2024-09-01,2024-11-01,1426,boosting,25946.0,23936.75887533913
test,3,3,2024-09-01,2024-12-01,1426,boosting,30444.0,26259.106431398883
test,3,1,2024-09-01,2024-10-01,1443,boosting,47672.0,45448.06360206935
test,3,2,2024-09-01,2024-11-01,1443,boosting,48360.0,44853.24820744261
test,3,3,2024-09-01,2024-12-01,1443,boosting,57248.0,50664.26450322403
test,3,1,2024-09-01,2024-10-01,1461,boosting,47994.0,46452.61434664716
test,3,2,2024-09-01,2024-11-01,1461,boosting,48527.0,45632.61638531013
test,3,3,2024-09-01,2024-12-01,1461,boosting,57342.0,50861.9030931836
test,3,1,2024-09-01,2024-10-01,1494,boosting,29725.0,28986.14609177472
test,3,2,2024-09-01,2024-11-01,1494,boosting,29450.0,28168.77803390646
test,3,3,2024-09-01,2024-12-01,1494,boosting,34823.0,30289.24613017513
test,3,1,2024-09-01,2024-10-01,1555,boosting,28211.0,26030.12017665432
test,3,2,2024-09-01,2024-11-01,1555,boosting,28609.0,26310.686876421943
test,3,3,2024-09-01,2024-12-01,1555,boosting,33875.0,27727.34520021524
test,3,1,2024-09-01,2024-10-01,1573,boosting,24762.0,25370.55663891921
test,3,2,2024-09-01,2024-11-01,1573,boosting,24828.0,24462.962503124
test,3,3,2024-09-01,2024-12-01,1573,boosting,30528.0,26465.39554552485
test,3,1,2024-09-01,2024-10-01,1577,boosting,31761.0,30041.14840710937
test,3,2,2024-09-01,2024-11-01,1577,boosting,32759.0,30002.820156321523
test,3,3,2024-09-01,2024-12-01,1577,boosting,38335.0,32282.3223886326
test,3,1,2024-09-01,2024-10-01,1746,boosting,18862.0,17973.833271142827
test,3,2,2024-09-01,2024-11-01,1746,boosting,18732.0,18312.551337204248
test,3,3,2024-09-01,2024-12-01,1746,boosting,22026.0,19250.39624997629
test,3,1,2024-09-01,2024-10-01,1763,boosting,17098.0,16393.10433726967
test,3,2,2024-09-01,2024-11-01,1763,boosting,18179.0,16063.56583622337
test,3,3,2024-09-01,2024-12-01,1763,boosting,21201.0,18271.65792857388
test,3,1,2024-09-01,2024-10-01,1770,boosting,27539.0,25952.554355779543
test,3,2,2024-09-01,2024-11-01,1770,boosting,26068.0,25334.76419933668
test,3,3,2024-09-01,2024-12-01,1770,boosting,30467.0,27189.5623185291
test,3,1,2024-09-01,2024-10-01,1909,boosting,21752.0,21600.59292245924
test,3,2,2024-09-01,2024-11-01,1909,boosting,22405.0,21355.93024074145
test,3,3,2024-09-01,2024-12-01,1909,boosting,26630.0,22834.36808832881
test,3,1,2024-09-01,2024-10-01,1923,boosting,20559.0,16906.4811846145
test,3,2,2024-09-01,2024-11-01,1923,boosting,20959.0,17668.59089632517
test,3,3,2024-09-01,2024-12-01,1923,boosting,24147.0,19665.35418987376
test,3,1,2024-09-01,2024-10-01,1930,boosting,24337.0,22497.687728516023
test,3,2,2024-09-01,2024-11-01,1930,boosting,24248.0,22069.04410014432
test,3,3,2024-09-01,2024-12-01,1930,boosting,28331.0,24030.889404448048
test,3,1,2024-09-01,2024-10-01,1956,boosting,31586.0,31480.944943087725
test,3,2,2024-09-01,2024-11-01,1956,boosting,31964.0,31274.30180379964
test,3,3,2024-09-01,2024-12-01,1956,boosting,38444.0,33069.354517646265
test,3,1,2024-09-01,2024-10-01,1970,boosting,58772.0,57163.68135611464
test,3,2,2024-09-01,2024-11-01,1970,boosting,54514.0,58740.59248578779
test,3,3,2024-09-01,2024-12-01,1970,boosting,61261.0,58800.43466317747
test,3,1,2024-09-01,2024-10-01,2006,boosting,35021.0,34362.43758618311
test,3,2,2024-09-01,2024-11-01,2006,boosting,36137.0,33849.72540101499
test,3,3,2024-09-01,2024-12-01,2006,boosting,41414.0,35974.43251744053
test,3,1,2024-09-01,2024-10-01,2061,boosting,22276.0,20558.48317676958
test,3,2,2024-09-01,2024-11-01,2061,boosting,23003.0,21541.54306059292
test,3,3,2024-09-01,2024-12-01,2061,boosting,27401.0,23354.42037986714
test,3,1,2024-09-01,2024-10-01,2062,boosting,28636.0,27274.40539554844
test,3,2,2024-09-01,2024-11-01,2062,boosting,28149.0,26945.487104149423
test,3,3,2024-09-01,2024-12-01,2062,boosting,32496.0,28797.633933608253
test,3,1,2024-09-01,2024-10-01,2066,boosting,26811.0,25069.636449875048
test,3,2,2024-09-01,2024-11-01,2066,boosting,25165.0,24670.488753109355
test,3,3,2024-09-01,2024-12-01,2066,boosting,31982.0,26364.48420652544
test,3,1,2024-09-01,2024-10-01,2078,boosting,18073.0,17399.35453456675
test,3,2,2024-09-01,2024-11-01,2078,boosting,19518.0,17124.53818873021
test,3,3,2024-09-01,2024-12-01,2078,boosting,20342.0,18450.41726965804
test,3,1,2024-09-01,2024-10-01,2079,boosting,26439.0,21057.48824928225
test,3,2,2024-09-01,2024-11-01,2079,boosting,23111.0,21179.43674101455
test,3,3,2024-09-01,2024-12-01,2079,boosting,25613.0,22124.540241265528
test,3,1,2024-09-01,2024-10-01,2093,boosting,21742.0,20622.772838975616
test,3,2,2024-09-01,2024-11-01,2093,boosting,21839.0,19920.35495394194
test,3,3,2024-09-01,2024-12-01,2093,boosting,25859.0,21805.249365940752
test,3,1,2024-09-01,2024-10-01,2125,boosting,22571.0,23461.085802996746
test,3,2,2024-09-01,2024-11-01,2125,boosting,23957.0,22253.134195480983
test,3,3,2024-09-01,2024-12-01,2125,boosting,27391.0,23740.64010410804
test,3,1,2024-09-01,2024-10-01,2127,boosting,24270.0,24025.17738585037
test,3,2,2024-09-01,2024-11-01,2127,boosting,24629.0,22807.526772270736
test,3,3,2024-09-01,2024-12-01,2127,boosting,31422.0,25503.44185915327
test,3,1,2024-09-01,2024-10-01,2139,boosting,24117.0,23642.55949564417
test,3,2,2024-09-01,2024-11-01,2139,boosting,24305.0,22937.920769150307
test,3,3,2024-09-01,2024-12-01,2139,boosting,28556.0,24851.169040917444
test,3,1,2024-09-01,2024-10-01,2217,boosting,45426.0,44511.56493003937
test,3,2,2024-09-01,2024-11-01,2217,boosting,44997.0,43489.41472636702
test,3,3,2024-09-01,2024-12-01,2217,boosting,52897.0,46468.285794861935
test,3,1,2024-09-01,2024-10-01,2235,boosting,35511.0,35162.63195253907
test,3,2,2024-09-01,2024-11-01,2235,boosting,35222.0,34074.96945592894
test,3,3,2024-09-01,2024-12-01,2235,boosting,42570.0,36418.12482406658
test,3,1,2024-09-01,2024-10-01,2245,boosting,45215.0,48233.624064271215
test,3,2,2024-09-01,2024-11-01,2245,boosting,43221.0,46849.070432413406
test,3,3,2024-09-01,2024-12-01,2245,boosting,50092.0,46925.42938406589
test,3,1,2024-09-01,2024-10-01,2278,boosting,27013.0,24513.170473074373
test,3,2,2024-09-01,2024-11-01,2278,boosting,27542.0,25668.449042876
test,3,3,2024-09-01,2024-12-01,2278,boosting,32665.0,27474.530512469923
test,3,1,2024-09-01,2024-10-01,2310,boosting,26844.0,26508.17110621293
test,3,2,2024-09-01,2024-11-01,2310,boosting,27662.0,25886.597192692232
test,3,3,2024-09-01,2024-12-01,2310,boosting,32642.0,27556.4266803186
test,3,1,2024-09-01,2024-10-01,2373,boosting,54910.0,51831.66127777045
test,3,2,2024-09-01,2024-11-01,2373,boosting,55619.0,51770.25742151582
test,3,3,2024-09-01,2024-12-01,2373,boosting,64055.0,56043.94775853756
test,3,1,2024-09-01,2024-10-01,2395,boosting,40531.0,37995.62416434249
test,3,2,2024-09-01,2024-11-01,2395,boosting,40208.0,36784.22782230538
test,3,3,2024-09-01,2024-12-01,2395,boosting,45845.0,39622.46124300042
test,3,1,2024-09-01,2024-10-01,2453,boosting,45769.0,43457.68045216744
test,3,2,2024-09-01,2024-11-01,2453,boosting,46785.0,42989.58589353291
test,3,3,2024-09-01,2024-12-01,2453,boosting,53303.0,46672.688534467205
test,3,1,2024-09-01,2024-10-01,2478,boosting,48564.0,46803.9047422638
test,3,2,2024-09-01,2024-11-01,2478,boosting,49192.0,46056.34775690597
test,3,3,2024-09-01,2024-12-01,2478,boosting,56664.0,50689.759242084416
test,3,1,2024-09-01,2024-10-01,2538,boosting,56442.0,53474.579250898976
test,3,2,2024-09-01,2024-11-01,2538,boosting,57137.0,53101.02702027146
test,3,3,2024-09-01,2024-12-01,2538,boosting,65676.0,57863.345849294674
test,3,1,2024-09-01,2024-10-01,2562,boosting,53551.0,50424.38024820799
test,3,2,2024-09-01,2024-11-01,2562,boosting,54147.0,50277.84749181214
test,3,3,2024-09-01,2024-12-01,2562,boosting,63627.0,54562.81086100086
test,3,1,2024-09-01,2024-10-01,2573,boosting,58402.0,55964.98880612796
test,3,2,2024-09-01,2024-11-01,2573,boosting,59183.0,55233.74508005496
test,3,3,2024-09-01,2024-12-01,2573,boosting,68936.0,60123.03261210999
test,3,1,2024-09-01,2024-10-01,188,boosting_news,22856.0,22257.652921613404
test,3,2,2024-09-01,2024-11-01,188,boosting_news,20266.0,20689.989326347142
test,3,3,2024-09-01,2024-12-01,188,boosting_news,23808.0,23299.41901229913
test,3,1,2024-09-01,2024-10-01,235,boosting_news,24065.0,22831.26618254568
test,3,2,2024-09-01,2024-11-01,235,boosting_news,23560.0,21778.54026244157
test,3,3,2024-09-01,2024-12-01,235,boosting_news,27422.0,22994.68743391385
test,3,1,2024-09-01,2024-10-01,269,boosting_news,31460.0,29287.780885458586
test,3,2,2024-09-01,2024-11-01,269,boosting_news,32221.0,28433.372593377822
test,3,3,2024-09-01,2024-12-01,269,boosting_news,37090.0,30367.8772467782
test,3,1,2024-09-01,2024-10-01,305,boosting_news,20684.0,19962.68005738552
test,3,2,2024-09-01,2024-11-01,305,boosting_news,20928.0,19514.343020142
test,3,3,2024-09-01,2024-12-01,305,boosting_news,24746.0,20842.459799645163
test,3,1,2024-09-01,2024-10-01,312,boosting_news,46153.0,45677.46449126679
test,3,2,2024-09-01,2024-11-01,312,boosting_news,45441.0,42820.54872972408
test,3,3,2024-09-01,2024-12-01,312,boosting_news,55604.0,46151.58656696916
test,3,1,2024-09-01,2024-10-01,322,boosting_news,41303.0,48029.77364980576
test,3,2,2024-09-01,2024-11-01,322,boosting_news,36654.0,41585.40831232142
test,3,1,2024-09-01,2024-10-01,324,boosting_news,32506.0,32941.56677557313
test,3,2,2024-09-01,2024-11-01,324,boosting_news,30410.0,31883.156190650298
test,3,3,2024-09-01,2024-12-01,324,boosting_news,42232.0,35392.11907563868
test,3,1,2024-09-01,2024-10-01,397,boosting_news,27743.0,26397.25464689631
test,3,2,2024-09-01,2024-11-01,397,boosting_news,27685.0,25300.706358474603
test,3,3,2024-09-01,2024-12-01,397,boosting_news,31952.0,26889.232731734144
test,3,1,2024-09-01,2024-10-01,486,boosting_news,21030.0,19705.795843562148
test,3,2,2024-09-01,2024-11-01,486,boosting_news,20679.0,18812.694965399693
test,3,3,2024-09-01,2024-12-01,486,boosting_news,24695.0,19958.97606783796
test,3,1,2024-09-01,2024-10-01,506,boosting_news,34296.0,32900.81680043514
test,3,2,2024-09-01,2024-11-01,506,boosting_news,34082.0,31262.78436395196
test,3,3,2024-09-01,2024-12-01,506,boosting_news,38925.0,32747.503688476303
test,3,1,2024-09-01,2024-10-01,541,boosting_news,21066.0,20036.1561923487
test,3,2,2024-09-01,2024-11-01,541,boosting_news,21921.0,19098.7631357087
test,3,3,2024-09-01,2024-12-01,541,boosting_news,25584.0,21122.114079725336
test,3,1,2024-09-01,2024-10-01,571,boosting_news,22583.0,21614.54748296938
test,3,2,2024-09-01,2024-11-01,571,boosting_news,22311.0,21000.39476984618
test,3,3,2024-09-01,2024-12-01,571,boosting_news,27391.0,22221.813469366425
test,3,1,2024-09-01,2024-10-01,581,boosting_news,35463.0,33344.89157441768
test,3,2,2024-09-01,2024-11-01,581,boosting_news,34061.0,32067.505812471503
test,3,3,2024-09-01,2024-12-01,581,boosting_news,42782.0,34659.03014850336
test,3,1,2024-09-01,2024-10-01,694,boosting_news,29686.0,27696.720010254863
test,3,2,2024-09-01,2024-11-01,694,boosting_news,30860.0,26830.70822506856
test,3,3,2024-09-01,2024-12-01,694,boosting_news,35782.0,29008.97550976421
test,3,1,2024-09-01,2024-10-01,811,boosting_news,28959.0,27667.49981096733
test,3,2,2024-09-01,2024-11-01,811,boosting_news,29141.0,26958.36731498215
test,3,3,2024-09-01,2024-12-01,811,boosting_news,34089.0,28421.072536664265
test,3,1,2024-09-01,2024-10-01,1053,boosting_news,25741.0,23794.72908890898
test,3,2,2024-09-01,2024-11-01,1053,boosting_news,25488.0,23515.92712942242
test,3,3,2024-09-01,2024-12-01,1053,boosting_news,29338.0,24701.137407999453
test,3,1,2024-09-01,2024-10-01,1110,boosting_news,31918.0,30627.36913533127
test,3,2,2024-09-01,2024-11-01,1110,boosting_news,31856.0,29694.33962328145
test,3,3,2024-09-01,2024-12-01,1110,boosting_news,36427.0,31089.54638045563
test,3,1,2024-09-01,2024-10-01,1112,boosting_news,27851.0,26947.868665439983
test,3,2,2024-09-01,2024-11-01,1112,boosting_news,28146.0,25749.64091635833
test,3,3,2024-09-01,2024-12-01,1112,boosting_news,34128.0,27489.9726750618
test,3,1,2024-09-01,2024-10-01,1120,boosting_news,22177.0,22319.35275153187
test,3,2,2024-09-01,2024-11-01,1120,boosting_news,23343.0,21624.625130108456
test,3,3,2024-09-01,2024-12-01,1120,boosting_news,29677.0,23783.585675943188
test,3,1,2024-09-01,2024-10-01,1184,boosting_news,34593.0,31156.313656618702
test,3,2,2024-09-01,2024-11-01,1184,boosting_news,34925.0,29553.41556480429
test,3,3,2024-09-01,2024-12-01,1184,boosting_news,43335.0,32529.16450843453
test,3,1,2024-09-01,2024-10-01,1238,boosting_news,34429.0,33143.06228648619
test,3,2,2024-09-01,2024-11-01,1238,boosting_news,34687.0,31829.03198762313
test,3,3,2024-09-01,2024-12-01,1238,boosting_news,41308.0,33978.633192851674
test,3,1,2024-09-01,2024-10-01,1254,boosting_news,28506.0,26911.396963172607
test,3,2,2024-09-01,2024-11-01,1254,boosting_news,26984.0,24882.68138324562
test,3,3,2024-09-01,2024-12-01,1254,boosting_news,33005.0,26713.88452851405
test,3,1,2024-09-01,2024-10-01,1276,boosting_news,20025.0,19521.514097864645
test,3,2,2024-09-01,2024-11-01,1276,boosting_news,18688.0,18315.91157939711
test,3,3,2024-09-01,2024-12-01,1276,boosting_news,22588.0,19295.991271787745
test,3,1,2024-09-01,2024-10-01,1286,boosting_news,21871.0,21609.93555980144
test,3,2,2024-09-01,2024-11-01,1286,boosting_news,22115.0,20618.62738484205
test,3,3,2024-09-01,2024-12-01,1286,boosting_news,25821.0,21581.175976601207
test,3,1,2024-09-01,2024-10-01,1289,boosting_news,20454.0,19289.379756443603
test,3,2,2024-09-01,2024-11-01,1289,boosting_news,19936.0,18652.626563672824
test,3,3,2024-09-01,2024-12-01,1289,boosting_news,24446.0,20351.91947197863
test,3,1,2024-09-01,2024-10-01,1292,boosting_news,21076.0,20249.121595119588
test,3,2,2024-09-01,2024-11-01,1292,boosting_news,20235.0,19281.10198754576
test,3,3,2024-09-01,2024-12-01,1292,boosting_news,23754.0,20425.56747967373
test,3,1,2024-09-01,2024-10-01,1338,boosting_news,22914.0,21544.15467989091
test,3,2,2024-09-01,2024-11-01,1338,boosting_news,22683.0,21034.427452638603
test,3,3,2024-09-01,2024-12-01,1338,boosting_news,27338.0,22630.41870052641
test,3,1,2024-09-01,2024-10-01,1426,boosting_news,25286.0,24073.90870965761
test,3,2,2024-09-01,2024-11-01,1426,boosting_news,25946.0,23413.220181381177
test,3,3,2024-09-01,2024-12-01,1426,boosting_news,30444.0,24856.895318073635
test,3,1,2024-09-01,2024-10-01,1443,boosting_news,47672.0,45271.74912965163
test,3,2,2024-09-01,2024-11-01,1443,boosting_news,48360.0,44024.73361450493
test,3,3,2024-09-01,2024-12-01,1443,boosting_news,57248.0,48441.06737252439
test,3,1,2024-09-01,2024-10-01,1461,boosting_news,47994.0,46733.17143747272
test,3,2,2024-09-01,2024-11-01,1461,boosting_news,48527.0,44638.7400962485
test,3,3,2024-09-01,2024-12-01,1461,boosting_news,57342.0,48800.89703617676
test,3,1,2024-09-01,2024-10-01,1494,boosting_news,29725.0,28613.346032332465
test,3,2,2024-09-01,2024-11-01,1494,boosting_news,29450.0,27304.192074103288
test,3,3,2024-09-01,2024-12-01,1494,boosting_news,34823.0,28804.110607877963
test,3,1,2024-09-01,2024-10-01,1555,boosting_news,28211.0,26536.523028333173
test,3,2,2024-09-01,2024-11-01,1555,boosting_news,28609.0,25503.7275600141
test,3,3,2024-09-01,2024-12-01,1555,boosting_news,33875.0,26453.667972608346
test,3,1,2024-09-01,2024-10-01,1573,boosting_news,24762.0,24789.00277510837
test,3,2,2024-09-01,2024-11-01,1573,boosting_news,24828.0,23930.31218687768
test,3,3,2024-09-01,2024-12-01,1573,boosting_news,30528.0,25070.01251056208
test,3,1,2024-09-01,2024-10-01,1577,boosting_news,31761.0,30113.35629268508
test,3,2,2024-09-01,2024-11-01,1577,boosting_news,32759.0,29357.84774777033
test,3,3,2024-09-01,2024-12-01,1577,boosting_news,38335.0,30818.883555396165
test,3,1,2024-09-01,2024-10-01,1746,boosting_news,18862.0,17656.266617764828
test,3,2,2024-09-01,2024-11-01,1746,boosting_news,18732.0,17574.257533899683
test,3,3,2024-09-01,2024-12-01,1746,boosting_news,22026.0,18686.65561399905
test,3,1,2024-09-01,2024-10-01,1763,boosting_news,17098.0,16824.169796137667
test,3,2,2024-09-01,2024-11-01,1763,boosting_news,18179.0,16071.311089259236
test,3,3,2024-09-01,2024-12-01,1763,boosting_news,21201.0,17468.112187201827
test,3,1,2024-09-01,2024-10-01,1770,boosting_news,27539.0,26028.371710161387
test,3,2,2024-09-01,2024-11-01,1770,boosting_news,26068.0,24873.051904784417
test,3,3,2024-09-01,2024-12-01,1770,boosting_news,30467.0,26209.7774569002
test,3,1,2024-09-01,2024-10-01,1909,boosting_news,21752.0,21383.11162532586
test,3,2,2024-09-01,2024-11-01,1909,boosting_news,22405.0,20767.16594671354
test,3,3,2024-09-01,2024-12-01,1909,boosting_news,26630.0,21796.31707027574
test,3,1,2024-09-01,2024-10-01,1923,boosting_news,20559.0,17391.795238417453
test,3,2,2024-09-01,2024-11-01,1923,boosting_news,20959.0,17070.18608473402
test,3,3,2024-09-01,2024-12-01,1923,boosting_news,24147.0,18985.21968500846
test,3,1,2024-09-01,2024-10-01,1930,boosting_news,24337.0,22211.594637042526
test,3,2,2024-09-01,2024-11-01,1930,boosting_news,24248.0,21612.558886304138
test,3,3,2024-09-01,2024-12-01,1930,boosting_news,28331.0,22807.71976383616
test,3,1,2024-09-01,2024-10-01,1956,boosting_news,31586.0,30705.745408441675
test,3,2,2024-09-01,2024-11-01,1956,boosting_news,31964.0,29833.92788761762
test,3,3,2024-09-01,2024-12-01,1956,boosting_news,38444.0,32243.21544798506
test,3,1,2024-09-01,2024-10-01,1970,boosting_news,58772.0,56390.08867533442
test,3,2,2024-09-01,2024-11-01,1970,boosting_news,54514.0,57830.53120590827
test,3,3,2024-09-01,2024-12-01,1970,boosting_news,61261.0,57113.214468582526
test,3,1,2024-09-01,2024-10-01,2006,boosting_news,35021.0,34215.42033976725
test,3,2,2024-09-01,2024-11-01,2006,boosting_news,36137.0,33224.65846617127
test,3,3,2024-09-01,2024-12-01,2006,boosting_news,41414.0,34707.49261205461
test,3,1,2024-09-01,2024-10-01,2061,boosting_news,22276.0,21049.095599262804
test,3,2,2024-09-01,2024-11-01,2061,boosting_news,23003.0,20980.77268334368
test,3,3,2024-09-01,2024-12-01,2061,boosting_news,27401.0,22264.926757460344
test,3,1,2024-09-01,2024-10-01,2062,boosting_news,28636.0,27173.70415010214
test,3,2,2024-09-01,2024-11-01,2062,boosting_news,28149.0,26038.75452050275
test,3,3,2024-09-01,2024-12-01,2062,boosting_news,32496.0,27755.08265693043
test,3,1,2024-09-01,2024-10-01,2066,boosting_news,26811.0,25023.149800259533
test,3,2,2024-09-01,2024-11-01,2066,boosting_news,25165.0,23631.41170646232
test,3,3,2024-09-01,2024-12-01,2066,boosting_news,31982.0,25104.653998231344
test,3,1,2024-09-01,2024-10-01,2078,boosting_news,18073.0,16976.122273555055
test,3,2,2024-09-01,2024-11-01,2078,boosting_news,19518.0,16363.165910524203
test,3,3,2024-09-01,2024-12-01,2078,boosting_news,20342.0,17369.106343859978
test,3,1,2024-09-01,2024-10-01,2079,boosting_news,26439.0,20623.24940572621
test,3,2,2024-09-01,2024-11-01,2079,boosting_news,23111.0,20247.651879531702
test,3,3,2024-09-01,2024-12-01,2079,boosting_news,25613.0,21393.676253085072
test,3,1,2024-09-01,2024-10-01,2093,boosting_news,21742.0,20492.513744293767
test,3,2,2024-09-01,2024-11-01,2093,boosting_news,21839.0,19543.57155375249
test,3,3,2024-09-01,2024-12-01,2093,boosting_news,25859.0,21517.91107493432
test,3,1,2024-09-01,2024-10-01,2125,boosting_news,22571.0,23009.63219227008
test,3,2,2024-09-01,2024-11-01,2125,boosting_news,23957.0,21403.534625936205
test,3,3,2024-09-01,2024-12-01,2125,boosting_news,27391.0,22818.2358472512
test,3,1,2024-09-01,2024-10-01,2127,boosting_news,24270.0,23537.00146881134
test,3,2,2024-09-01,2024-11-01,2127,boosting_news,24629.0,22114.56265190275
test,3,3,2024-09-01,2024-12-01,2127,boosting_news,31422.0,24722.484443147936
test,3,1,2024-09-01,2024-10-01,2139,boosting_news,24117.0,24123.201459697266
test,3,2,2024-09-01,2024-11-01,2139,boosting_news,24305.0,22086.6035134257
test,3,3,2024-09-01,2024-12-01,2139,boosting_news,28556.0,23866.155011145565
test,3,1,2024-09-01,2024-10-01,2217,boosting_news,45426.0,44087.54387263929
test,3,2,2024-09-01,2024-11-01,2217,boosting_news,44997.0,42187.91793252916
test,3,3,2024-09-01,2024-12-01,2217,boosting_news,52897.0,44778.74461638527
test,3,1,2024-09-01,2024-10-01,2235,boosting_news,35511.0,34728.443177729656
test,3,2,2024-09-01,2024-11-01,2235,boosting_news,35222.0,33256.00754941314
test,3,3,2024-09-01,2024-12-01,2235,boosting_news,42570.0,35407.30707063711
test,3,1,2024-09-01,2024-10-01,2245,boosting_news,45215.0,46976.38893410599
test,3,2,2024-09-01,2024-11-01,2245,boosting_news,43221.0,44731.284858847925
test,3,3,2024-09-01,2024-12-01,2245,boosting_news,50092.0,44732.07683941825
test,3,1,2024-09-01,2024-10-01,2278,boosting_news,27013.0,24848.180443389003
test,3,2,2024-09-01,2024-11-01,2278,boosting_news,27542.0,25071.744579179893
test,3,3,2024-09-01,2024-12-01,2278,boosting_news,32665.0,26642.71304429208
test,3,1,2024-09-01,2024-10-01,2310,boosting_news,26844.0,26291.21705015367
test,3,2,2024-09-01,2024-11-01,2310,boosting_news,27662.0,25071.03432362352
test,3,3,2024-09-01,2024-12-01,2310,boosting_news,32642.0,26654.52312753708
test,3,1,2024-09-01,2024-10-01,2373,boosting_news,54910.0,51897.91443870335
test,3,2,2024-09-01,2024-11-01,2373,boosting_news,55619.0,50697.05393592518
test,3,3,2024-09-01,2024-12-01,2373,boosting_news,64055.0,55244.32891040592
test,3,1,2024-09-01,2024-10-01,2395,boosting_news,40531.0,37934.859438738895
test,3,2,2024-09-01,2024-11-01,2395,boosting_news,40208.0,35660.3443088737
test,3,3,2024-09-01,2024-12-01,2395,boosting_news,45845.0,38530.20435211633
test,3,1,2024-09-01,2024-10-01,2453,boosting_news,45769.0,43960.466726554325
test,3,2,2024-09-01,2024-11-01,2453,boosting_news,46785.0,42161.45057309888
test,3,3,2024-09-01,2024-12-01,2453,boosting_news,53303.0,45419.63566659902
test,3,1,2024-09-01,2024-10-01,2478,boosting_news,48564.0,46849.04925300742
test,3,2,2024-09-01,2024-11-01,2478,boosting_news,49192.0,45079.67136678563
test,3,3,2024-09-01,2024-12-01,2478,boosting_news,56664.0,48630.81844109237
test,3,1,2024-09-01,2024-10-01,2538,boosting_news,56442.0,53627.17129443647
test,3,2,2024-09-01,2024-11-01,2538,boosting_news,57137.0,51463.03467656658
test,3,3,2024-09-01,2024-12-01,2538,boosting_news,65676.0,57036.07171443183
test,3,1,2024-09-01,2024-10-01,2562,boosting_news,53551.0,50554.60529262153
test,3,2,2024-09-01,2024-11-01,2562,boosting_news,54147.0,49380.4742761251
test,3,3,2024-09-01,2024-12-01,2562,boosting_news,63627.0,53955.00774699464
test,3,1,2024-09-01,2024-10-01,2573,boosting_news,58402.0,55565.34026180721
test,3,2,2024-09-01,2024-11-01,2573,boosting_news,59183.0,54150.61897705755
test,3,3,2024-09-01,2024-12-01,2573,boosting_news,68936.0,58743.59514920488
test,3,1,2024-09-01,2024-10-01,188,prophet,22856.0,21526.54157987772
test,3,2,2024-09-01,2024-11-01,188,prophet,20266.0,24814.780258790383
test,3,3,2024-09-01,2024-12-01,188,prophet,23808.0,26530.48762532758
test,3,1,2024-09-01,2024-10-01,235,prophet,24065.0,21252.329008582623
test,3,2,2024-09-01,2024-11-01,235,prophet,23560.0,22452.836123992187
test,3,3,2024-09-01,2024-12-01,235,prophet,27422.0,22968.85097228095
test,3,1,2024-09-01,2024-10-01,269,prophet,31460.0,30404.86863551964
test,3,2,2024-09-01,2024-11-01,269,prophet,32221.0,32842.32804879102
test,3,3,2024-09-01,2024-12-01,269,prophet,37090.0,33250.06235570181
test,3,1,2024-09-01,2024-10-01,305,prophet,20684.0,20681.55459475818
test,3,2,2024-09-01,2024-11-01,305,prophet,20928.0,22852.143399332792
test,3,3,2024-09-01,2024-12-01,305,prophet,24746.0,22834.02080409923
test,3,1,2024-09-01,2024-10-01,312,prophet,46153.0,45137.46787808395
test,3,2,2024-09-01,2024-11-01,312,prophet,45441.0,49210.23821061986
test,3,3,2024-09-01,2024-12-01,312,prophet,55604.0,49613.09252936867
test,3,1,2024-09-01,2024-10-01,322,prophet,41303.0,42555.839530547964
test,3,2,2024-09-01,2024-11-01,322,prophet,36654.0,48583.72752050818
test,3,1,2024-09-01,2024-10-01,324,prophet,32506.0,33496.427135361795
test,3,2,2024-09-01,2024-11-01,324,prophet,30410.0,37124.4790516601
test,3,3,2024-09-01,2024-12-01,324,prophet,42232.0,37325.44356743312
test,3,1,2024-09-01,2024-10-01,397,prophet,27743.0,27774.544343975205
test,3,2,2024-09-01,2024-11-01,397,prophet,27685.0,29860.73062514681
test,3,3,2024-09-01,2024-12-01,397,prophet,31952.0,29925.63702560224
test,3,1,2024-09-01,2024-10-01,486,prophet,21030.0,19248.85411596745
test,3,2,2024-09-01,2024-11-01,486,prophet,20679.0,20450.247774536725
test,3,3,2024-09-01,2024-12-01,486,prophet,24695.0,20729.6517636142
test,3,1,2024-09-01,2024-10-01,506,prophet,34296.0,34236.11647090655
test,3,2,2024-09-01,2024-11-01,506,prophet,34082.0,36482.34179397034
test,3,3,2024-09-01,2024-12-01,506,prophet,38925.0,35722.11132781474
test,3,1,2024-09-01,2024-10-01,541,prophet,21066.0,21236.56085883681
test,3,2,2024-09-01,2024-11-01,541,prophet,21921.0,23435.21945455853
test,3,3,2024-09-01,2024-12-01,541,prophet,25584.0,22988.388273886987
test,3,1,2024-09-01,2024-10-01,571,prophet,22583.0,21969.502300194068
test,3,2,2024-09-01,2024-11-01,571,prophet,22311.0,23802.97419065734
test,3,3,2024-09-01,2024-12-01,571,prophet,27391.0,23328.13759715385
test,3,1,2024-09-01,2024-10-01,581,prophet,35463.0,33001.33846645672
test,3,2,2024-09-01,2024-11-01,581,prophet,34061.0,35967.57772090606
test,3,3,2024-09-01,2024-12-01,581,prophet,42782.0,36639.088265495695
test,3,1,2024-09-01,2024-10-01,694,prophet,29686.0,30191.77417616933
test,3,2,2024-09-01,2024-11-01,694,prophet,30860.0,33269.86860956878
test,3,3,2024-09-01,2024-12-01,694,prophet,35782.0,32612.3297266302
test,3,1,2024-09-01,2024-10-01,811,prophet,28959.0,29189.145505878045
test,3,2,2024-09-01,2024-11-01,811,prophet,29141.0,32142.144034507164
test,3,3,2024-09-01,2024-12-01,811,prophet,34089.0,32174.055673675604
test,3,1,2024-09-01,2024-10-01,1053,prophet,25741.0,23848.108868862382
test,3,2,2024-09-01,2024-11-01,1053,prophet,25488.0,26118.37088359435
test,3,3,2024-09-01,2024-12-01,1053,prophet,29338.0,26596.067375701503
test,3,1,2024-09-01,2024-10-01,1110,prophet,31918.0,31623.25004850636
test,3,2,2024-09-01,2024-11-01,1110,prophet,31856.0,34159.55081842871
test,3,3,2024-09-01,2024-12-01,1110,prophet,36427.0,33490.871179411864
test,3,1,2024-09-01,2024-10-01,1112,prophet,27851.0,27883.22810539084
test,3,2,2024-09-01,2024-11-01,1112,prophet,28146.0,30243.09347505261
test,3,3,2024-09-01,2024-12-01,1112,prophet,34128.0,30312.532737200847
test,3,1,2024-09-01,2024-10-01,1120,prophet,22177.0,22807.831493042235
test,3,2,2024-09-01,2024-11-01,1120,prophet,23343.0,25343.079556540062
test,3,3,2024-09-01,2024-12-01,1120,prophet,29677.0,25980.22932746356
test,3,1,2024-09-01,2024-10-01,1184,prophet,34593.0,31819.961336625653
test,3,2,2024-09-01,2024-11-01,1184,prophet,34925.0,35612.67311401237
test,3,3,2024-09-01,2024-12-01,1184,prophet,43335.0,36218.55459513584
test,3,1,2024-09-01,2024-10-01,1238,prophet,34429.0,34313.52731269488
test,3,2,2024-09-01,2024-11-01,1238,prophet,34687.0,37325.006405158216
test,3,3,2024-09-01,2024-12-01,1238,prophet,41308.0,37247.00344497678
test,3,1,2024-09-01,2024-10-01,1254,prophet,28506.0,24747.01249213649
test,3,2,2024-09-01,2024-11-01,1254,prophet,26984.0,26866.196113877137
test,3,3,2024-09-01,2024-12-01,1254,prophet,33005.0,27248.12404606897
test,3,1,2024-09-01,2024-10-01,1276,prophet,20025.0,19936.81053950056
test,3,2,2024-09-01,2024-11-01,1276,prophet,18688.0,21206.56323226508
test,3,3,2024-09-01,2024-12-01,1276,prophet,22588.0,20799.544357523788
test,3,1,2024-09-01,2024-10-01,1286,prophet,21871.0,22132.33728257337
test,3,2,2024-09-01,2024-11-01,1286,prophet,22115.0,23584.148356283025
test,3,3,2024-09-01,2024-12-01,1286,prophet,25821.0,23455.932416751293
test,3,1,2024-09-01,2024-10-01,1289,prophet,20454.0,19171.610679000823
test,3,2,2024-09-01,2024-11-01,1289,prophet,19936.0,20909.692424429864
test,3,3,2024-09-01,2024-12-01,1289,prophet,24446.0,20944.69216888044
test,3,1,2024-09-01,2024-10-01,1292,prophet,21076.0,20198.70739546205
test,3,2,2024-09-01,2024-11-01,1292,prophet,20235.0,21549.860194717963
test,3,3,2024-09-01,2024-12-01,1292,prophet,23754.0,21471.446876268303
test,3,1,2024-09-01,2024-10-01,1338,prophet,22914.0,22151.47542954211
test,3,2,2024-09-01,2024-11-01,1338,prophet,22683.0,24208.685686260167
test,3,3,2024-09-01,2024-12-01,1338,prophet,27338.0,24050.772206334823
test,3,1,2024-09-01,2024-10-01,1426,prophet,25286.0,24765.680100429294
test,3,2,2024-09-01,2024-11-01,1426,prophet,25946.0,27080.51276931441
test,3,3,2024-09-01,2024-12-01,1426,prophet,30444.0,27946.943447502992
test,3,1,2024-09-01,2024-10-01,1443,prophet,47672.0,47937.45014754648
test,3,2,2024-09-01,2024-11-01,1443,prophet,48360.0,52331.29447984907
test,3,3,2024-09-01,2024-12-01,1443,prophet,57248.0,52175.38363207087
test,3,1,2024-09-01,2024-10-01,1461,prophet,47994.0,48584.42190355626
test,3,2,2024-09-01,2024-11-01,1461,prophet,48527.0,52712.53439793899
test,3,3,2024-09-01,2024-12-01,1461,prophet,57342.0,52332.46196467514
test,3,1,2024-09-01,2024-10-01,1494,prophet,29725.0,28494.92831237475
test,3,2,2024-09-01,2024-11-01,1494,prophet,29450.0,30764.687157506145
test,3,3,2024-09-01,2024-12-01,1494,prophet,34823.0,30958.42097464457
test,3,1,2024-09-01,2024-10-01,1555,prophet,28211.0,27838.280637138825
test,3,2,2024-09-01,2024-11-01,1555,prophet,28609.0,29664.33448033125
test,3,3,2024-09-01,2024-12-01,1555,prophet,33875.0,29176.867444003805
test,3,1,2024-09-01,2024-10-01,1573,prophet,24762.0,23997.44974244036
test,3,2,2024-09-01,2024-11-01,1573,prophet,24828.0,25992.866234367564
test,3,3,2024-09-01,2024-12-01,1573,prophet,30528.0,26129.7067438638
test,3,1,2024-09-01,2024-10-01,1577,prophet,31761.0,31063.922947471456
test,3,2,2024-09-01,2024-11-01,1577,prophet,32759.0,33904.98398778961
test,3,3,2024-09-01,2024-12-01,1577,prophet,38335.0,34149.6491168269
test,3,1,2024-09-01,2024-10-01,1746,prophet,18862.0,18442.0019579108
test,3,2,2024-09-01,2024-11-01,1746,prophet,18732.0,20553.48413665618
test,3,3,2024-09-01,2024-12-01,1746,prophet,22026.0,20720.67465940434
test,3,1,2024-09-01,2024-10-01,1763,prophet,17098.0,16846.371049687874
test,3,2,2024-09-01,2024-11-01,1763,prophet,18179.0,18073.376005251062
test,3,3,2024-09-01,2024-12-01,1763,prophet,21201.0,18703.42045636236
test,3,1,2024-09-01,2024-10-01,1770,prophet,27539.0,26356.79128053112
test,3,2,2024-09-01,2024-11-01,1770,prophet,26068.0,27679.48501143252
test,3,3,2024-09-01,2024-12-01,1770,prophet,30467.0,27897.696337912028
test,3,1,2024-09-01,2024-10-01,1909,prophet,21752.0,22037.38768895598
test,3,2,2024-09-01,2024-11-01,1909,prophet,22405.0,23954.052056735727
test,3,3,2024-09-01,2024-12-01,1909,prophet,26630.0,23980.6928845113
test,3,1,2024-09-01,2024-10-01,1923,prophet,20559.0,17230.3066257636
test,3,2,2024-09-01,2024-11-01,1923,prophet,20959.0,19096.05113192698
test,3,3,2024-09-01,2024-12-01,1923,prophet,24147.0,19963.508128478872
test,3,1,2024-09-01,2024-10-01,1930,prophet,24337.0,22567.626726100963
test,3,2,2024-09-01,2024-11-01,1930,prophet,24248.0,24843.84317342069
test,3,3,2024-09-01,2024-12-01,1930,prophet,28331.0,25409.37839303993
test,3,1,2024-09-01,2024-10-01,1956,prophet,31586.0,28752.764797497413
test,3,2,2024-09-01,2024-11-01,1956,prophet,31964.0,30592.545630464025
test,3,3,2024-09-01,2024-12-01,1956,prophet,38444.0,29556.325310259363
test,3,1,2024-09-01,2024-10-01,1970,prophet,58772.0,54137.18659184523
test,3,2,2024-09-01,2024-11-01,1970,prophet,54514.0,57536.45484341425
test,3,3,2024-09-01,2024-12-01,1970,prophet,61261.0,56113.0889758685
test,3,1,2024-09-01,2024-10-01,2006,prophet,35021.0,36292.24718812444
test,3,2,2024-09-01,2024-11-01,2006,prophet,36137.0,39566.3573707607
test,3,3,2024-09-01,2024-12-01,2006,prophet,41414.0,39865.72398987243
test,3,1,2024-09-01,2024-10-01,2061,prophet,22276.0,21919.53443512032
test,3,2,2024-09-01,2024-11-01,2061,prophet,23003.0,23649.814651495708
test,3,3,2024-09-01,2024-12-01,2061,prophet,27401.0,23992.62773916775
test,3,1,2024-09-01,2024-10-01,2062,prophet,28636.0,28041.38784984315
test,3,2,2024-09-01,2024-11-01,2062,prophet,28149.0,30296.59653554737
test,3,3,2024-09-01,2024-12-01,2062,prophet,32496.0,30423.940362584257
test,3,1,2024-09-01,2024-10-01,2066,prophet,26811.0,25142.03825841509
test,3,2,2024-09-01,2024-11-01,2066,prophet,25165.0,27225.611700246685
test,3,3,2024-09-01,2024-12-01,2066,prophet,31982.0,27228.69954887856
test,3,1,2024-09-01,2024-10-01,2078,prophet,18073.0,17242.154979394403
test,3,2,2024-09-01,2024-11-01,2078,prophet,19518.0,18658.44705642418
test,3,3,2024-09-01,2024-12-01,2078,prophet,20342.0,18949.8817332726
test,3,1,2024-09-01,2024-10-01,2079,prophet,26439.0,22235.11502711044
test,3,2,2024-09-01,2024-11-01,2079,prophet,23111.0,24815.770850021585
test,3,3,2024-09-01,2024-12-01,2079,prophet,25613.0,24672.55933184296
test,3,1,2024-09-01,2024-10-01,2093,prophet,21742.0,21500.405453204454
test,3,2,2024-09-01,2024-11-01,2093,prophet,21839.0,23706.219680210223
test,3,3,2024-09-01,2024-12-01,2093,prophet,25859.0,24282.87358218666
test,3,1,2024-09-01,2024-10-01,2125,prophet,22571.0,22454.996502425733
test,3,2,2024-09-01,2024-11-01,2125,prophet,23957.0,24775.901181214977
test,3,3,2024-09-01,2024-12-01,2125,prophet,27391.0,25427.068642479244
test,3,1,2024-09-01,2024-10-01,2127,prophet,24270.0,23323.47439657999
test,3,2,2024-09-01,2024-11-01,2127,prophet,24629.0,26267.269293011108
test,3,3,2024-09-01,2024-12-01,2127,prophet,31422.0,27308.87241889435
test,3,1,2024-09-01,2024-10-01,2139,prophet,24117.0,23125.50784824157
test,3,2,2024-09-01,2024-11-01,2139,prophet,24305.0,25117.85883419741
test,3,3,2024-09-01,2024-12-01,2139,prophet,28556.0,25807.96025534541
test,3,1,2024-09-01,2024-10-01,2217,prophet,45426.0,45219.67949149145
test,3,2,2024-09-01,2024-11-01,2217,prophet,44997.0,48957.19871852655
test,3,3,2024-09-01,2024-12-01,2217,prophet,52897.0,49291.749196893485
test,3,1,2024-09-01,2024-10-01,2235,prophet,35511.0,34410.56159866629
test,3,2,2024-09-01,2024-11-01,2235,prophet,35222.0,37004.78612685477
test,3,3,2024-09-01,2024-12-01,2235,prophet,42570.0,37384.637283199125
test,3,1,2024-09-01,2024-10-01,2245,prophet,45215.0,43841.95056976895
test,3,2,2024-09-01,2024-11-01,2245,prophet,43221.0,45936.41971488247
test,3,3,2024-09-01,2024-12-01,2245,prophet,50092.0,46176.58129231429
test,3,1,2024-09-01,2024-10-01,2278,prophet,27013.0,25933.161371351867
test,3,2,2024-09-01,2024-11-01,2278,prophet,27542.0,27892.082345327104
test,3,3,2024-09-01,2024-12-01,2278,prophet,32665.0,28408.70034119383
test,3,1,2024-09-01,2024-10-01,2310,prophet,26844.0,26582.7407772727
test,3,2,2024-09-01,2024-11-01,2310,prophet,27662.0,28523.54945474466
test,3,3,2024-09-01,2024-12-01,2310,prophet,32642.0,28544.89994557321
test,3,1,2024-09-01,2024-10-01,2373,prophet,54910.0,54731.11869552208
test,3,2,2024-09-01,2024-11-01,2373,prophet,55619.0,59236.86925249641
test,3,3,2024-09-01,2024-12-01,2373,prophet,64055.0,59609.12208766671
test,3,1,2024-09-01,2024-10-01,2395,prophet,40531.0,39717.73507194205
test,3,2,2024-09-01,2024-11-01,2395,prophet,40208.0,42306.25558959683
test,3,3,2024-09-01,2024-12-01,2395,prophet,45845.0,42136.751854460046
test,3,1,2024-09-01,2024-10-01,2453,prophet,45769.0,46037.39673538023
test,3,2,2024-09-01,2024-11-01,2453,prophet,46785.0,49789.9136432196
test,3,3,2024-09-01,2024-12-01,2453,prophet,53303.0,49864.1033193343
test,3,1,2024-09-01,2024-10-01,2478,prophet,48564.0,48028.17259110602
test,3,2,2024-09-01,2024-11-01,2478,prophet,49192.0,51929.23776398783
test,3,3,2024-09-01,2024-12-01,2478,prophet,56664.0,51649.7300106318
test,3,1,2024-09-01,2024-10-01,2538,prophet,56442.0,56341.84206652152
test,3,2,2024-09-01,2024-11-01,2538,prophet,57137.0,60842.046583732204
test,3,3,2024-09-01,2024-12-01,2538,prophet,65676.0,60747.28443798618
test,3,1,2024-09-01,2024-10-01,2562,prophet,53551.0,53084.57261050653
test,3,2,2024-09-01,2024-11-01,2562,prophet,54147.0,57519.19157264673
test,3,3,2024-09-01,2024-12-01,2562,prophet,63627.0,57417.09421185266
test,3,1,2024-09-01,2024-10-01,2573,prophet,58402.0,59161.45918698097
test,3,2,2024-09-01,2024-11-01,2573,prophet,59183.0,64462.08611140709
test,3,3,2024-09-01,2024-12-01,2573,prophet,68936.0,64134.39500158625
validation,1,1,2024-03-01,2024-04-01,188,chronos,22226.0,20805.916015625
validation,1,1,2024-03-01,2024-04-01,235,chronos,24228.0,21889.51171875
validation,1,1,2024-03-01,2024-04-01,269,chronos,29328.0,28496.45703125
validation,1,1,2024-03-01,2024-04-01,305,chronos,20117.0,19255.58203125
validation,1,1,2024-03-01,2024-04-01,312,chronos,43646.0,41482.7265625
validation,1,1,2024-03-01,2024-04-01,322,chronos,40234.0,39696.33984375
validation,1,1,2024-03-01,2024-04-01,324,chronos,32085.0,30639.580078125
validation,1,1,2024-03-01,2024-04-01,397,chronos,25967.0,25331.318359375
validation,1,1,2024-03-01,2024-04-01,486,chronos,20096.0,18351.10546875
validation,1,1,2024-03-01,2024-04-01,506,chronos,31774.0,30843.470703125
validation,1,1,2024-03-01,2024-04-01,541,chronos,20694.0,18857.361328125
validation,1,1,2024-03-01,2024-04-01,571,chronos,20861.0,19764.75390625
validation,1,1,2024-03-01,2024-04-01,581,chronos,33225.0,31425.44140625
validation,1,1,2024-03-01,2024-04-01,694,chronos,29723.0,29103.587890625
validation,1,1,2024-03-01,2024-04-01,811,chronos,26418.0,26513.2109375
validation,1,1,2024-03-01,2024-04-01,1053,chronos,25638.0,23709.919921875
validation,1,1,2024-03-01,2024-04-01,1110,chronos,29895.0,28911.126953125
validation,1,1,2024-03-01,2024-04-01,1112,chronos,27051.0,25734.322265625
validation,1,1,2024-03-01,2024-04-01,1120,chronos,23367.0,22247.001953125
validation,1,1,2024-03-01,2024-04-01,1184,chronos,29511.0,29261.77734375
validation,1,1,2024-03-01,2024-04-01,1238,chronos,31838.0,30996.873046875
validation,1,1,2024-03-01,2024-04-01,1254,chronos,24684.0,22547.89453125
validation,1,1,2024-03-01,2024-04-01,1276,chronos,19550.0,18701.17578125
validation,1,1,2024-03-01,2024-04-01,1286,chronos,22405.0,20443.115234375
validation,1,1,2024-03-01,2024-04-01,1289,chronos,19838.0,18887.783203125
validation,1,1,2024-03-01,2024-04-01,1292,chronos,21121.0,19857.224609375
validation,1,1,2024-03-01,2024-04-01,1338,chronos,21885.0,21242.900390625
validation,1,1,2024-03-01,2024-04-01,1426,chronos,25037.0,24222.169921875
validation,1,1,2024-03-01,2024-04-01,1443,chronos,45445.0,44231.171875
validation,1,1,2024-03-01,2024-04-01,1461,chronos,45793.0,44462.421875
validation,1,1,2024-03-01,2024-04-01,1494,chronos,28334.0,27062.09375
validation,1,1,2024-03-01,2024-04-01,1555,chronos,25312.0,24997.150390625
validation,1,1,2024-03-01,2024-04-01,1573,chronos,23522.0,22004.875
validation,1,1,2024-03-01,2024-04-01,1577,chronos,30660.0,29326.26171875
validation,1,1,2024-03-01,2024-04-01,1746,chronos,19401.0,18006.232421875
validation,1,1,2024-03-01,2024-04-01,1763,chronos,17598.0,17221.080078125
validation,1,1,2024-03-01,2024-04-01,1770,chronos,25709.0,25097.6015625
validation,1,1,2024-03-01,2024-04-01,1909,chronos,21938.0,20470.890625
validation,1,1,2024-03-01,2024-04-01,1923,chronos,18177.0,17154.068359375
validation,1,1,2024-03-01,2024-04-01,1930,chronos,22478.0,20916.140625
validation,1,1,2024-03-01,2024-04-01,1956,chronos,31386.0,31618.345703125
validation,1,1,2024-03-01,2024-04-01,1970,chronos,53669.0,49996.13671875
validation,1,1,2024-03-01,2024-04-01,2006,chronos,34605.0,33913.015625
validation,1,1,2024-03-01,2024-04-01,2061,chronos,21990.0,20935.822265625
validation,1,1,2024-03-01,2024-04-01,2062,chronos,27753.0,26162.123046875
validation,1,1,2024-03-01,2024-04-01,2066,chronos,23884.0,22295.921875
validation,1,1,2024-03-01,2024-04-01,2078,chronos,17606.0,16587.357421875
validation,1,1,2024-03-01,2024-04-01,2079,chronos,20555.0,20868.552734375
validation,1,1,2024-03-01,2024-04-01,2093,chronos,21147.0,21143.74609375
validation,1,1,2024-03-01,2024-04-01,2125,chronos,23133.0,20999.072265625
validation,1,1,2024-03-01,2024-04-01,2127,chronos,23895.0,20805.779296875
validation,1,1,2024-03-01,2024-04-01,2139,chronos,22789.0,22004.783203125
validation,1,1,2024-03-01,2024-04-01,2217,chronos,43686.0,42431.23828125
validation,1,1,2024-03-01,2024-04-01,2235,chronos,35755.0,33233.484375
validation,1,1,2024-03-01,2024-04-01,2245,chronos,43638.0,40938.7734375
validation,1,1,2024-03-01,2024-04-01,2278,chronos,25459.0,24339.595703125
validation,1,1,2024-03-01,2024-04-01,2310,chronos,25754.0,24804.712890625
validation,1,1,2024-03-01,2024-04-01,2373,chronos,52013.0,51070.96484375
validation,1,1,2024-03-01,2024-04-01,2395,chronos,37720.0,36433.71484375
validation,1,1,2024-03-01,2024-04-01,2453,chronos,44097.0,43209.84375
validation,1,1,2024-03-01,2024-04-01,2478,chronos,46123.0,44694.42578125
validation,1,1,2024-03-01,2024-04-01,2538,chronos,53264.0,51658.2890625
validation,1,1,2024-03-01,2024-04-01,2562,chronos,50320.0,48919.55859375
validation,1,1,2024-03-01,2024-04-01,2573,chronos,55599.0,54323.88671875
validation,1,1,2024-04-01,2024-05-01,188,chronos,21125.0,21079.537109375
validation,1,1,2024-04-01,2024-05-01,235,chronos,24589.0,22464.431640625
validation,1,1,2024-04-01,2024-05-01,269,chronos,29526.0,28318.791015625
validation,1,1,2024-04-01,2024-05-01,305,chronos,20441.0,19310.90234375
validation,1,1,2024-04-01,2024-05-01,312,chronos,44534.0,41170.25
validation,1,1,2024-04-01,2024-05-01,322,chronos,40374.0,37698.21875
validation,1,1,2024-04-01,2024-05-01,324,chronos,31090.0,30123.84765625
validation,1,1,2024-04-01,2024-05-01,397,chronos,26285.0,25179.763671875
validation,1,1,2024-04-01,2024-05-01,486,chronos,19826.0,18705.53515625
validation,1,1,2024-04-01,2024-05-01,506,chronos,32683.0,30529.1875
validation,1,1,2024-04-01,2024-05-01,541,chronos,20915.0,19221.80859375
validation,1,1,2024-04-01,2024-05-01,571,chronos,21819.0,19750.0
validation,1,1,2024-04-01,2024-05-01,581,chronos,34500.0,31506.94921875
validation,1,1,2024-04-01,2024-05-01,694,chronos,30206.0,28462.55859375
validation,1,1,2024-04-01,2024-05-01,811,chronos,26172.0,25720.748046875
validation,1,1,2024-04-01,2024-05-01,1053,chronos,25996.0,24350.728515625
validation,1,1,2024-04-01,2024-05-01,1110,chronos,31120.0,28352.775390625
validation,1,1,2024-04-01,2024-05-01,1112,chronos,27374.0,25858.146484375
validation,1,1,2024-04-01,2024-05-01,1120,chronos,24138.0,22196.85546875
validation,1,1,2024-04-01,2024-05-01,1184,chronos,28443.0,28984.59375
validation,1,1,2024-04-01,2024-05-01,1238,chronos,32641.0,30454.052734375
validation,1,1,2024-04-01,2024-05-01,1254,chronos,25462.0,22758.54296875
validation,1,1,2024-04-01,2024-05-01,1276,chronos,20337.0,18773.11328125
validation,1,1,2024-04-01,2024-05-01,1286,chronos,22892.0,21128.033203125
validation,1,1,2024-04-01,2024-05-01,1289,chronos,20317.0,18841.28515625
validation,1,1,2024-04-01,2024-05-01,1292,chronos,21509.0,19884.345703125
validation,1,1,2024-04-01,2024-05-01,1338,chronos,22431.0,20958.880859375
validation,1,1,2024-04-01,2024-05-01,1426,chronos,25114.0,24120.41015625
validation,1,1,2024-04-01,2024-05-01,1443,chronos,45673.0,43771.765625
validation,1,1,2024-04-01,2024-05-01,1461,chronos,46143.0,44038.27734375
validation,1,1,2024-04-01,2024-05-01,1494,chronos,29557.0,27066.1953125
validation,1,1,2024-04-01,2024-05-01,1555,chronos,25692.0,24657.890625
validation,1,1,2024-04-01,2024-05-01,1573,chronos,23278.0,22193.6328125
validation,1,1,2024-04-01,2024-05-01,1577,chronos,31530.0,29296.80859375
validation,1,1,2024-04-01,2024-05-01,1746,chronos,18612.0,18322.55859375
validation,1,1,2024-04-01,2024-05-01,1763,chronos,17798.0,16722.203125
validation,1,1,2024-04-01,2024-05-01,1770,chronos,27639.0,24662.0390625
validation,1,1,2024-04-01,2024-05-01,1909,chronos,21292.0,20872.171875
validation,1,1,2024-04-01,2024-05-01,1923,chronos,18606.0,17192.07421875
validation,1,1,2024-04-01,2024-05-01,1930,chronos,22825.0,21242.7578125
validation,1,1,2024-04-01,2024-05-01,1956,chronos,31625.0,31284.416015625
validation,1,1,2024-04-01,2024-05-01,1970,chronos,55061.0,50205.87109375
validation,1,1,2024-04-01,2024-05-01,2006,chronos,34140.0,33480.23828125
validation,1,1,2024-04-01,2024-05-01,2061,chronos,23782.0,20874.01953125
validation,1,1,2024-04-01,2024-05-01,2062,chronos,28145.0,26423.025390625
validation,1,1,2024-04-01,2024-05-01,2066,chronos,25122.0,22665.978515625
validation,1,1,2024-04-01,2024-05-01,2078,chronos,17520.0,16762.818359375
validation,1,1,2024-04-01,2024-05-01,2079,chronos,21273.0,20226.759765625
validation,1,1,2024-04-01,2024-05-01,2093,chronos,21899.0,20456.306640625
validation,1,1,2024-04-01,2024-05-01,2125,chronos,23180.0,21657.322265625
validation,1,1,2024-04-01,2024-05-01,2127,chronos,24397.0,21786.53125
validation,1,1,2024-04-01,2024-05-01,2139,chronos,23798.0,21928.478515625
validation,1,1,2024-04-01,2024-05-01,2217,chronos,45880.0,41890.1015625
validation,1,1,2024-04-01,2024-05-01,2235,chronos,36563.0,33555.96484375
validation,1,1,2024-04-01,2024-05-01,2245,chronos,46647.0,41216.45703125
validation,1,1,2024-04-01,2024-05-01,2278,chronos,26664.0,24298.966796875
validation,1,1,2024-04-01,2024-05-01,2310,chronos,26232.0,24666.685546875
validation,1,1,2024-04-01,2024-05-01,2373,chronos,53297.0,50196.2265625
validation,1,1,2024-04-01,2024-05-01,2395,chronos,39317.0,36096.59375
validation,1,1,2024-04-01,2024-05-01,2453,chronos,45293.0,42506.63671875
validation,1,1,2024-04-01,2024-05-01,2478,chronos,46479.0,44567.78125
validation,1,1,2024-04-01,2024-05-01,2538,chronos,53871.0,51165.58203125
validation,1,1,2024-04-01,2024-05-01,2562,chronos,50154.0,48469.03125
validation,1,1,2024-04-01,2024-05-01,2573,chronos,55204.0,53704.73828125
validation,1,1,2024-05-01,2024-06-01,188,chronos,21647.0,20709.3671875
validation,1,1,2024-05-01,2024-06-01,235,chronos,23926.0,23465.373046875
validation,1,1,2024-05-01,2024-06-01,269,chronos,29697.0,28628.01171875
validation,1,1,2024-05-01,2024-06-01,305,chronos,20687.0,19646.4375
validation,1,1,2024-05-01,2024-06-01,312,chronos,48627.0,42374.32421875
validation,1,1,2024-05-01,2024-06-01,322,chronos,51459.0,38502.13671875
validation,1,1,2024-05-01,2024-06-01,324,chronos,37055.0,30281.48046875
validation,1,1,2024-05-01,2024-06-01,397,chronos,27061.0,25457.8125
validation,1,1,2024-05-01,2024-06-01,486,chronos,20063.0,18989.744140625
validation,1,1,2024-05-01,2024-06-01,506,chronos,32755.0,31210.0
validation,1,1,2024-05-01,2024-06-01,541,chronos,22627.0,19805.681640625
validation,1,1,2024-05-01,2024-06-01,571,chronos,23012.0,20501.17578125
validation,1,1,2024-05-01,2024-06-01,581,chronos,35125.0,32163.623046875
validation,1,1,2024-05-01,2024-06-01,694,chronos,31174.0,28713.73828125
validation,1,1,2024-05-01,2024-06-01,811,chronos,27240.0,25640.2421875
validation,1,1,2024-05-01,2024-06-01,1053,chronos,25088.0,25004.275390625
validation,1,1,2024-05-01,2024-06-01,1110,chronos,31312.0,29556.654296875
validation,1,1,2024-05-01,2024-06-01,1112,chronos,27563.0,26251.384765625
validation,1,1,2024-05-01,2024-06-01,1120,chronos,24413.0,22923.8359375
validation,1,1,2024-05-01,2024-06-01,1184,chronos,29693.0,28422.8671875
validation,1,1,2024-05-01,2024-06-01,1238,chronos,34167.0,31177.4921875
validation,1,1,2024-05-01,2024-06-01,1254,chronos,26901.0,23665.666015625
validation,1,1,2024-05-01,2024-06-01,1276,chronos,19648.0,19260.3828125
validation,1,1,2024-05-01,2024-06-01,1286,chronos,22300.0,21765.5078125
validation,1,1,2024-05-01,2024-06-01,1289,chronos,20800.0,19398.0078125
validation,1,1,2024-05-01,2024-06-01,1292,chronos,21132.0,20414.921875
validation,1,1,2024-05-01,2024-06-01,1338,chronos,22926.0,21372.09375
validation,1,1,2024-05-01,2024-06-01,1426,chronos,24919.0,24384.75
validation,1,1,2024-05-01,2024-06-01,1443,chronos,45920.0,44288.94921875
validation,1,1,2024-05-01,2024-06-01,1461,chronos,46682.0,44641.52734375
validation,1,1,2024-05-01,2024-06-01,1494,chronos,29749.0,27804.23828125
validation,1,1,2024-05-01,2024-06-01,1555,chronos,26266.0,24966.5
validation,1,1,2024-05-01,2024-06-01,1573,chronos,25010.0,22446.59765625
validation,1,1,2024-05-01,2024-06-01,1577,chronos,30905.0,30055.9140625
validation,1,1,2024-05-01,2024-06-01,1746,chronos,18994.0,18230.11328125
validation,1,1,2024-05-01,2024-06-01,1770,chronos,27165.0,25563.65625
validation,1,1,2024-05-01,2024-06-01,1909,chronos,22169.0,20677.208984375
validation,1,1,2024-05-01,2024-06-01,1923,chronos,19628.0,17690.875
validation,1,1,2024-05-01,2024-06-01,1930,chronos,23584.0,21656.5078125
validation,1,1,2024-05-01,2024-06-01,1956,chronos,32622.0,31979.33203125
validation,1,1,2024-05-01,2024-06-01,1970,chronos,61009.0,53533.1484375
validation,1,1,2024-05-01,2024-06-01,2006,chronos,35610.0,33393.21875
validation,1,1,2024-05-01,2024-06-01,2061,chronos,22001.0,21718.298828125
validation,1,1,2024-05-01,2024-06-01,2062,chronos,28080.0,26931.587890625
validation,1,1,2024-05-01,2024-06-01,2066,chronos,25364.0,23417.119140625
validation,1,1,2024-05-01,2024-06-01,2078,chronos,18134.0,16861.728515625
validation,1,1,2024-05-01,2024-06-01,2079,chronos,21503.0,20428.708984375
validation,1,1,2024-05-01,2024-06-01,2093,chronos,21026.0,20942.79296875
validation,1,1,2024-05-01,2024-06-01,2125,chronos,23270.0,22069.033203125
validation,1,1,2024-05-01,2024-06-01,2127,chronos,24707.0,22571.451171875
validation,1,1,2024-05-01,2024-06-01,2139,chronos,24417.0,22499.7890625
validation,1,1,2024-05-01,2024-06-01,2217,chronos,47893.0,43603.87109375
validation,1,1,2024-05-01,2024-06-01,2235,chronos,37627.0,34510.38671875
validation,1,1,2024-05-01,2024-06-01,2245,chronos,49992.0,44353.625
validation,1,1,2024-05-01,2024-06-01,2278,chronos,26523.0,25064.98828125
validation,1,1,2024-05-01,2024-06-01,2310,chronos,26529.0,25077.923828125
validation,1,1,2024-05-01,2024-06-01,2373,chronos,53195.0,51386.60546875
validation,1,1,2024-05-01,2024-06-01,2395,chronos,38695.0,37167.36328125
validation,1,1,2024-05-01,2024-06-01,2453,chronos,44292.0,43710.328125
validation,1,1,2024-05-01,2024-06-01,2478,chronos,46919.0,45126.66796875
validation,1,1,2024-05-01,2024-06-01,2538,chronos,54677.0,52042.15625
validation,1,1,2024-05-01,2024-06-01,2562,chronos,51437.0,48726.7578125
validation,1,1,2024-05-01,2024-06-01,2573,chronos,55950.0,53878.3671875
validation,3,1,2024-03-01,2024-04-01,188,chronos,22226.0,20805.916015625
validation,3,2,2024-03-01,2024-05-01,188,chronos,21125.0,20391.755859375
validation,3,3,2024-03-01,2024-06-01,188,chronos,21647.0,20127.83203125
validation,3,1,2024-03-01,2024-04-01,235,chronos,24228.0,21889.51171875
validation,3,2,2024-03-01,2024-05-01,235,chronos,24589.0,21638.251953125
validation,3,3,2024-03-01,2024-06-01,235,chronos,23926.0,21644.404296875
validation,3,1,2024-03-01,2024-04-01,269,chronos,29328.0,28496.45703125
validation,3,2,2024-03-01,2024-05-01,269,chronos,29526.0,27989.166015625
validation,3,3,2024-03-01,2024-06-01,269,chronos,29697.0,27704.337890625
validation,3,1,2024-03-01,2024-04-01,305,chronos,20117.0,19255.58203125
validation,3,2,2024-03-01,2024-05-01,305,chronos,20441.0,18997.19921875
validation,3,3,2024-03-01,2024-06-01,305,chronos,20687.0,18922.33203125
validation,3,1,2024-03-01,2024-04-01,312,chronos,43646.0,41482.7265625
validation,3,2,2024-03-01,2024-05-01,312,chronos,44534.0,40629.5
validation,3,3,2024-03-01,2024-06-01,312,chronos,48627.0,40326.640625
validation,3,1,2024-03-01,2024-04-01,322,chronos,40234.0,39696.33984375
validation,3,2,2024-03-01,2024-05-01,322,chronos,40374.0,38503.62890625
validation,3,3,2024-03-01,2024-06-01,322,chronos,51459.0,38021.5703125
validation,3,1,2024-03-01,2024-04-01,324,chronos,32085.0,30639.580078125
validation,3,2,2024-03-01,2024-05-01,324,chronos,31090.0,30087.310546875
validation,3,3,2024-03-01,2024-06-01,324,chronos,37055.0,29938.17578125
validation,3,1,2024-03-01,2024-04-01,397,chronos,25967.0,25331.318359375
validation,3,2,2024-03-01,2024-05-01,397,chronos,26285.0,24879.486328125
validation,3,3,2024-03-01,2024-06-01,397,chronos,27061.0,24645.41015625
validation,3,1,2024-03-01,2024-04-01,486,chronos,20096.0,18351.10546875
validation,3,2,2024-03-01,2024-05-01,486,chronos,19826.0,18107.138671875
validation,3,3,2024-03-01,2024-06-01,486,chronos,20063.0,18013.935546875
validation,3,1,2024-03-01,2024-04-01,506,chronos,31774.0,30843.470703125
validation,3,2,2024-03-01,2024-05-01,506,chronos,32683.0,30350.57421875
validation,3,3,2024-03-01,2024-06-01,506,chronos,32755.0,30228.814453125
validation,3,1,2024-03-01,2024-04-01,541,chronos,20694.0,18857.361328125
validation,3,2,2024-03-01,2024-05-01,541,chronos,20915.0,18547.248046875
validation,3,3,2024-03-01,2024-06-01,541,chronos,22627.0,18500.00390625
validation,3,1,2024-03-01,2024-04-01,571,chronos,20861.0,19764.75390625
validation,3,2,2024-03-01,2024-05-01,571,chronos,21819.0,19499.978515625
validation,3,3,2024-03-01,2024-06-01,571,chronos,23012.0,19481.033203125
validation,3,1,2024-03-01,2024-04-01,581,chronos,33225.0,31425.44140625
validation,3,2,2024-03-01,2024-05-01,581,chronos,34500.0,31013.419921875
validation,3,3,2024-03-01,2024-06-01,581,chronos,35125.0,30885.650390625
validation,3,1,2024-03-01,2024-04-01,694,chronos,29723.0,29103.587890625
validation,3,2,2024-03-01,2024-05-01,694,chronos,30206.0,28610.28515625
validation,3,3,2024-03-01,2024-06-01,694,chronos,31174.0,28407.484375
validation,3,1,2024-03-01,2024-04-01,811,chronos,26418.0,26513.2109375
validation,3,2,2024-03-01,2024-05-01,811,chronos,26172.0,25967.0625
validation,3,3,2024-03-01,2024-06-01,811,chronos,27240.0,25703.48046875
validation,3,1,2024-03-01,2024-04-01,1053,chronos,25638.0,23709.919921875
validation,3,2,2024-03-01,2024-05-01,1053,chronos,25996.0,23483.123046875
validation,3,3,2024-03-01,2024-06-01,1053,chronos,25088.0,23472.068359375
validation,3,1,2024-03-01,2024-04-01,1110,chronos,29895.0,28911.126953125
validation,3,2,2024-03-01,2024-05-01,1110,chronos,31120.0,28225.099609375
validation,3,3,2024-03-01,2024-06-01,1110,chronos,31312.0,27980.3203125
validation,3,1,2024-03-01,2024-04-01,1112,chronos,27051.0,25734.322265625
validation,3,2,2024-03-01,2024-05-01,1112,chronos,27374.0,25237.626953125
validation,3,3,2024-03-01,2024-06-01,1112,chronos,27563.0,25018.48828125
validation,3,1,2024-03-01,2024-04-01,1120,chronos,23367.0,22247.001953125
validation,3,2,2024-03-01,2024-05-01,1120,chronos,24138.0,21825.310546875
validation,3,3,2024-03-01,2024-06-01,1120,chronos,24413.0,21627.94921875
validation,3,1,2024-03-01,2024-04-01,1184,chronos,29511.0,29261.77734375
validation,3,2,2024-03-01,2024-05-01,1184,chronos,28443.0,28924.955078125
validation,3,3,2024-03-01,2024-06-01,1184,chronos,29693.0,28769.8984375
validation,3,1,2024-03-01,2024-04-01,1238,chronos,31838.0,30996.873046875
validation,3,2,2024-03-01,2024-05-01,1238,chronos,32641.0,30364.396484375
validation,3,3,2024-03-01,2024-06-01,1238,chronos,34167.0,30146.685546875
validation,3,1,2024-03-01,2024-04-01,1254,chronos,24684.0,22547.89453125
validation,3,2,2024-03-01,2024-05-01,1254,chronos,25462.0,22128.658203125
validation,3,3,2024-03-01,2024-06-01,1254,chronos,26901.0,21919.869140625
validation,3,1,2024-03-01,2024-04-01,1276,chronos,19550.0,18701.17578125
validation,3,2,2024-03-01,2024-05-01,1276,chronos,20337.0,18543.080078125
validation,3,3,2024-03-01,2024-06-01,1276,chronos,19648.0,18565.95703125
validation,3,1,2024-03-01,2024-04-01,1286,chronos,22405.0,20443.115234375
validation,3,2,2024-03-01,2024-05-01,1286,chronos,22892.0,20213.9921875
validation,3,3,2024-03-01,2024-06-01,1286,chronos,22300.0,20173.859375
validation,3,1,2024-03-01,2024-04-01,1289,chronos,19838.0,18887.783203125
validation,3,2,2024-03-01,2024-05-01,1289,chronos,20317.0,18600.60546875
validation,3,3,2024-03-01,2024-06-01,1289,chronos,20800.0,18538.00390625
validation,3,1,2024-03-01,2024-04-01,1292,chronos,21121.0,19857.224609375
validation,3,2,2024-03-01,2024-05-01,1292,chronos,21509.0,19499.87890625
validation,3,3,2024-03-01,2024-06-01,1292,chronos,21132.0,19357.8984375
validation,3,1,2024-03-01,2024-04-01,1338,chronos,21885.0,21242.900390625
validation,3,2,2024-03-01,2024-05-01,1338,chronos,22431.0,20884.685546875
validation,3,3,2024-03-01,2024-06-01,1338,chronos,22926.0,20730.275390625
validation,3,1,2024-03-01,2024-04-01,1426,chronos,25037.0,24222.169921875
validation,3,2,2024-03-01,2024-05-01,1426,chronos,25114.0,23767.841796875
validation,3,3,2024-03-01,2024-06-01,1426,chronos,24919.0,23491.103515625
validation,3,1,2024-03-01,2024-04-01,1443,chronos,45445.0,44231.171875
validation,3,2,2024-03-01,2024-05-01,1443,chronos,45673.0,43366.01953125
validation,3,3,2024-03-01,2024-06-01,1443,chronos,45920.0,43055.2109375
validation,3,1,2024-03-01,2024-04-01,1461,chronos,45793.0,44462.421875
validation,3,2,2024-03-01,2024-05-01,1461,chronos,46143.0,43600.61328125
validation,3,3,2024-03-01,2024-06-01,1461,chronos,46682.0,43310.06640625
validation,3,1,2024-03-01,2024-04-01,1494,chronos,28334.0,27062.09375
validation,3,2,2024-03-01,2024-05-01,1494,chronos,29557.0,26723.546875
validation,3,3,2024-03-01,2024-06-01,1494,chronos,29749.0,26620.681640625
validation,3,1,2024-03-01,2024-04-01,1555,chronos,25312.0,24997.150390625
validation,3,2,2024-03-01,2024-05-01,1555,chronos,25692.0,24636.626953125
validation,3,3,2024-03-01,2024-06-01,1555,chronos,26266.0,24466.990234375
validation,3,1,2024-03-01,2024-04-01,1573,chronos,23522.0,22004.875
validation,3,2,2024-03-01,2024-05-01,1573,chronos,23278.0,21632.568359375
validation,3,3,2024-03-01,2024-06-01,1573,chronos,25010.0,21524.40625
validation,3,1,2024-03-01,2024-04-01,1577,chronos,30660.0,29326.26171875
validation,3,2,2024-03-01,2024-05-01,1577,chronos,31530.0,28802.482421875
validation,3,3,2024-03-01,2024-06-01,1577,chronos,30905.0,28573.392578125
validation,3,1,2024-03-01,2024-04-01,1746,chronos,19401.0,18006.232421875
validation,3,2,2024-03-01,2024-05-01,1746,chronos,18612.0,17767.43359375
validation,3,3,2024-03-01,2024-06-01,1746,chronos,18994.0,17713.91015625
validation,3,1,2024-03-01,2024-04-01,1763,chronos,17598.0,17221.080078125
validation,3,2,2024-03-01,2024-05-01,1763,chronos,17798.0,16955.1328125
validation,3,1,2024-03-01,2024-04-01,1770,chronos,25709.0,25097.6015625
validation,3,2,2024-03-01,2024-05-01,1770,chronos,27639.0,24682.654296875
validation,3,3,2024-03-01,2024-06-01,1770,chronos,27165.0,24459.62890625
validation,3,1,2024-03-01,2024-04-01,1909,chronos,21938.0,20470.890625
validation,3,2,2024-03-01,2024-05-01,1909,chronos,21292.0,20172.25390625
validation,3,3,2024-03-01,2024-06-01,1909,chronos,22169.0,20034.224609375
validation,3,1,2024-03-01,2024-04-01,1923,chronos,18177.0,17154.068359375
validation,3,2,2024-03-01,2024-05-01,1923,chronos,18606.0,17021.568359375
validation,3,3,2024-03-01,2024-06-01,1923,chronos,19628.0,17029.08203125
validation,3,1,2024-03-01,2024-04-01,1930,chronos,22478.0,20916.140625
validation,3,2,2024-03-01,2024-05-01,1930,chronos,22825.0,20575.818359375
validation,3,3,2024-03-01,2024-06-01,1930,chronos,23584.0,20427.53515625
validation,3,1,2024-03-01,2024-04-01,1956,chronos,31386.0,31618.345703125
validation,3,2,2024-03-01,2024-05-01,1956,chronos,31625.0,31511.5390625
validation,3,3,2024-03-01,2024-06-01,1956,chronos,32622.0,31781.80859375
validation,3,1,2024-03-01,2024-04-01,1970,chronos,53669.0,49996.13671875
validation,3,2,2024-03-01,2024-05-01,1970,chronos,55061.0,48754.91796875
validation,3,3,2024-03-01,2024-06-01,1970,chronos,61009.0,48520.359375
validation,3,1,2024-03-01,2024-04-01,2006,chronos,34605.0,33913.015625
validation,3,2,2024-03-01,2024-05-01,2006,chronos,34140.0,33277.7265625
validation,3,3,2024-03-01,2024-06-01,2006,chronos,35610.0,32972.9375
validation,3,1,2024-03-01,2024-04-01,2061,chronos,21990.0,20935.822265625
validation,3,2,2024-03-01,2024-05-01,2061,chronos,23782.0,20615.8828125
validation,3,3,2024-03-01,2024-06-01,2061,chronos,22001.0,20443.98046875
validation,3,1,2024-03-01,2024-04-01,2062,chronos,27753.0,26162.123046875
validation,3,2,2024-03-01,2024-05-01,2062,chronos,28145.0,25696.53125
validation,3,3,2024-03-01,2024-06-01,2062,chronos,28080.0,25467.8046875
validation,3,1,2024-03-01,2024-04-01,2066,chronos,23884.0,22295.921875
validation,3,2,2024-03-01,2024-05-01,2066,chronos,25122.0,22012.939453125
validation,3,3,2024-03-01,2024-06-01,2066,chronos,25364.0,21902.728515625
validation,3,1,2024-03-01,2024-04-01,2078,chronos,17606.0,16587.357421875
validation,3,2,2024-03-01,2024-05-01,2078,chronos,17520.0,16364.8232421875
validation,3,3,2024-03-01,2024-06-01,2078,chronos,18134.0,16279.5078125
validation,3,1,2024-03-01,2024-04-01,2079,chronos,20555.0,20868.552734375
validation,3,2,2024-03-01,2024-05-01,2079,chronos,21273.0,20473.64453125
validation,3,3,2024-03-01,2024-06-01,2079,chronos,21503.0,20305.47265625
validation,3,1,2024-03-01,2024-04-01,2093,chronos,21147.0,21143.74609375
validation,3,2,2024-03-01,2024-05-01,2093,chronos,21899.0,20713.330078125
validation,3,3,2024-03-01,2024-06-01,2093,chronos,21026.0,20448.98046875
validation,3,1,2024-03-01,2024-04-01,2125,chronos,23133.0,20999.072265625
validation,3,2,2024-03-01,2024-05-01,2125,chronos,23180.0,20651.552734375
validation,3,3,2024-03-01,2024-06-01,2125,chronos,23270.0,20506.103515625
validation,3,1,2024-03-01,2024-04-01,2127,chronos,23895.0,20805.779296875
validation,3,2,2024-03-01,2024-05-01,2127,chronos,24397.0,20518.810546875
validation,3,3,2024-03-01,2024-06-01,2127,chronos,24707.0,20445.8046875
validation,3,1,2024-03-01,2024-04-01,2139,chronos,22789.0,22004.783203125
validation,3,2,2024-03-01,2024-05-01,2139,chronos,23798.0,21679.439453125
validation,3,3,2024-03-01,2024-06-01,2139,chronos,24417.0,21521.251953125
validation,3,1,2024-03-01,2024-04-01,2217,chronos,43686.0,42431.23828125
validation,3,2,2024-03-01,2024-05-01,2217,chronos,45880.0,41681.5859375
validation,3,3,2024-03-01,2024-06-01,2217,chronos,47893.0,41374.9921875
validation,3,1,2024-03-01,2024-04-01,2235,chronos,35755.0,33233.484375
validation,3,2,2024-03-01,2024-05-01,2235,chronos,36563.0,32705.39453125
validation,3,3,2024-03-01,2024-06-01,2235,chronos,37627.0,32495.35546875
validation,3,1,2024-03-01,2024-04-01,2245,chronos,43638.0,40938.7734375
validation,3,2,2024-03-01,2024-05-01,2245,chronos,46647.0,40219.37109375
validation,3,3,2024-03-01,2024-06-01,2245,chronos,49992.0,39941.37109375
validation,3,1,2024-03-01,2024-04-01,2278,chronos,25459.0,24339.595703125
validation,3,2,2024-03-01,2024-05-01,2278,chronos,26664.0,23954.791015625
validation,3,3,2024-03-01,2024-06-01,2278,chronos,26523.0,23774.56640625
validation,3,1,2024-03-01,2024-04-01,2310,chronos,25754.0,24804.712890625
validation,3,2,2024-03-01,2024-05-01,2310,chronos,26232.0,24455.326171875
validation,3,3,2024-03-01,2024-06-01,2310,chronos,26529.0,24311.904296875
validation,3,1,2024-03-01,2024-04-01,2373,chronos,52013.0,51070.96484375
validation,3,2,2024-03-01,2024-05-01,2373,chronos,53297.0,50010.76953125
validation,3,3,2024-03-01,2024-06-01,2373,chronos,53195.0,49446.9453125
validation,3,1,2024-03-01,2024-04-01,2395,chronos,37720.0,36433.71484375
validation,3,2,2024-03-01,2024-05-01,2395,chronos,39317.0,35763.22265625
validation,3,3,2024-03-01,2024-06-01,2395,chronos,38695.0,35521.23046875
validation,3,1,2024-03-01,2024-04-01,2453,chronos,44097.0,43209.84375
validation,3,2,2024-03-01,2024-05-01,2453,chronos,45293.0,42402.3125
validation,3,3,2024-03-01,2024-06-01,2453,chronos,44292.0,42057.203125
validation,3,1,2024-03-01,2024-04-01,2478,chronos,46123.0,44694.42578125
validation,3,2,2024-03-01,2024-05-01,2478,chronos,46479.0,44022.13671875
validation,3,3,2024-03-01,2024-06-01,2478,chronos,46919.0,43753.20703125
validation,3,1,2024-03-01,2024-04-01,2538,chronos,53264.0,51658.2890625
validation,3,2,2024-03-01,2024-05-01,2538,chronos,53871.0,50653.265625
validation,3,3,2024-03-01,2024-06-01,2538,chronos,54677.0,50250.125
validation,3,1,2024-03-01,2024-04-01,2562,chronos,50320.0,48919.55859375
validation,3,2,2024-03-01,2024-05-01,2562,chronos,50154.0,47951.8203125
validation,3,3,2024-03-01,2024-06-01,2562,chronos,51437.0,47476.17578125
validation,3,1,2024-03-01,2024-04-01,2573,chronos,55599.0,54323.88671875
validation,3,2,2024-03-01,2024-05-01,2573,chronos,55204.0,53245.703125
validation,3,3,2024-03-01,2024-06-01,2573,chronos,55950.0,52857.29296875
validation,3,1,2024-04-01,2024-05-01,188,chronos,21125.0,21079.537109375
validation,3,2,2024-04-01,2024-06-01,188,chronos,21647.0,20864.328125
validation,3,3,2024-04-01,2024-07-01,188,chronos,23309.0,20729.474609375
validation,3,1,2024-04-01,2024-05-01,235,chronos,24589.0,22464.431640625
validation,3,2,2024-04-01,2024-06-01,235,chronos,23926.0,22420.001953125
validation,3,3,2024-04-01,2024-07-01,235,chronos,25712.0,22398.01953125
validation,3,1,2024-04-01,2024-05-01,269,chronos,29526.0,28318.791015625
validation,3,2,2024-04-01,2024-06-01,269,chronos,29697.0,28105.765625
validation,3,3,2024-04-01,2024-07-01,269,chronos,30619.0,27985.951171875
validation,3,1,2024-04-01,2024-05-01,305,chronos,20441.0,19310.90234375
validation,3,2,2024-04-01,2024-06-01,305,chronos,20687.0,19282.4375
validation,3,3,2024-04-01,2024-07-01,305,chronos,21329.0,19236.685546875
validation,3,1,2024-04-01,2024-05-01,312,chronos,44534.0,41170.25
validation,3,2,2024-04-01,2024-06-01,312,chronos,48627.0,40928.21875
validation,3,3,2024-04-01,2024-07-01,312,chronos,50055.0,40819.7578125
validation,3,1,2024-04-01,2024-05-01,322,chronos,40374.0,37698.21875
validation,3,2,2024-04-01,2024-06-01,322,chronos,51459.0,37644.19921875
validation,3,3,2024-04-01,2024-07-01,322,chronos,57728.0,37713.15625
validation,3,1,2024-04-01,2024-05-01,324,chronos,31090.0,30123.84765625
validation,3,2,2024-04-01,2024-06-01,324,chronos,37055.0,30180.33203125
validation,3,3,2024-04-01,2024-07-01,324,chronos,38431.0,30117.41015625
validation,3,1,2024-04-01,2024-05-01,397,chronos,26285.0,25179.763671875
validation,3,2,2024-04-01,2024-06-01,397,chronos,27061.0,25003.43359375
validation,3,3,2024-04-01,2024-07-01,397,chronos,27450.0,24925.470703125
validation,3,1,2024-04-01,2024-05-01,486,chronos,19826.0,18705.53515625
validation,3,2,2024-04-01,2024-06-01,486,chronos,20063.0,18570.5234375
validation,3,3,2024-04-01,2024-07-01,486,chronos,20250.0,18474.2578125
validation,3,1,2024-04-01,2024-05-01,506,chronos,32683.0,30529.1875
validation,3,2,2024-04-01,2024-06-01,506,chronos,32755.0,30457.78125
validation,3,3,2024-04-01,2024-07-01,506,chronos,33831.0,30467.06640625
validation,3,1,2024-04-01,2024-05-01,541,chronos,20915.0,19221.80859375
validation,3,2,2024-04-01,2024-06-01,541,chronos,22627.0,19150.1484375
validation,3,3,2024-04-01,2024-07-01,541,chronos,22715.0,19110.380859375
validation,3,1,2024-04-01,2024-05-01,571,chronos,21819.0,19750.0
validation,3,2,2024-04-01,2024-06-01,571,chronos,23012.0,19778.576171875
validation,3,3,2024-04-01,2024-07-01,571,chronos,22820.0,19782.31640625
validation,3,1,2024-04-01,2024-05-01,581,chronos,34500.0,31506.94921875
validation,3,2,2024-04-01,2024-06-01,581,chronos,35125.0,31485.609375
validation,3,3,2024-04-01,2024-07-01,581,chronos,36903.0,31395.86328125
validation,3,1,2024-04-01,2024-05-01,694,chronos,30206.0,28462.55859375
validation,3,2,2024-04-01,2024-06-01,694,chronos,31174.0,28411.875
validation,3,3,2024-04-01,2024-07-01,694,chronos,31085.0,28308.9296875
validation,3,1,2024-04-01,2024-05-01,811,chronos,26172.0,25720.748046875
validation,3,2,2024-04-01,2024-06-01,811,chronos,27240.0,25593.8828125
validation,3,3,2024-04-01,2024-07-01,811,chronos,28223.0,25577.455078125
validation,3,1,2024-04-01,2024-05-01,1053,chronos,25996.0,24350.728515625
validation,3,2,2024-04-01,2024-06-01,1053,chronos,25088.0,24276.302734375
validation,3,3,2024-04-01,2024-07-01,1053,chronos,24419.0,24223.837890625
validation,3,1,2024-04-01,2024-05-01,1110,chronos,31120.0,28352.775390625
validation,3,2,2024-04-01,2024-06-01,1110,chronos,31312.0,28213.353515625
validation,3,3,2024-04-01,2024-07-01,1110,chronos,31844.0,28229.154296875
validation,3,1,2024-04-01,2024-05-01,1112,chronos,27374.0,25858.146484375
validation,3,2,2024-04-01,2024-06-01,1112,chronos,27563.0,25683.765625
validation,3,3,2024-04-01,2024-07-01,1112,chronos,28238.0,25582.30078125
validation,3,1,2024-04-01,2024-05-01,1120,chronos,24138.0,22196.85546875
validation,3,2,2024-04-01,2024-06-01,1120,chronos,24413.0,22100.4140625
validation,3,3,2024-04-01,2024-07-01,1120,chronos,24532.0,22095.33984375
validation,3,1,2024-04-01,2024-05-01,1184,chronos,28443.0,28984.59375
validation,3,2,2024-04-01,2024-06-01,1184,chronos,29693.0,28960.08984375
validation,3,3,2024-04-01,2024-07-01,1184,chronos,31431.0,28829.0703125
validation,3,1,2024-04-01,2024-05-01,1238,chronos,32641.0,30454.052734375
validation,3,2,2024-04-01,2024-06-01,1238,chronos,34167.0,30310.681640625
validation,3,3,2024-04-01,2024-07-01,1238,chronos,35158.0,30331.40234375
validation,3,1,2024-04-01,2024-05-01,1254,chronos,25462.0,22758.54296875
validation,3,2,2024-04-01,2024-06-01,1254,chronos,26901.0,22577.373046875
validation,3,3,2024-04-01,2024-07-01,1254,chronos,28204.0,22500.40625
validation,3,1,2024-04-01,2024-05-01,1276,chronos,20337.0,18773.11328125
validation,3,2,2024-04-01,2024-06-01,1276,chronos,19648.0,18828.53125
validation,3,3,2024-04-01,2024-07-01,1276,chronos,19632.0,18820.79296875
validation,3,1,2024-04-01,2024-05-01,1286,chronos,22892.0,21128.033203125
validation,3,2,2024-04-01,2024-06-01,1286,chronos,22300.0,21053.787109375
validation,3,3,2024-04-01,2024-07-01,1286,chronos,23099.0,20932.283203125
validation,3,1,2024-04-01,2024-05-01,1289,chronos,20317.0,18841.28515625
validation,3,2,2024-04-01,2024-06-01,1289,chronos,20800.0,18844.751953125
validation,3,3,2024-04-01,2024-07-01,1289,chronos,21769.0,18854.728515625
validation,3,1,2024-04-01,2024-05-01,1292,chronos,21509.0,19884.345703125
validation,3,2,2024-04-01,2024-06-01,1292,chronos,21132.0,19826.84765625
validation,3,3,2024-04-01,2024-07-01,1292,chronos,21859.0,19785.744140625
validation,3,1,2024-04-01,2024-05-01,1338,chronos,22431.0,20958.880859375
validation,3,2,2024-04-01,2024-06-01,1338,chronos,22926.0,20934.26953125
validation,3,3,2024-04-01,2024-07-01,1338,chronos,22342.0,20922.28125
validation,3,1,2024-04-01,2024-05-01,1426,chronos,25114.0,24120.41015625
validation,3,2,2024-04-01,2024-06-01,1426,chronos,24919.0,23969.189453125
validation,3,3,2024-04-01,2024-07-01,1426,chronos,25212.0,23864.05078125
validation,3,1,2024-04-01,2024-05-01,1443,chronos,45673.0,43771.765625
validation,3,2,2024-04-01,2024-06-01,1443,chronos,45920.0,43535.1875
validation,3,3,2024-04-01,2024-07-01,1443,chronos,47223.0,43561.140625
validation,3,1,2024-04-01,2024-05-01,1461,chronos,46143.0,44038.27734375
validation,3,2,2024-04-01,2024-06-01,1461,chronos,46682.0,43823.41796875
validation,3,3,2024-04-01,2024-07-01,1461,chronos,47573.0,43848.375
validation,3,1,2024-04-01,2024-05-01,1494,chronos,29557.0,27066.1953125
validation,3,2,2024-04-01,2024-06-01,1494,chronos,29749.0,27050.41796875
validation,3,3,2024-04-01,2024-07-01,1494,chronos,30682.0,27015.296875
validation,3,1,2024-04-01,2024-05-01,1555,chronos,25692.0,24657.890625
validation,3,2,2024-04-01,2024-06-01,1555,chronos,26266.0,24564.091796875
validation,3,3,2024-04-01,2024-07-01,1555,chronos,27268.0,24496.140625
validation,3,1,2024-04-01,2024-05-01,1573,chronos,23278.0,22193.6328125
validation,3,2,2024-04-01,2024-06-01,1573,chronos,25010.0,22139.166015625
validation,3,3,2024-04-01,2024-07-01,1573,chronos,26491.0,22054.45703125
validation,3,1,2024-04-01,2024-05-01,1577,chronos,31530.0,29296.80859375
validation,3,2,2024-04-01,2024-06-01,1577,chronos,30905.0,29101.0078125
validation,3,3,2024-04-01,2024-07-01,1577,chronos,31657.0,29054.6640625
validation,3,1,2024-04-01,2024-05-01,1746,chronos,18612.0,18322.55859375
validation,3,2,2024-04-01,2024-06-01,1746,chronos,18994.0,18275.171875
validation,3,3,2024-04-01,2024-07-01,1746,chronos,18405.0,18200.5390625
validation,3,1,2024-04-01,2024-05-01,1763,chronos,17798.0,16722.203125
validation,3,1,2024-04-01,2024-05-01,1770,chronos,27639.0,24662.0390625
validation,3,2,2024-04-01,2024-06-01,1770,chronos,27165.0,24547.994140625
validation,3,3,2024-04-01,2024-07-01,1770,chronos,27155.0,24499.056640625
validation,3,1,2024-04-01,2024-05-01,1909,chronos,21292.0,20872.171875
validation,3,2,2024-04-01,2024-06-01,1909,chronos,22169.0,20732.1328125
validation,3,3,2024-04-01,2024-07-01,1909,chronos,22946.0,20658.927734375
validation,3,1,2024-04-01,2024-05-01,1923,chronos,18606.0,17192.07421875
validation,3,2,2024-04-01,2024-06-01,1923,chronos,19628.0,17151.447265625
validation,3,3,2024-04-01,2024-07-01,1923,chronos,17721.0,17193.111328125
validation,3,1,2024-04-01,2024-05-01,1930,chronos,22825.0,21242.7578125
validation,3,2,2024-04-01,2024-06-01,1930,chronos,23584.0,21073.654296875
validation,3,3,2024-04-01,2024-07-01,1930,chronos,23866.0,20957.693359375
validation,3,1,2024-04-01,2024-05-01,1956,chronos,31625.0,31284.416015625
validation,3,2,2024-04-01,2024-06-01,1956,chronos,32622.0,31597.57421875
validation,3,3,2024-04-01,2024-07-01,1956,chronos,31096.0,31892.998046875
validation,3,1,2024-04-01,2024-05-01,1970,chronos,55061.0,50205.87109375
validation,3,2,2024-04-01,2024-06-01,1970,chronos,61009.0,49603.84765625
validation,3,3,2024-04-01,2024-07-01,1970,chronos,65354.0,49774.859375
validation,3,1,2024-04-01,2024-05-01,2006,chronos,34140.0,33480.23828125
validation,3,2,2024-04-01,2024-06-01,2006,chronos,35610.0,33296.2421875
validation,3,3,2024-04-01,2024-07-01,2006,chronos,35747.0,33232.79296875
validation,3,1,2024-04-01,2024-05-01,2061,chronos,23782.0,20874.01953125
validation,3,2,2024-04-01,2024-06-01,2061,chronos,22001.0,20782.271484375
validation,3,3,2024-04-01,2024-07-01,2061,chronos,22442.0,20735.962890625
validation,3,1,2024-04-01,2024-05-01,2062,chronos,28145.0,26423.025390625
validation,3,2,2024-04-01,2024-06-01,2062,chronos,28080.0,26242.060546875
validation,3,3,2024-04-01,2024-07-01,2062,chronos,29163.0,26096.458984375
validation,3,1,2024-04-01,2024-05-01,2066,chronos,25122.0,22665.978515625
validation,3,2,2024-04-01,2024-06-01,2066,chronos,25364.0,22572.201171875
validation,3,3,2024-04-01,2024-07-01,2066,chronos,26625.0,22457.27734375
validation,3,1,2024-04-01,2024-05-01,2078,chronos,17520.0,16762.818359375
validation,3,2,2024-04-01,2024-06-01,2078,chronos,18134.0,16728.25
validation,3,3,2024-04-01,2024-07-01,2078,chronos,19996.0,16657.0390625
validation,3,1,2024-04-01,2024-05-01,2079,chronos,21273.0,20226.759765625
validation,3,2,2024-04-01,2024-06-01,2079,chronos,21503.0,20192.302734375
validation,3,3,2024-04-01,2024-07-01,2079,chronos,22081.0,20162.94921875
validation,3,1,2024-04-01,2024-05-01,2093,chronos,21899.0,20456.306640625
validation,3,2,2024-04-01,2024-06-01,2093,chronos,21026.0,20349.41796875
validation,3,3,2024-04-01,2024-07-01,2093,chronos,21927.0,20211.259765625
validation,3,1,2024-04-01,2024-05-01,2125,chronos,23180.0,21657.322265625
validation,3,2,2024-04-01,2024-06-01,2125,chronos,23270.0,21488.560546875
validation,3,3,2024-04-01,2024-07-01,2125,chronos,24752.0,21381.185546875
validation,3,1,2024-04-01,2024-05-01,2127,chronos,24397.0,21786.53125
validation,3,2,2024-04-01,2024-06-01,2127,chronos,24707.0,21624.263671875
validation,3,3,2024-04-01,2024-07-01,2127,chronos,25547.0,21443.515625
validation,3,1,2024-04-01,2024-05-01,2139,chronos,23798.0,21928.478515625
validation,3,2,2024-04-01,2024-06-01,2139,chronos,24417.0,21867.35546875
validation,3,3,2024-04-01,2024-07-01,2139,chronos,24975.0,21841.962890625
validation,3,1,2024-04-01,2024-05-01,2217,chronos,45880.0,41890.1015625
validation,3,2,2024-04-01,2024-06-01,2217,chronos,47893.0,41630.06640625
validation,3,3,2024-04-01,2024-07-01,2217,chronos,49368.0,41735.8828125
validation,3,1,2024-04-01,2024-05-01,2235,chronos,36563.0,33555.96484375
validation,3,2,2024-04-01,2024-06-01,2235,chronos,37627.0,33372.73828125
validation,3,3,2024-04-01,2024-07-01,2235,chronos,37565.0,33281.66015625
validation,3,1,2024-04-01,2024-05-01,2245,chronos,46647.0,41216.45703125
validation,3,2,2024-04-01,2024-06-01,2245,chronos,49992.0,40905.73828125
validation,3,3,2024-04-01,2024-07-01,2245,chronos,52523.0,40816.91796875
validation,3,1,2024-04-01,2024-05-01,2278,chronos,26664.0,24298.966796875
validation,3,2,2024-04-01,2024-06-01,2278,chronos,26523.0,24228.10546875
validation,3,3,2024-04-01,2024-07-01,2278,chronos,26621.0,24179.591796875
validation,3,1,2024-04-01,2024-05-01,2310,chronos,26232.0,24666.685546875
validation,3,2,2024-04-01,2024-06-01,2310,chronos,26529.0,24605.94921875
validation,3,3,2024-04-01,2024-07-01,2310,chronos,26912.0,24569.005859375
validation,3,1,2024-04-01,2024-05-01,2373,chronos,53297.0,50196.2265625
validation,3,2,2024-04-01,2024-06-01,2373,chronos,53195.0,49791.703125
validation,3,3,2024-04-01,2024-07-01,2373,chronos,53847.0,49699.63671875
validation,3,1,2024-04-01,2024-05-01,2395,chronos,39317.0,36096.59375
validation,3,2,2024-04-01,2024-06-01,2395,chronos,38695.0,35881.7578125
validation,3,3,2024-04-01,2024-07-01,2395,chronos,38546.0,35941.3203125
validation,3,1,2024-04-01,2024-05-01,2453,chronos,45293.0,42506.63671875
validation,3,2,2024-04-01,2024-06-01,2453,chronos,44292.0,42242.88671875
validation,3,3,2024-04-01,2024-07-01,2453,chronos,44684.0,42298.77734375
validation,3,1,2024-04-01,2024-05-01,2478,chronos,46479.0,44567.78125
validation,3,2,2024-04-01,2024-06-01,2478,chronos,46919.0,44384.28125
validation,3,3,2024-04-01,2024-07-01,2478,chronos,47512.0,44285.2421875
validation,3,1,2024-04-01,2024-05-01,2538,chronos,53871.0,51165.58203125
validation,3,2,2024-04-01,2024-06-01,2538,chronos,54677.0,50820.8671875
validation,3,3,2024-04-01,2024-07-01,2538,chronos,55583.0,50825.09765625
validation,3,1,2024-04-01,2024-05-01,2562,chronos,50154.0,48469.03125
validation,3,2,2024-04-01,2024-06-01,2562,chronos,51437.0,48128.921875
validation,3,3,2024-04-01,2024-07-01,2562,chronos,53037.0,48026.51171875
validation,3,1,2024-04-01,2024-05-01,2573,chronos,55204.0,53704.73828125
validation,3,2,2024-04-01,2024-06-01,2573,chronos,55950.0,53440.453125
validation,3,3,2024-04-01,2024-07-01,2573,chronos,57826.0,53482.98828125
validation,3,1,2024-05-01,2024-06-01,188,chronos,21647.0,20709.3671875
validation,3,2,2024-05-01,2024-07-01,188,chronos,23309.0,20308.27734375
validation,3,3,2024-05-01,2024-08-01,188,chronos,25902.0,19940.28125
validation,3,1,2024-05-01,2024-06-01,235,chronos,23926.0,23465.373046875
validation,3,2,2024-05-01,2024-07-01,235,chronos,25712.0,23181.201171875
validation,3,3,2024-05-01,2024-08-01,235,chronos,26241.0,22878.462890625
validation,3,1,2024-05-01,2024-06-01,269,chronos,29697.0,28628.01171875
validation,3,2,2024-05-01,2024-07-01,269,chronos,30619.0,28278.337890625
validation,3,3,2024-05-01,2024-08-01,269,chronos,31042.0,27891.9609375
validation,3,1,2024-05-01,2024-06-01,305,chronos,20687.0,19646.4375
validation,3,2,2024-05-01,2024-07-01,305,chronos,21329.0,19438.708984375
validation,3,3,2024-05-01,2024-08-01,305,chronos,21503.0,19195.439453125
validation,3,1,2024-05-01,2024-06-01,312,chronos,48627.0,42374.32421875
validation,3,2,2024-05-01,2024-07-01,312,chronos,50055.0,41735.44140625
validation,3,3,2024-05-01,2024-08-01,312,chronos,50515.0,41015.61328125
validation,3,1,2024-05-01,2024-06-01,322,chronos,51459.0,38502.13671875
validation,3,2,2024-05-01,2024-07-01,322,chronos,57728.0,38089.2890625
validation,3,1,2024-05-01,2024-06-01,324,chronos,37055.0,30281.48046875
validation,3,2,2024-05-01,2024-07-01,324,chronos,38431.0,30005.837890625
validation,3,3,2024-05-01,2024-08-01,324,chronos,37755.0,29705.603515625
validation,3,1,2024-05-01,2024-06-01,397,chronos,27061.0,25457.8125
validation,3,2,2024-05-01,2024-07-01,397,chronos,27450.0,25120.6953125
validation,3,3,2024-05-01,2024-08-01,397,chronos,27899.0,24749.8828125
validation,3,1,2024-05-01,2024-06-01,486,chronos,20063.0,18989.744140625
validation,3,2,2024-05-01,2024-07-01,486,chronos,20250.0,18851.45703125
validation,3,3,2024-05-01,2024-08-01,486,chronos,20625.0,18677.12890625
validation,3,1,2024-05-01,2024-06-01,506,chronos,32755.0,31210.0
validation,3,2,2024-05-01,2024-07-01,506,chronos,33831.0,30833.994140625
validation,3,3,2024-05-01,2024-08-01,506,chronos,34705.0,30394.462890625
validation,3,1,2024-05-01,2024-06-01,541,chronos,22627.0,19805.681640625
validation,3,2,2024-05-01,2024-07-01,541,chronos,22715.0,19549.482421875
validation,3,3,2024-05-01,2024-08-01,541,chronos,23169.0,19263.5390625
validation,3,1,2024-05-01,2024-06-01,571,chronos,23012.0,20501.17578125
validation,3,2,2024-05-01,2024-07-01,571,chronos,22820.0,20311.2578125
validation,3,3,2024-05-01,2024-08-01,571,chronos,23554.0,20095.080078125
validation,3,1,2024-05-01,2024-06-01,581,chronos,35125.0,32163.623046875
validation,3,2,2024-05-01,2024-07-01,581,chronos,36903.0,31870.982421875
validation,3,3,2024-05-01,2024-08-01,581,chronos,37031.0,31545.87890625
validation,3,1,2024-05-01,2024-06-01,694,chronos,31174.0,28713.73828125
validation,3,2,2024-05-01,2024-07-01,694,chronos,31085.0,28477.22265625
validation,3,3,2024-05-01,2024-08-01,694,chronos,30522.0,28102.466796875
validation,3,1,2024-05-01,2024-06-01,811,chronos,27240.0,25640.2421875
validation,3,2,2024-05-01,2024-07-01,811,chronos,28223.0,25215.025390625
validation,3,3,2024-05-01,2024-08-01,811,chronos,29342.0,24753.421875
validation,3,1,2024-05-01,2024-06-01,1053,chronos,25088.0,25004.275390625
validation,3,2,2024-05-01,2024-07-01,1053,chronos,24419.0,24736.146484375
validation,3,3,2024-05-01,2024-08-01,1053,chronos,24705.0,24461.146484375
validation,3,1,2024-05-01,2024-06-01,1110,chronos,31312.0,29556.654296875
validation,3,2,2024-05-01,2024-07-01,1110,chronos,31844.0,29117.4609375
validation,3,3,2024-05-01,2024-08-01,1110,chronos,32398.0,28630.193359375
validation,3,1,2024-05-01,2024-06-01,1112,chronos,27563.0,26251.384765625
validation,3,2,2024-05-01,2024-07-01,1112,chronos,28238.0,25929.490234375
validation,3,3,2024-05-01,2024-08-01,1112,chronos,28399.0,25583.66015625
validation,3,1,2024-05-01,2024-06-01,1120,chronos,24413.0,22923.8359375
validation,3,2,2024-05-01,2024-07-01,1120,chronos,24532.0,22666.814453125
validation,3,3,2024-05-01,2024-08-01,1120,chronos,23802.0,22381.158203125
validation,3,1,2024-05-01,2024-06-01,1184,chronos,29693.0,28422.8671875
validation,3,2,2024-05-01,2024-07-01,1184,chronos,31431.0,28107.42578125
validation,3,3,2024-05-01,2024-08-01,1184,chronos,32481.0,27799.880859375
validation,3,1,2024-05-01,2024-06-01,1238,chronos,34167.0,31177.4921875
validation,3,2,2024-05-01,2024-07-01,1238,chronos,35158.0,30739.78125
validation,3,3,2024-05-01,2024-08-01,1238,chronos,35402.0,30260.498046875
validation,3,1,2024-05-01,2024-06-01,1254,chronos,26901.0,23665.666015625
validation,3,2,2024-05-01,2024-07-01,1254,chronos,28204.0,23348.32421875
validation,3,3,2024-05-01,2024-08-01,1254,chronos,28330.0,22977.763671875
validation,3,1,2024-05-01,2024-06-01,1276,chronos,19648.0,19260.3828125
validation,3,2,2024-05-01,2024-07-01,1276,chronos,19632.0,19124.98828125
validation,3,3,2024-05-01,2024-08-01,1276,chronos,19803.0,18980.033203125
validation,3,1,2024-05-01,2024-06-01,1286,chronos,22300.0,21765.5078125
validation,3,2,2024-05-01,2024-07-01,1286,chronos,23099.0,21509.328125
validation,3,3,2024-05-01,2024-08-01,1286,chronos,21734.0,21246.1015625
validation,3,1,2024-05-01,2024-06-01,1289,chronos,20800.0,19398.0078125
validation,3,2,2024-05-01,2024-07-01,1289,chronos,21769.0,19231.265625
validation,3,3,2024-05-01,2024-08-01,1289,chronos,20715.0,19035.556640625
validation,3,1,2024-05-01,2024-06-01,1292,chronos,21132.0,20414.921875
validation,3,2,2024-05-01,2024-07-01,1292,chronos,21859.0,20209.419921875
validation,3,3,2024-05-01,2024-08-01,1292,chronos,21498.0,19974.052734375
validation,3,1,2024-05-01,2024-06-01,1338,chronos,22926.0,21372.09375
validation,3,2,2024-05-01,2024-07-01,1338,chronos,22342.0,21197.015625
validation,3,3,2024-05-01,2024-08-01,1338,chronos,23310.0,20971.791015625
validation,3,1,2024-05-01,2024-06-01,1426,chronos,24919.0,24384.75
validation,3,2,2024-05-01,2024-07-01,1426,chronos,25212.0,24027.396484375
validation,3,3,2024-05-01,2024-08-01,1426,chronos,25984.0,23640.13671875
validation,3,1,2024-05-01,2024-06-01,1443,chronos,45920.0,44288.94921875
validation,3,2,2024-05-01,2024-07-01,1443,chronos,47223.0,43735.1015625
validation,3,3,2024-05-01,2024-08-01,1443,chronos,47939.0,43136.796875
validation,3,1,2024-05-01,2024-06-01,1461,chronos,46682.0,44641.52734375
validation,3,2,2024-05-01,2024-07-01,1461,chronos,47573.0,44076.1953125
validation,3,3,2024-05-01,2024-08-01,1461,chronos,48612.0,43481.34765625
validation,3,1,2024-05-01,2024-06-01,1494,chronos,29749.0,27804.23828125
validation,3,2,2024-05-01,2024-07-01,1494,chronos,30682.0,27550.20703125
validation,3,3,2024-05-01,2024-08-01,1494,chronos,31586.0,27266.056640625
validation,3,1,2024-05-01,2024-06-01,1555,chronos,26266.0,24966.5
validation,3,2,2024-05-01,2024-07-01,1555,chronos,27268.0,24708.626953125
validation,3,3,2024-05-01,2024-08-01,1555,chronos,27756.0,24403.404296875
validation,3,1,2024-05-01,2024-06-01,1573,chronos,25010.0,22446.59765625
validation,3,2,2024-05-01,2024-07-01,1573,chronos,26491.0,22213.86328125
validation,3,3,2024-05-01,2024-08-01,1573,chronos,26258.0,21974.443359375
validation,3,1,2024-05-01,2024-06-01,1577,chronos,30905.0,30055.9140625
validation,3,2,2024-05-01,2024-07-01,1577,chronos,31657.0,29671.818359375
validation,3,3,2024-05-01,2024-08-01,1577,chronos,32053.0,29252.4453125
validation,3,1,2024-05-01,2024-06-01,1746,chronos,18994.0,18230.11328125
validation,3,2,2024-05-01,2024-07-01,1746,chronos,18405.0,18070.203125
validation,3,3,2024-05-01,2024-08-01,1746,chronos,20102.0,17894.013671875
validation,3,1,2024-05-01,2024-06-01,1770,chronos,27165.0,25563.65625
validation,3,2,2024-05-01,2024-07-01,1770,chronos,27155.0,25274.39453125
validation,3,3,2024-05-01,2024-08-01,1770,chronos,27847.0,24948.509765625
validation,3,1,2024-05-01,2024-06-01,1909,chronos,22169.0,20677.208984375
validation,3,2,2024-05-01,2024-07-01,1909,chronos,22946.0,20461.642578125
validation,3,3,2024-05-01,2024-08-01,1909,chronos,21618.0,20217.77734375
validation,3,1,2024-05-01,2024-06-01,1923,chronos,19628.0,17690.875
validation,3,2,2024-05-01,2024-07-01,1923,chronos,17721.0,17638.095703125
validation,3,3,2024-05-01,2024-08-01,1923,chronos,19528.0,17580.373046875
validation,3,1,2024-05-01,2024-06-01,1930,chronos,23584.0,21656.5078125
validation,3,2,2024-05-01,2024-07-01,1930,chronos,23866.0,21395.015625
validation,3,3,2024-05-01,2024-08-01,1930,chronos,24490.0,21099.396484375
validation,3,1,2024-05-01,2024-06-01,1956,chronos,32622.0,31979.33203125
validation,3,2,2024-05-01,2024-07-01,1956,chronos,31096.0,32122.45703125
validation,3,3,2024-05-01,2024-08-01,1956,chronos,32917.0,32119.525390625
validation,3,1,2024-05-01,2024-06-01,1970,chronos,61009.0,53533.1484375
validation,3,2,2024-05-01,2024-07-01,1970,chronos,65354.0,52658.0078125
validation,3,3,2024-05-01,2024-08-01,1970,chronos,63316.0,50982.6640625
validation,3,1,2024-05-01,2024-06-01,2006,chronos,35610.0,33393.21875
validation,3,2,2024-05-01,2024-07-01,2006,chronos,35747.0,32883.53515625
validation,3,3,2024-05-01,2024-08-01,2006,chronos,36529.0,32342.3203125
validation,3,1,2024-05-01,2024-06-01,2061,chronos,22001.0,21718.298828125
validation,3,2,2024-05-01,2024-07-01,2061,chronos,22442.0,21438.48828125
validation,3,3,2024-05-01,2024-08-01,2061,chronos,22520.0,21137.25390625
validation,3,1,2024-05-01,2024-06-01,2062,chronos,28080.0,26931.587890625
validation,3,2,2024-05-01,2024-07-01,2062,chronos,29163.0,26575.43359375
validation,3,3,2024-05-01,2024-08-01,2062,chronos,29024.0,26181.71484375
validation,3,1,2024-05-01,2024-06-01,2066,chronos,25364.0,23417.119140625
validation,3,2,2024-05-01,2024-07-01,2066,chronos,26625.0,23120.677734375
validation,3,3,2024-05-01,2024-08-01,2066,chronos,26061.0,22795.97265625
validation,3,1,2024-05-01,2024-06-01,2078,chronos,18134.0,16861.728515625
validation,3,2,2024-05-01,2024-07-01,2078,chronos,19996.0,16721.380859375
validation,3,3,2024-05-01,2024-08-01,2078,chronos,19420.0,16542.046875
validation,3,1,2024-05-01,2024-06-01,2079,chronos,21503.0,20428.708984375
validation,3,2,2024-05-01,2024-07-01,2079,chronos,22081.0,20102.314453125
validation,3,3,2024-05-01,2024-08-01,2079,chronos,23091.0,19722.65234375
validation,3,1,2024-05-01,2024-06-01,2093,chronos,21026.0,20942.79296875
validation,3,2,2024-05-01,2024-07-01,2093,chronos,21927.0,20623.2734375
validation,3,3,2024-05-01,2024-08-01,2093,chronos,22334.0,20269.40625
validation,3,1,2024-05-01,2024-06-01,2125,chronos,23270.0,22069.033203125
validation,3,2,2024-05-01,2024-07-01,2125,chronos,24752.0,21753.6328125
validation,3,3,2024-05-01,2024-08-01,2125,chronos,24243.0,21422.33203125
validation,3,1,2024-05-01,2024-06-01,2127,chronos,24707.0,22571.451171875
validation,3,2,2024-05-01,2024-07-01,2127,chronos,25547.0,22149.12109375
validation,3,3,2024-05-01,2024-08-01,2127,chronos,25426.0,21773.208984375
validation,3,1,2024-05-01,2024-06-01,2139,chronos,24417.0,22499.7890625
validation,3,2,2024-05-01,2024-07-01,2139,chronos,24975.0,22237.685546875
validation,3,3,2024-05-01,2024-08-01,2139,chronos,24565.0,21951.52734375
validation,3,1,2024-05-01,2024-06-01,2217,chronos,47893.0,43603.87109375
validation,3,2,2024-05-01,2024-07-01,2217,chronos,49368.0,42888.1875
validation,3,3,2024-05-01,2024-08-01,2217,chronos,49128.0,42084.53125
validation,3,1,2024-05-01,2024-06-01,2235,chronos,37627.0,34510.38671875
validation,3,2,2024-05-01,2024-07-01,2235,chronos,37565.0,34094.09765625
validation,3,3,2024-05-01,2024-08-01,2235,chronos,37501.0,33637.6328125
validation,3,1,2024-05-01,2024-06-01,2245,chronos,49992.0,44353.625
validation,3,2,2024-05-01,2024-07-01,2245,chronos,52523.0,43564.04296875
validation,3,3,2024-05-01,2024-08-01,2245,chronos,51739.0,42492.9375
validation,3,1,2024-05-01,2024-06-01,2278,chronos,26523.0,25064.98828125
validation,3,2,2024-05-01,2024-07-01,2278,chronos,26621.0,24770.69921875
validation,3,3,2024-05-01,2024-08-01,2278,chronos,28767.0,24427.234375
validation,3,1,2024-05-01,2024-06-01,2310,chronos,26529.0,25077.923828125
validation,3,2,2024-05-01,2024-07-01,2310,chronos,26912.0,24863.767578125
validation,3,3,2024-05-01,2024-08-01,2310,chronos,28432.0,24606.748046875
validation,3,1,2024-05-01,2024-06-01,2373,chronos,53195.0,51386.60546875
validation,3,2,2024-05-01,2024-07-01,2373,chronos,53847.0,50557.76953125
validation,3,3,2024-05-01,2024-08-01,2373,chronos,54787.0,49692.59375
validation,3,1,2024-05-01,2024-06-01,2395,chronos,38695.0,37167.36328125
validation,3,2,2024-05-01,2024-07-01,2395,chronos,38546.0,36640.85546875
validation,3,3,2024-05-01,2024-08-01,2395,chronos,39804.0,36118.609375
validation,3,1,2024-05-01,2024-06-01,2453,chronos,44292.0,43710.328125
validation,3,2,2024-05-01,2024-07-01,2453,chronos,44684.0,43107.25390625
validation,3,3,2024-05-01,2024-08-01,2453,chronos,45161.0,42471.77734375
validation,3,1,2024-05-01,2024-06-01,2478,chronos,46919.0,45126.66796875
validation,3,2,2024-05-01,2024-07-01,2478,chronos,47512.0,44674.89453125
validation,3,3,2024-05-01,2024-08-01,2478,chronos,48040.0,44188.25
validation,3,1,2024-05-01,2024-06-01,2538,chronos,54677.0,52042.15625
validation,3,2,2024-05-01,2024-07-01,2538,chronos,55583.0,51351.1328125
validation,3,3,2024-05-01,2024-08-01,2538,chronos,56235.0,50618.11328125
validation,3,1,2024-05-01,2024-06-01,2562,chronos,51437.0,48726.7578125
validation,3,2,2024-05-01,2024-07-01,2562,chronos,53037.0,48066.2734375
validation,3,3,2024-05-01,2024-08-01,2562,chronos,53434.0,47357.97265625
validation,3,1,2024-05-01,2024-06-01,2573,chronos,55950.0,53878.3671875
validation,3,2,2024-05-01,2024-07-01,2573,chronos,57826.0,53169.5546875
validation,3,3,2024-05-01,2024-08-01,2573,chronos,58310.0,52389.28125
test,1,1,2024-09-01,2024-10-01,188,chronos,22856.0,21422.7734375
test,1,1,2024-09-01,2024-10-01,235,chronos,24065.0,22964.431640625
test,1,1,2024-09-01,2024-10-01,269,chronos,31460.0,29232.994140625
test,1,1,2024-09-01,2024-10-01,305,chronos,20684.0,19660.876953125
test,1,1,2024-09-01,2024-10-01,312,chronos,46153.0,43666.453125
test,1,1,2024-09-01,2024-10-01,322,chronos,41303.0,43560.44921875
test,1,1,2024-09-01,2024-10-01,324,chronos,32506.0,32611.27734375
test,1,1,2024-09-01,2024-10-01,397,chronos,27743.0,25890.615234375
test,1,1,2024-09-01,2024-10-01,486,chronos,21030.0,19611.30078125
test,1,1,2024-09-01,2024-10-01,506,chronos,34296.0,32054.369140625
test,1,1,2024-09-01,2024-10-01,541,chronos,21066.0,19476.37109375
test,1,1,2024-09-01,2024-10-01,571,chronos,22583.0,21365.17578125
test,1,1,2024-09-01,2024-10-01,581,chronos,35463.0,33010.8125
test,1,1,2024-09-01,2024-10-01,694,chronos,29686.0,27437.880859375
test,1,1,2024-09-01,2024-10-01,811,chronos,28959.0,27267.88671875
test,1,1,2024-09-01,2024-10-01,1053,chronos,25741.0,23378.958984375
test,1,1,2024-09-01,2024-10-01,1110,chronos,31918.0,29789.10546875
test,1,1,2024-09-01,2024-10-01,1112,chronos,27851.0,26580.62890625
test,1,1,2024-09-01,2024-10-01,1120,chronos,22177.0,22287.3984375
test,1,1,2024-09-01,2024-10-01,1184,chronos,34593.0,30430.87109375
test,1,1,2024-09-01,2024-10-01,1238,chronos,34429.0,32535.77734375
test,1,1,2024-09-01,2024-10-01,1254,chronos,28506.0,25403.484375
test,1,1,2024-09-01,2024-10-01,1276,chronos,20025.0,19189.69140625
test,1,1,2024-09-01,2024-10-01,1286,chronos,21871.0,21246.369140625
test,1,1,2024-09-01,2024-10-01,1289,chronos,20454.0,18982.640625
test,1,1,2024-09-01,2024-10-01,1292,chronos,21076.0,19753.9765625
test,1,1,2024-09-01,2024-10-01,1338,chronos,22914.0,21296.5546875
test,1,1,2024-09-01,2024-10-01,1426,chronos,25286.0,24134.609375
test,1,1,2024-09-01,2024-10-01,1443,chronos,47672.0,44570.82421875
test,1,1,2024-09-01,2024-10-01,1461,chronos,47994.0,45322.703125
test,1,1,2024-09-01,2024-10-01,1494,chronos,29725.0,27936.912109375
test,1,1,2024-09-01,2024-10-01,1555,chronos,28211.0,26715.185546875
test,1,1,2024-09-01,2024-10-01,1573,chronos,24762.0,24124.09375
test,1,1,2024-09-01,2024-10-01,1577,chronos,31761.0,29680.892578125
test,1,1,2024-09-01,2024-10-01,1746,chronos,18862.0,17402.71875
test,1,1,2024-09-01,2024-10-01,1763,chronos,17098.0,17696.5703125
test,1,1,2024-09-01,2024-10-01,1770,chronos,27539.0,25754.349609375
test,1,1,2024-09-01,2024-10-01,1909,chronos,21752.0,21422.8515625
test,1,1,2024-09-01,2024-10-01,1923,chronos,20559.0,18141.66796875
test,1,1,2024-09-01,2024-10-01,1930,chronos,24337.0,22166.228515625
test,1,1,2024-09-01,2024-10-01,1956,chronos,31586.0,31490.82421875
test,1,1,2024-09-01,2024-10-01,1970,chronos,58772.0,54788.80859375
test,1,1,2024-09-01,2024-10-01,2006,chronos,35021.0,33686.65234375
test,1,1,2024-09-01,2024-10-01,2061,chronos,22276.0,21574.626953125
test,1,1,2024-09-01,2024-10-01,2062,chronos,28636.0,26863.34375
test,1,1,2024-09-01,2024-10-01,2066,chronos,26811.0,24281.015625
test,1,1,2024-09-01,2024-10-01,2078,chronos,18073.0,17050.66796875
test,1,1,2024-09-01,2024-10-01,2079,chronos,26439.0,20172.34375
test,1,1,2024-09-01,2024-10-01,2093,chronos,21742.0,20376.673828125
test,1,1,2024-09-01,2024-10-01,2125,chronos,22571.0,21782.58984375
test,1,1,2024-09-01,2024-10-01,2127,chronos,24270.0,22646.744140625
test,1,1,2024-09-01,2024-10-01,2139,chronos,24117.0,23021.099609375
test,1,1,2024-09-01,2024-10-01,2217,chronos,45426.0,42298.125
test,1,1,2024-09-01,2024-10-01,2235,chronos,35511.0,33902.57421875
test,1,1,2024-09-01,2024-10-01,2245,chronos,45215.0,43267.94140625
test,1,1,2024-09-01,2024-10-01,2278,chronos,27013.0,25833.6953125
test,1,1,2024-09-01,2024-10-01,2310,chronos,26844.0,26049.572265625
test,1,1,2024-09-01,2024-10-01,2373,chronos,54910.0,51189.91015625
test,1,1,2024-09-01,2024-10-01,2395,chronos,40531.0,36745.69140625
test,1,1,2024-09-01,2024-10-01,2453,chronos,45769.0,43039.30859375
test,1,1,2024-09-01,2024-10-01,2478,chronos,48564.0,45581.4140625
test,1,1,2024-09-01,2024-10-01,2538,chronos,56442.0,52740.921875
test,1,1,2024-09-01,2024-10-01,2562,chronos,53551.0,49819.43359375
test,1,1,2024-09-01,2024-10-01,2573,chronos,58402.0,54700.6796875
test,1,1,2024-10-01,2024-11-01,188,chronos,20266.0,22309.41796875
test,1,1,2024-10-01,2024-11-01,235,chronos,23560.0,23772.84765625
test,1,1,2024-10-01,2024-11-01,269,chronos,32221.0,30710.8359375
test,1,1,2024-10-01,2024-11-01,305,chronos,20928.0,20247.2578125
test,1,1,2024-10-01,2024-11-01,312,chronos,45441.0,45083.796875
test,1,1,2024-10-01,2024-11-01,322,chronos,36654.0,39939.1875
test,1,1,2024-10-01,2024-11-01,324,chronos,30410.0,32400.994140625
test,1,1,2024-10-01,2024-11-01,397,chronos,27685.0,27155.640625
test,1,1,2024-10-01,2024-11-01,486,chronos,20679.0,20430.123046875
test,1,1,2024-10-01,2024-11-01,506,chronos,34082.0,33255.53125
test,1,1,2024-10-01,2024-11-01,541,chronos,21921.0,20411.369140625
test,1,1,2024-10-01,2024-11-01,571,chronos,22311.0,21877.234375
test,1,1,2024-10-01,2024-11-01,581,chronos,34061.0,34113.0859375
test,1,1,2024-10-01,2024-11-01,694,chronos,30860.0,28929.521484375
test,1,1,2024-10-01,2024-11-01,811,chronos,29141.0,28384.935546875
test,1,1,2024-10-01,2024-11-01,1053,chronos,25488.0,24463.271484375
test,1,1,2024-10-01,2024-11-01,1110,chronos,31856.0,31104.578125
test,1,1,2024-10-01,2024-11-01,1112,chronos,28146.0,27388.275390625
test,1,1,2024-10-01,2024-11-01,1120,chronos,23343.0,22424.03515625
test,1,1,2024-10-01,2024-11-01,1184,chronos,34925.0,32016.60546875
test,1,1,2024-10-01,2024-11-01,1238,chronos,34687.0,33782.70703125
test,1,1,2024-10-01,2024-11-01,1254,chronos,26984.0,27192.40625
test,1,1,2024-10-01,2024-11-01,1276,chronos,18688.0,19501.390625
test,1,1,2024-10-01,2024-11-01,1286,chronos,22115.0,21613.10546875
test,1,1,2024-10-01,2024-11-01,1289,chronos,19936.0,19697.46484375
test,1,1,2024-10-01,2024-11-01,1292,chronos,20235.0,20467.296875
test,1,1,2024-10-01,2024-11-01,1338,chronos,22683.0,22033.5
test,1,1,2024-10-01,2024-11-01,1426,chronos,25946.0,24893.419921875
test,1,1,2024-10-01,2024-11-01,1443,chronos,48360.0,46691.265625
test,1,1,2024-10-01,2024-11-01,1461,chronos,48527.0,47146.9296875
test,1,1,2024-10-01,2024-11-01,1494,chronos,29450.0,28808.18359375
test,1,1,2024-10-01,2024-11-01,1555,chronos,28609.0,27803.818359375
test,1,1,2024-10-01,2024-11-01,1573,chronos,24828.0,24333.4765625
test,1,1,2024-10-01,2024-11-01,1577,chronos,32759.0,30836.962890625
test,1,1,2024-10-01,2024-11-01,1746,chronos,18732.0,18139.06640625
test,1,1,2024-10-01,2024-11-01,1763,chronos,18179.0,17267.61328125
test,1,1,2024-10-01,2024-11-01,1770,chronos,26068.0,26685.923828125
test,1,1,2024-10-01,2024-11-01,1909,chronos,22405.0,21500.794921875
test,1,1,2024-10-01,2024-11-01,1923,chronos,20959.0,18822.828125
test,1,1,2024-10-01,2024-11-01,1930,chronos,24248.0,23351.01953125
test,1,1,2024-10-01,2024-11-01,1956,chronos,31964.0,31836.130859375
test,1,1,2024-10-01,2024-11-01,1970,chronos,54514.0,56566.12109375
test,1,1,2024-10-01,2024-11-01,2006,chronos,36137.0,34438.25
test,1,1,2024-10-01,2024-11-01,2061,chronos,23003.0,21932.80859375
test,1,1,2024-10-01,2024-11-01,2062,chronos,28149.0,27928.552734375
test,1,1,2024-10-01,2024-11-01,2066,chronos,25165.0,25605.984375
test,1,1,2024-10-01,2024-11-01,2078,chronos,19518.0,17763.56640625
test,1,1,2024-10-01,2024-11-01,2079,chronos,23111.0,22492.849609375
test,1,1,2024-10-01,2024-11-01,2093,chronos,21839.0,21136.376953125
test,1,1,2024-10-01,2024-11-01,2125,chronos,23957.0,22305.916015625
test,1,1,2024-10-01,2024-11-01,2127,chronos,24629.0,23600.02734375
test,1,1,2024-10-01,2024-11-01,2139,chronos,24305.0,23559.71875
test,1,1,2024-10-01,2024-11-01,2217,chronos,44997.0,44406.7265625
test,1,1,2024-10-01,2024-11-01,2235,chronos,35222.0,34866.703125
test,1,1,2024-10-01,2024-11-01,2245,chronos,43221.0,43311.35546875
test,1,1,2024-10-01,2024-11-01,2278,chronos,27542.0,26530.6953125
test,1,1,2024-10-01,2024-11-01,2310,chronos,27662.0,26476.423828125
test,1,1,2024-10-01,2024-11-01,2373,chronos,55619.0,53706.4765625
test,1,1,2024-10-01,2024-11-01,2395,chronos,40208.0,38763.953125
test,1,1,2024-10-01,2024-11-01,2453,chronos,46785.0,44688.87109375
test,1,1,2024-10-01,2024-11-01,2478,chronos,49192.0,47276.63671875
test,1,1,2024-10-01,2024-11-01,2538,chronos,57137.0,55334.71875
test,1,1,2024-10-01,2024-11-01,2562,chronos,54147.0,52504.8359375
test,1,1,2024-10-01,2024-11-01,2573,chronos,59183.0,57434.59375
test,1,1,2024-11-01,2024-12-01,188,chronos,23808.0,20506.201171875
test,1,1,2024-11-01,2024-12-01,235,chronos,27422.0,23386.892578125
test,1,1,2024-11-01,2024-12-01,269,chronos,37090.0,31617.33203125
test,1,1,2024-11-01,2024-12-01,305,chronos,24746.0,20422.875
test,1,1,2024-11-01,2024-12-01,312,chronos,55604.0,44578.61328125
test,1,1,2024-11-01,2024-12-01,324,chronos,42232.0,30837.740234375
test,1,1,2024-11-01,2024-12-01,397,chronos,31952.0,27303.1484375
test,1,1,2024-11-01,2024-12-01,486,chronos,24695.0,20409.626953125
test,1,1,2024-11-01,2024-12-01,506,chronos,38925.0,33294.03515625
test,1,1,2024-11-01,2024-12-01,541,chronos,25584.0,21038.015625
test,1,1,2024-11-01,2024-12-01,571,chronos,27391.0,21829.71875
test,1,1,2024-11-01,2024-12-01,581,chronos,42782.0,33610.82421875
test,1,1,2024-11-01,2024-12-01,694,chronos,35782.0,29501.08203125
test,1,1,2024-11-01,2024-12-01,811,chronos,34089.0,28831.177734375
test,1,1,2024-11-01,2024-12-01,1053,chronos,29338.0,24813.048828125
test,1,1,2024-11-01,2024-12-01,1110,chronos,36427.0,31265.5546875
test,1,1,2024-11-01,2024-12-01,1112,chronos,34128.0,27722.978515625
test,1,1,2024-11-01,2024-12-01,1120,chronos,29677.0,22953.615234375
test,1,1,2024-11-01,2024-12-01,1184,chronos,43335.0,33221.8671875
test,1,1,2024-11-01,2024-12-01,1238,chronos,41308.0,34223.8984375
test,1,1,2024-11-01,2024-12-01,1254,chronos,33005.0,26272.97265625
test,1,1,2024-11-01,2024-12-01,1276,chronos,22588.0,18903.48828125
test,1,1,2024-11-01,2024-12-01,1286,chronos,25821.0,21804.3046875
test,1,1,2024-11-01,2024-12-01,1289,chronos,24446.0,19609.126953125
test,1,1,2024-11-01,2024-12-01,1292,chronos,23754.0,20138.875
test,1,1,2024-11-01,2024-12-01,1338,chronos,27338.0,22141.1484375
test,1,1,2024-11-01,2024-12-01,1426,chronos,30444.0,25296.4375
test,1,1,2024-11-01,2024-12-01,1443,chronos,57248.0,47632.921875
test,1,1,2024-11-01,2024-12-01,1461,chronos,57342.0,47871.62890625
test,1,1,2024-11-01,2024-12-01,1494,chronos,34823.0,28875.345703125
test,1,1,2024-11-01,2024-12-01,1555,chronos,33875.0,28368.130859375
test,1,1,2024-11-01,2024-12-01,1573,chronos,30528.0,24348.7421875
test,1,1,2024-11-01,2024-12-01,1577,chronos,38335.0,31815.2109375
test,1,1,2024-11-01,2024-12-01,1746,chronos,22026.0,18276.490234375
test,1,1,2024-11-01,2024-12-01,1763,chronos,21201.0,17654.388671875
test,1,1,2024-11-01,2024-12-01,1770,chronos,30467.0,26053.11328125
test,1,1,2024-11-01,2024-12-01,1909,chronos,26630.0,21928.349609375
test,1,1,2024-11-01,2024-12-01,1923,chronos,24147.0,19702.884765625
test,1,1,2024-11-01,2024-12-01,1930,chronos,28331.0,23644.98046875
test,1,1,2024-11-01,2024-12-01,1956,chronos,38444.0,31919.673828125
test,1,1,2024-11-01,2024-12-01,1970,chronos,61261.0,51013.90625
test,1,1,2024-11-01,2024-12-01,2006,chronos,41414.0,35418.74609375
test,1,1,2024-11-01,2024-12-01,2061,chronos,27401.0,22367.6953125
test,1,1,2024-11-01,2024-12-01,2062,chronos,32496.0,27703.47265625
test,1,1,2024-11-01,2024-12-01,2066,chronos,31982.0,24909.2265625
test,1,1,2024-11-01,2024-12-01,2078,chronos,20342.0,18517.15234375
test,1,1,2024-11-01,2024-12-01,2079,chronos,25613.0,22180.7421875
test,1,1,2024-11-01,2024-12-01,2093,chronos,25859.0,21271.3203125
test,1,1,2024-11-01,2024-12-01,2125,chronos,27391.0,23207.2109375
test,1,1,2024-11-01,2024-12-01,2127,chronos,31422.0,24158.19140625
test,1,1,2024-11-01,2024-12-01,2139,chronos,28556.0,23758.8515625
test,1,1,2024-11-01,2024-12-01,2217,chronos,52897.0,44220.55859375
test,1,1,2024-11-01,2024-12-01,2235,chronos,42570.0,34670.3515625
test,1,1,2024-11-01,2024-12-01,2245,chronos,50092.0,41062.08984375
test,1,1,2024-11-01,2024-12-01,2278,chronos,32665.0,26935.04296875
test,1,1,2024-11-01,2024-12-01,2310,chronos,32642.0,26962.591796875
test,1,1,2024-11-01,2024-12-01,2373,chronos,64055.0,54916.71875
test,1,1,2024-11-01,2024-12-01,2395,chronos,45845.0,39407.2109375
test,1,1,2024-11-01,2024-12-01,2453,chronos,53303.0,46073.2734375
test,1,1,2024-11-01,2024-12-01,2478,chronos,56664.0,48332.1328125
test,1,1,2024-11-01,2024-12-01,2538,chronos,65676.0,56562.31640625
test,1,1,2024-11-01,2024-12-01,2562,chronos,63627.0,53497.640625
test,1,1,2024-11-01,2024-12-01,2573,chronos,68936.0,58598.2890625
test,3,1,2024-09-01,2024-10-01,188,chronos,22856.0,21422.7734375
test,3,2,2024-09-01,2024-11-01,188,chronos,20266.0,21135.935546875
test,3,3,2024-09-01,2024-12-01,188,chronos,23808.0,20810.119140625
test,3,1,2024-09-01,2024-10-01,235,chronos,24065.0,22964.431640625
test,3,2,2024-09-01,2024-11-01,235,chronos,23560.0,22800.7109375
test,3,3,2024-09-01,2024-12-01,235,chronos,27422.0,22635.96484375
test,3,1,2024-09-01,2024-10-01,269,chronos,31460.0,29232.994140625
test,3,2,2024-09-01,2024-11-01,269,chronos,32221.0,29056.591796875
test,3,3,2024-09-01,2024-12-01,269,chronos,37090.0,28802.271484375
test,3,1,2024-09-01,2024-10-01,305,chronos,20684.0,19660.876953125
test,3,2,2024-09-01,2024-11-01,305,chronos,20928.0,19564.638671875
test,3,3,2024-09-01,2024-12-01,305,chronos,24746.0,19384.732421875
test,3,1,2024-09-01,2024-10-01,312,chronos,46153.0,43666.453125
test,3,2,2024-09-01,2024-11-01,312,chronos,45441.0,43227.3984375
test,3,3,2024-09-01,2024-12-01,312,chronos,55604.0,42660.90234375
test,3,1,2024-09-01,2024-10-01,322,chronos,41303.0,43560.44921875
test,3,2,2024-09-01,2024-11-01,322,chronos,36654.0,42365.7734375
test,3,1,2024-09-01,2024-10-01,324,chronos,32506.0,32611.27734375
test,3,2,2024-09-01,2024-11-01,324,chronos,30410.0,32226.37109375
test,3,3,2024-09-01,2024-12-01,324,chronos,42232.0,31775.36328125
test,3,1,2024-09-01,2024-10-01,397,chronos,27743.0,25890.615234375
test,3,2,2024-09-01,2024-11-01,397,chronos,27685.0,25715.9765625
test,3,3,2024-09-01,2024-12-01,397,chronos,31952.0,25466.505859375
test,3,1,2024-09-01,2024-10-01,486,chronos,21030.0,19611.30078125
test,3,2,2024-09-01,2024-11-01,486,chronos,20679.0,19461.8046875
test,3,3,2024-09-01,2024-12-01,486,chronos,24695.0,19296.12890625
test,3,1,2024-09-01,2024-10-01,506,chronos,34296.0,32054.369140625
test,3,2,2024-09-01,2024-11-01,506,chronos,34082.0,31893.798828125
test,3,3,2024-09-01,2024-12-01,506,chronos,38925.0,31622.5625
test,3,1,2024-09-01,2024-10-01,541,chronos,21066.0,19476.37109375
test,3,2,2024-09-01,2024-11-01,541,chronos,21921.0,19338.62109375
test,3,3,2024-09-01,2024-12-01,541,chronos,25584.0,19136.888671875
test,3,1,2024-09-01,2024-10-01,571,chronos,22583.0,21365.17578125
test,3,2,2024-09-01,2024-11-01,571,chronos,22311.0,21208.94921875
test,3,3,2024-09-01,2024-12-01,571,chronos,27391.0,21009.080078125
test,3,1,2024-09-01,2024-10-01,581,chronos,35463.0,33010.8125
test,3,2,2024-09-01,2024-11-01,581,chronos,34061.0,32766.33984375
test,3,3,2024-09-01,2024-12-01,581,chronos,42782.0,32457.6953125
test,3,1,2024-09-01,2024-10-01,694,chronos,29686.0,27437.880859375
test,3,2,2024-09-01,2024-11-01,694,chronos,30860.0,27269.150390625
test,3,3,2024-09-01,2024-12-01,694,chronos,35782.0,27038.533203125
test,3,1,2024-09-01,2024-10-01,811,chronos,28959.0,27267.88671875
test,3,2,2024-09-01,2024-11-01,811,chronos,29141.0,27223.611328125
test,3,3,2024-09-01,2024-12-01,811,chronos,34089.0,27052.607421875
test,3,1,2024-09-01,2024-10-01,1053,chronos,25741.0,23378.958984375
test,3,2,2024-09-01,2024-11-01,1053,chronos,25488.0,23381.8984375
test,3,3,2024-09-01,2024-12-01,1053,chronos,29338.0,23329.26171875
test,3,1,2024-09-01,2024-10-01,1110,chronos,31918.0,29789.10546875
test,3,2,2024-09-01,2024-11-01,1110,chronos,31856.0,29525.34765625
test,3,3,2024-09-01,2024-12-01,1110,chronos,36427.0,29164.1328125
test,3,1,2024-09-01,2024-10-01,1112,chronos,27851.0,26580.62890625
test,3,2,2024-09-01,2024-11-01,1112,chronos,28146.0,26417.771484375
test,3,3,2024-09-01,2024-12-01,1112,chronos,34128.0,26187.509765625
test,3,1,2024-09-01,2024-10-01,1120,chronos,22177.0,22287.3984375
test,3,2,2024-09-01,2024-11-01,1120,chronos,23343.0,22140.44140625
test,3,3,2024-09-01,2024-12-01,1120,chronos,29677.0,21929.923828125
test,3,1,2024-09-01,2024-10-01,1184,chronos,34593.0,30430.87109375
test,3,2,2024-09-01,2024-11-01,1184,chronos,34925.0,30037.05078125
test,3,3,2024-09-01,2024-12-01,1184,chronos,43335.0,29589.900390625
test,3,1,2024-09-01,2024-10-01,1238,chronos,34429.0,32535.77734375
test,3,2,2024-09-01,2024-11-01,1238,chronos,34687.0,32381.732421875
test,3,3,2024-09-01,2024-12-01,1238,chronos,41308.0,32104.984375
test,3,1,2024-09-01,2024-10-01,1254,chronos,28506.0,25403.484375
test,3,2,2024-09-01,2024-11-01,1254,chronos,26984.0,25042.8203125
test,3,3,2024-09-01,2024-12-01,1254,chronos,33005.0,24638.470703125
test,3,1,2024-09-01,2024-10-01,1276,chronos,20025.0,19189.69140625
test,3,2,2024-09-01,2024-11-01,1276,chronos,18688.0,19145.25
test,3,3,2024-09-01,2024-12-01,1276,chronos,22588.0,19080.77734375
test,3,1,2024-09-01,2024-10-01,1286,chronos,21871.0,21246.369140625
test,3,2,2024-09-01,2024-11-01,1286,chronos,22115.0,21106.859375
test,3,3,2024-09-01,2024-12-01,1286,chronos,25821.0,20918.42578125
test,3,1,2024-09-01,2024-10-01,1289,chronos,20454.0,18982.640625
test,3,2,2024-09-01,2024-11-01,1289,chronos,19936.0,18929.94140625
test,3,3,2024-09-01,2024-12-01,1289,chronos,24446.0,18808.259765625
test,3,1,2024-09-01,2024-10-01,1292,chronos,21076.0,19753.9765625
test,3,2,2024-09-01,2024-11-01,1292,chronos,20235.0,19678.3125
test,3,3,2024-09-01,2024-12-01,1292,chronos,23754.0,19551.9765625
test,3,1,2024-09-01,2024-10-01,1338,chronos,22914.0,21296.5546875
test,3,2,2024-09-01,2024-11-01,1338,chronos,22683.0,21218.55859375
test,3,3,2024-09-01,2024-12-01,1338,chronos,27338.0,21083.76953125
test,3,1,2024-09-01,2024-10-01,1426,chronos,25286.0,24134.609375
test,3,2,2024-09-01,2024-11-01,1426,chronos,25946.0,23908.333984375
test,3,3,2024-09-01,2024-12-01,1426,chronos,30444.0,23622.607421875
test,3,1,2024-09-01,2024-10-01,1443,chronos,47672.0,44570.82421875
test,3,2,2024-09-01,2024-11-01,1443,chronos,48360.0,44398.1171875
test,3,3,2024-09-01,2024-12-01,1443,chronos,57248.0,44075.77734375
test,3,1,2024-09-01,2024-10-01,1461,chronos,47994.0,45322.703125
test,3,2,2024-09-01,2024-11-01,1461,chronos,48527.0,45126.578125
test,3,3,2024-09-01,2024-12-01,1461,chronos,57342.0,44802.5546875
test,3,1,2024-09-01,2024-10-01,1494,chronos,29725.0,27936.912109375
test,3,2,2024-09-01,2024-11-01,1494,chronos,29450.0,27750.810546875
test,3,3,2024-09-01,2024-12-01,1494,chronos,34823.0,27507.71484375
test,3,1,2024-09-01,2024-10-01,1555,chronos,28211.0,26715.185546875
test,3,2,2024-09-01,2024-11-01,1555,chronos,28609.0,26587.26171875
test,3,3,2024-09-01,2024-12-01,1555,chronos,33875.0,26363.890625
test,3,1,2024-09-01,2024-10-01,1573,chronos,24762.0,24124.09375
test,3,2,2024-09-01,2024-11-01,1573,chronos,24828.0,23938.578125
test,3,3,2024-09-01,2024-12-01,1573,chronos,30528.0,23698.1796875
test,3,1,2024-09-01,2024-10-01,1577,chronos,31761.0,29680.892578125
test,3,2,2024-09-01,2024-11-01,1577,chronos,32759.0,29514.9140625
test,3,3,2024-09-01,2024-12-01,1577,chronos,38335.0,29271.927734375
test,3,1,2024-09-01,2024-10-01,1746,chronos,18862.0,17402.71875
test,3,2,2024-09-01,2024-11-01,1746,chronos,18732.0,17393.16796875
test,3,3,2024-09-01,2024-12-01,1746,chronos,22026.0,17372.72265625
test,3,1,2024-09-01,2024-10-01,1763,chronos,17098.0,17696.5703125
test,3,2,2024-09-01,2024-11-01,1763,chronos,18179.0,17542.451171875
test,3,3,2024-09-01,2024-12-01,1763,chronos,21201.0,17384.314453125
test,3,1,2024-09-01,2024-10-01,1770,chronos,27539.0,25754.349609375
test,3,2,2024-09-01,2024-11-01,1770,chronos,26068.0,25560.1484375
test,3,3,2024-09-01,2024-12-01,1770,chronos,30467.0,25327.63671875
test,3,1,2024-09-01,2024-10-01,1909,chronos,21752.0,21422.8515625
test,3,2,2024-09-01,2024-11-01,1909,chronos,22405.0,21316.306640625
test,3,3,2024-09-01,2024-12-01,1909,chronos,26630.0,21142.01953125
test,3,1,2024-09-01,2024-10-01,1923,chronos,20559.0,18141.66796875
test,3,2,2024-09-01,2024-11-01,1923,chronos,20959.0,18066.8359375
test,3,3,2024-09-01,2024-12-01,1923,chronos,24147.0,18025.45703125
test,3,1,2024-09-01,2024-10-01,1930,chronos,24337.0,22166.228515625
test,3,2,2024-09-01,2024-11-01,1930,chronos,24248.0,21904.9921875
test,3,3,2024-09-01,2024-12-01,1930,chronos,28331.0,21597.955078125
test,3,1,2024-09-01,2024-10-01,1956,chronos,31586.0,31490.82421875
test,3,2,2024-09-01,2024-11-01,1956,chronos,31964.0,31678.97265625
test,3,3,2024-09-01,2024-12-01,1956,chronos,38444.0,31761.701171875
test,3,1,2024-09-01,2024-10-01,1970,chronos,58772.0,54788.80859375
test,3,2,2024-09-01,2024-11-01,1970,chronos,54514.0,53517.125
test,3,3,2024-09-01,2024-12-01,1970,chronos,61261.0,52074.39453125
test,3,1,2024-09-01,2024-10-01,2006,chronos,35021.0,33686.65234375
test,3,2,2024-09-01,2024-11-01,2006,chronos,36137.0,33480.4375
test,3,3,2024-09-01,2024-12-01,2006,chronos,41414.0,33182.98828125
test,3,1,2024-09-01,2024-10-01,2061,chronos,22276.0,21574.626953125
test,3,2,2024-09-01,2024-11-01,2061,chronos,23003.0,21448.099609375
test,3,3,2024-09-01,2024-12-01,2061,chronos,27401.0,21291.779296875
test,3,1,2024-09-01,2024-10-01,2062,chronos,28636.0,26863.34375
test,3,2,2024-09-01,2024-11-01,2062,chronos,28149.0,26615.9765625
test,3,3,2024-09-01,2024-12-01,2062,chronos,32496.0,26320.263671875
test,3,1,2024-09-01,2024-10-01,2066,chronos,26811.0,24281.015625
test,3,2,2024-09-01,2024-11-01,2066,chronos,25165.0,24055.078125
test,3,3,2024-09-01,2024-12-01,2066,chronos,31982.0,23763.2109375
test,3,1,2024-09-01,2024-10-01,2078,chronos,18073.0,17050.66796875
test,3,2,2024-09-01,2024-11-01,2078,chronos,19518.0,16908.880859375
test,3,3,2024-09-01,2024-12-01,2078,chronos,20342.0,16704.92578125
test,3,1,2024-09-01,2024-10-01,2079,chronos,26439.0,20172.34375
test,3,2,2024-09-01,2024-11-01,2079,chronos,23111.0,20008.31640625
test,3,3,2024-09-01,2024-12-01,2079,chronos,25613.0,19781.826171875
test,3,1,2024-09-01,2024-10-01,2093,chronos,21742.0,20376.673828125
test,3,2,2024-09-01,2024-11-01,2093,chronos,21839.0,20109.3671875
test,3,3,2024-09-01,2024-12-01,2093,chronos,25859.0,19827.544921875
test,3,1,2024-09-01,2024-10-01,2125,chronos,22571.0,21782.58984375
test,3,2,2024-09-01,2024-11-01,2125,chronos,23957.0,21580.80859375
test,3,3,2024-09-01,2024-12-01,2125,chronos,27391.0,21302.69921875
test,3,1,2024-09-01,2024-10-01,2127,chronos,24270.0,22646.744140625
test,3,2,2024-09-01,2024-11-01,2127,chronos,24629.0,22386.98828125
test,3,3,2024-09-01,2024-12-01,2127,chronos,31422.0,22105.380859375
test,3,1,2024-09-01,2024-10-01,2139,chronos,24117.0,23021.099609375
test,3,2,2024-09-01,2024-11-01,2139,chronos,24305.0,22891.921875
test,3,3,2024-09-01,2024-12-01,2139,chronos,28556.0,22684.701171875
test,3,1,2024-09-01,2024-10-01,2217,chronos,45426.0,42298.125
test,3,2,2024-09-01,2024-11-01,2217,chronos,44997.0,41877.484375
test,3,3,2024-09-01,2024-12-01,2217,chronos,52897.0,41347.27734375
test,3,1,2024-09-01,2024-10-01,2235,chronos,35511.0,33902.57421875
test,3,2,2024-09-01,2024-11-01,2235,chronos,35222.0,33679.9453125
test,3,3,2024-09-01,2024-12-01,2235,chronos,42570.0,33380.19921875
test,3,1,2024-09-01,2024-10-01,2245,chronos,45215.0,43267.94140625
test,3,2,2024-09-01,2024-11-01,2245,chronos,43221.0,42016.3984375
test,3,3,2024-09-01,2024-12-01,2245,chronos,50092.0,40907.23046875
test,3,1,2024-09-01,2024-10-01,2278,chronos,27013.0,25833.6953125
test,3,2,2024-09-01,2024-11-01,2278,chronos,27542.0,25610.041015625
test,3,3,2024-09-01,2024-12-01,2278,chronos,32665.0,25311.9921875
test,3,1,2024-09-01,2024-10-01,2310,chronos,26844.0,26049.572265625
test,3,2,2024-09-01,2024-11-01,2310,chronos,27662.0,25920.33984375
test,3,3,2024-09-01,2024-12-01,2310,chronos,32642.0,25731.35546875
test,3,1,2024-09-01,2024-10-01,2373,chronos,54910.0,51189.91015625
test,3,2,2024-09-01,2024-11-01,2373,chronos,55619.0,50799.5234375
test,3,3,2024-09-01,2024-12-01,2373,chronos,64055.0,50310.44921875
test,3,1,2024-09-01,2024-10-01,2395,chronos,40531.0,36745.69140625
test,3,2,2024-09-01,2024-11-01,2395,chronos,40208.0,36472.0078125
test,3,3,2024-09-01,2024-12-01,2395,chronos,45845.0,36164.3125
test,3,1,2024-09-01,2024-10-01,2453,chronos,45769.0,43039.30859375
test,3,2,2024-09-01,2024-11-01,2453,chronos,46785.0,42803.16796875
test,3,3,2024-09-01,2024-12-01,2453,chronos,53303.0,42471.140625
test,3,1,2024-09-01,2024-10-01,2478,chronos,48564.0,45581.4140625
test,3,2,2024-09-01,2024-11-01,2478,chronos,49192.0,45397.6796875
test,3,3,2024-09-01,2024-12-01,2478,chronos,56664.0,45103.578125
test,3,1,2024-09-01,2024-10-01,2538,chronos,56442.0,52740.921875
test,3,2,2024-09-01,2024-11-01,2538,chronos,57137.0,52465.6171875
test,3,3,2024-09-01,2024-12-01,2538,chronos,65676.0,52039.1640625
test,3,1,2024-09-01,2024-10-01,2562,chronos,53551.0,49819.43359375
test,3,2,2024-09-01,2024-11-01,2562,chronos,54147.0,49501.7578125
test,3,3,2024-09-01,2024-12-01,2562,chronos,63627.0,49050.6171875
test,3,1,2024-09-01,2024-10-01,2573,chronos,58402.0,54700.6796875
test,3,2,2024-09-01,2024-11-01,2573,chronos,59183.0,54521.46484375
test,3,3,2024-09-01,2024-12-01,2573,chronos,68936.0,54124.7421875
